-- MySQL dump 10.13  Distrib 8.0.18, for Linux (x86_64)
--
-- Host: localhost    Database: gams
-- ------------------------------------------------------
-- Server version	8.0.18

/*!40101 SET @OLD_CHARACTER_SET_CLIENT=@@CHARACTER_SET_CLIENT */;
/*!40101 SET @OLD_CHARACTER_SET_RESULTS=@@CHARACTER_SET_RESULTS */;
/*!40101 SET @OLD_COLLATION_CONNECTION=@@COLLATION_CONNECTION */;
/*!50503 SET NAMES utf8mb4 */;
/*!40103 SET @OLD_TIME_ZONE=@@TIME_ZONE */;
/*!40103 SET TIME_ZONE='+00:00' */;
/*!40014 SET @OLD_UNIQUE_CHECKS=@@UNIQUE_CHECKS, UNIQUE_CHECKS=0 */;
/*!40014 SET @OLD_FOREIGN_KEY_CHECKS=@@FOREIGN_KEY_CHECKS, FOREIGN_KEY_CHECKS=0 */;
/*!40101 SET @OLD_SQL_MODE=@@SQL_MODE, SQL_MODE='NO_AUTO_VALUE_ON_ZERO' */;
/*!40111 SET @OLD_SQL_NOTES=@@SQL_NOTES, SQL_NOTES=0 */;

--
-- Table structure for table `Asset`
--

DROP TABLE IF EXISTS `Asset`;
/*!40101 SET @saved_cs_client     = @@character_set_client */;
/*!50503 SET character_set_client = utf8mb4 */;
CREATE TABLE `Asset` (
  `asset_id` int(11) NOT NULL AUTO_INCREMENT COMMENT 'id của tài sản',
  `asset_code` varchar(45) CHARACTER SET utf8mb4 COLLATE utf8mb4_0900_ai_ci NOT NULL COMMENT 'asset code',
  `asset_name` varchar(800) CHARACTER SET utf8mb4 COLLATE utf8mb4_0900_ai_ci NOT NULL COMMENT 'asset name',
  `asset_type_id` int(11) NOT NULL COMMENT 'asset type',
  `asset_group` int(11) NOT NULL,
  `site_id` int(11) DEFAULT NULL,
  `purchasing_id` int(11) DEFAULT NULL,
  `cia_id` varchar(36) DEFAULT NULL,
  `unit` varchar(20) DEFAULT NULL,
  `notes` varchar(600) DEFAULT NULL,
  `status` tinyint(2) DEFAULT NULL,
  `assignee` varchar(45) DEFAULT NULL,
  `from_date` datetime DEFAULT NULL,
  `to_date` datetime DEFAULT NULL,
  `logic_add` varchar(250) DEFAULT NULL,
  `physical_add` varchar(250) DEFAULT NULL,
  `created_date` datetime DEFAULT NULL,
  `user` varchar(250) DEFAULT NULL,
  `dispose_date` datetime DEFAULT NULL,
  `created_user` varchar(45) DEFAULT NULL,
  `updated_date` timestamp NULL DEFAULT NULL,
  `updated_user` varchar(45) DEFAULT NULL,
  PRIMARY KEY (`asset_id`),
  UNIQUE KEY `asset_code_UNIQUE` (`asset_code`),
  KEY `aset_cia_fk_idx` (`cia_id`),
  KEY `asset_purchasing_fk_idx` (`purchasing_id`),
  KEY `asset_id_idx` (`asset_id`),
  KEY `asset_asset_grp_fk_idx` (`asset_type_id`),
  KEY `asset_employee_fk_idx` (`assignee`),
  KEY `asset_site_fk_idx` (`site_id`),
  CONSTRAINT `asset_asset_grp_fk` FOREIGN KEY (`asset_type_id`) REFERENCES `Asset_Group` (`id`),
  CONSTRAINT `asset_employee_fk` FOREIGN KEY (`assignee`) REFERENCES `Employee` (`user_name`),
  CONSTRAINT `asset_purchasing_fk` FOREIGN KEY (`purchasing_id`) REFERENCES `Purchasing` (`id`),
  CONSTRAINT `asset_site_fk` FOREIGN KEY (`site_id`) REFERENCES `Site` (`site_id`)
) ENGINE=InnoDB AUTO_INCREMENT=993 DEFAULT CHARSET=utf8mb4 COLLATE=utf8mb4_0900_ai_ci;
/*!40101 SET character_set_client = @saved_cs_client */;

--
-- Dumping data for table `Asset`
--

LOCK TABLES `Asset` WRITE;
/*!40000 ALTER TABLE `Asset` DISABLE KEYS */;
INSERT INTO `Asset` VALUES (1,'2019CAME001','X- Bảng từ di động có chân 1 mặt 1D03 N1224T200',1,2,NULL,1,'64661cfa-dfad-472c-9685-4b9167db3cd3','Chiếc','Tầng 8',3,'tqvinh','2020-01-07 09:44:03','2020-01-15 09:44:03',NULL,NULL,NULL,NULL,NULL,NULL,'2020-01-20 16:37:33','mhduong'),(2,'2019CAME007','Bảng từ trắng 1/2m*0/8cm',1,2,NULL,1,'44ccc5bb-ca31-4744-941d-bd9a94d28af2','Chiếc','Nhập từ Csoft',2,'hvphuong','2020-01-07 09:44:03','2020-01-30 00:00:00',NULL,NULL,NULL,NULL,NULL,NULL,'2020-01-20 16:37:33','mhduong'),(3,'2017BANG003','Bảng từ trắng 1/2m*0/8cm',1,1,NULL,1,'85d41269-4e23-4b8d-910e-c9ab226cb87c','Chiếc','',3,'hvphuong','2020-01-07 09:44:03','2020-01-21 09:44:03',NULL,NULL,NULL,NULL,NULL,NULL,'2020-01-20 16:37:33','mhduong'),(4,'2017BANG004','Bảng từ trắng 1/2m*0/8cm',1,1,2,1,'4fcb9145-9117-4612-bade-1079e6035638','Chiếc','',0,'tqvinh','2020-01-31 16:04:22',NULL,NULL,NULL,NULL,NULL,NULL,NULL,'2020-01-31 21:04:22','mhduong'),(5,'2017BANG005','Bảng từ trắng 1/2m*0/8cm của Phương',1,1,1,1,'451cfbbd-0b0c-4625-b987-74c5f5405250','Chiếc','',0,'tqvinh','2020-02-03 10:54:07',NULL,NULL,NULL,NULL,NULL,NULL,NULL,'2020-02-03 15:54:07','mhduong'),(6,'2017BANG006','Bảng từ trắng chân di động m2xm8',1,1,1,1,'3a998fc5-b20e-41ec-95ca-fe8e76246980','Chiếc','',4,'tqvinh',NULL,NULL,NULL,NULL,NULL,NULL,NULL,NULL,NULL,NULL),(7,'2017BANG007','Bảng từ trắng chân di động m2xm8',1,1,1,1,'afdbef85-c64d-4ad6-ba13-0c4189a8bcd4','Chiếc','',1,'mhduong','2020-01-07 09:44:03','2020-01-07 09:44:03',NULL,NULL,NULL,NULL,NULL,NULL,NULL,NULL),(8,'2017BANG008','Bảng từ trắng kích thươc 1.2m x 1.8m',1,1,1,1,NULL,'Chiếc','',0,'tqvinh','2020-01-10 19:04:42',NULL,NULL,NULL,NULL,NULL,NULL,NULL,NULL,NULL),(9,'2017BANG009','Bảng từ trắng 1/2m*0/8cm',1,1,1,1,NULL,'Chiếc','',0,'tqvinh','2020-01-10 08:03:22',NULL,NULL,NULL,NULL,NULL,NULL,NULL,NULL,NULL),(10,'2017DEMT001','Máy đếm xiền',1,15,13,1,'8d48c79f-f3ff-4fbb-8559-958f77b1ffcf','Chiếc','',0,'ntly','2020-02-10 17:40:56',NULL,NULL,NULL,NULL,NULL,NULL,NULL,'2020-02-10 22:40:56','mhduong'),(11,'2017KET-001','Két hòa phát KS250K2C1',1,6,2,1,NULL,'Chiếc','',0,'tqvinh','2020-01-31 15:31:41',NULL,NULL,NULL,NULL,NULL,NULL,NULL,'2020-01-31 20:31:42','mhduong'),(12,'2017KET-002','Két sắt Hòa Phát KS50 N',1,6,1,1,NULL,'Chiếc','',1,'ldhai','2019-12-20 04:27:06',NULL,NULL,NULL,NULL,NULL,NULL,NULL,NULL,NULL),(13,'2017LAP-001','Máy tính xách tay LENOVO IDEAPAD 710S-13IKB/ core I5- 7200U/ 4GD3/ 256GSSD_PCIE/13.3FHD/IPS/4C46/ALU/VÀNG/W10SL/LED_KB',1,7,1,1,'8f56ccf7-72a8-4642-9a30-e5c069a6be60','Chiếc','',0,'tqvinh','2020-01-21 10:32:37',NULL,NULL,NULL,NULL,NULL,NULL,NULL,'2020-01-21 15:32:37','mhduong'),(14,'2017LAP-002','Máy tính xách tay Dell Inspiron 5459 / Black/ Intel Skylake Core i7-6500U / Ram 8GB/ HDD 1000GB/ 14inch',1,7,1,1,NULL,'Chiếc','',1,'nttrang1',NULL,'2019-12-18 00:00:00',NULL,NULL,NULL,NULL,NULL,NULL,NULL,NULL),(15,'2017LAP-003','Máy tính xách tay Dell Inspiron 5459 / Black/ Intel Skylake Core i7-6500U / Ram 8GB/ HDD 1000GB/ 14inch',1,7,6,1,'5010642b-c868-49bc-9d82-e7770f1f7574','Chiếc','',1,'nthung','2020-01-21 04:04:20',NULL,NULL,NULL,NULL,NULL,NULL,NULL,'2020-01-21 19:52:27','mhduong'),(16,'2017LAP-004','Máy tính xách tay Dell Inspiron 5459 / Black/ Intel Skylake Core i7-6500U / Ram 8GB/ HDD 1000GB/ 14inch',1,7,1,1,'07aaa27f-c8dc-4472-b01f-87b522475b98','Chiếc','bác Ram sử dụng',6,'ttqminh','2020-01-16 02:51:36','2020-01-31 02:51:52',NULL,NULL,NULL,NULL,NULL,NULL,'2020-01-20 16:37:33','mhduong'),(17,'2017LAP-005','Máy tính xách tay Apple Macbook pro MLU02/ core i5/ Ram 8GB/ SSD 256 GB/ Retina 13/3 inch',1,7,1,1,NULL,'Chiếc','',1,'tvhung11',NULL,'2019-12-19 00:00:00',NULL,NULL,NULL,NULL,NULL,NULL,NULL,NULL),(18,'2017LAP-006','Máy tính xách tay Dell Inspiron 5459 / Black/ Intel Skylake Core i7-6500U / Ram 8GB/ HDD 1000GB/ 14inch',1,7,1,1,NULL,'Chiếc','',1,'lttthuy',NULL,'2019-12-17 00:00:00',NULL,NULL,NULL,NULL,NULL,NULL,NULL,NULL),(19,'2017LAP-007','MTXT Lenovo Thinkpad T440p (20ANS00600) Intel Core i5-4200M (2.5GHz/3MB)/ 4GB + Ram 8Gb/ 500GB HDD/Intel HD Graphics 4400/ 14 HD WLED/DVDRW (đã tháo 1 thanh ram 4GB chuyển vào kho Hành Chính)',1,7,1,1,NULL,'Chiếc','Thêm ram 8Gb tháng 10.2016',0,'tqvinh',NULL,NULL,NULL,NULL,NULL,NULL,NULL,NULL,NULL,NULL),(20,'2017LAP-009','Lenovo Thinkpad T440/Core I 5/4gb x 2 thanh/500gb)',1,7,13,1,'8bc15b7b-02ad-4fe4-9ac3-5661aa85dccf','Chiếc','',1,'ntly','2020-02-11 03:38:30','2020-02-20 03:39:32',NULL,NULL,NULL,NULL,NULL,NULL,'2020-02-11 15:40:58','mhduong'),(21,'2017LAP-010','Lenovo Thinkpad T450/Core i5/ ram4gb/ HDD 500GB/M2 SSD sata 128GB',1,7,13,1,'d3f59e41-895f-429b-8a69-b7e2bb63dba8','Chiếc','Dự phòng cho IBM',6,'ndvan','2020-02-11 06:02:32',NULL,NULL,NULL,NULL,NULL,NULL,NULL,'2020-02-11 18:04:34','mhduong'),(22,'2017LAP-011','Lenovo Thinkpad T450/Core i5/ ram4gb/ HDD 500GB/M2 SSD sata 128GB',1,7,1,1,NULL,'Chiếc','Thêm M2 SSD',1,'tvhung11',NULL,NULL,NULL,NULL,NULL,NULL,NULL,NULL,NULL,NULL),(23,'2017LAP-012','Máy tính xách tay Lenovo Thinkpad T430 (2347CT0) Intel i5-3230M (2.6GHz/3MB)/ 4GB DDR3 x 2 thanh/ 500GB HDD/Intel HD Graphics/ 14 WXGA LED',1,7,1,1,NULL,'Chiếc','',3,'ductn',NULL,NULL,NULL,NULL,NULL,NULL,NULL,NULL,NULL,NULL),(24,'2017LAP-013','Máy tính xách tay Lenovo Thinkpad T430 (2347CT0) Intel i5-3230M (2.6GHz/3MB)/ 4GB DDR3 x 2 thanh/ 500GB HDD/Intel HD Graphics/ 14 WXGA LED kèm 2017LAp-013-LK',1,7,1,1,NULL,'Chiếc','',1,'mhduong',NULL,NULL,NULL,NULL,NULL,NULL,NULL,NULL,NULL,NULL),(25,'2017LAP-014','Máy tính xách tay Lenovo Thinkpad T430 (2347CT0) Intel i5-3230M (2.6GHz/3MB)/ 4GB DDR3 x 2 thanh/ 500GB HDD/Intel HD Graphics/ 14 WXGA LED',1,7,1,1,NULL,'Chiếc','',1,'mhduong',NULL,NULL,NULL,NULL,NULL,NULL,NULL,NULL,NULL,NULL),(26,'2017LAP-015','Lenovo Thinkpad T440/Core I 5/ Ram 4gb+ Ram 8GB/ HDD 500gb)',1,7,1,1,NULL,'Chiếc','Thêm ram 8Gb tháng 10.2016',1,'mhduong',NULL,NULL,NULL,NULL,NULL,NULL,NULL,NULL,NULL,NULL),(27,'2017LAP-016','Máy tính xách tay HP 15-av169TX/ Tuurbo silver/ Core i7-7500U/ Ram 8GB DDR4 x2 thanh/ SSD 256GB/ VGA 2GB AMD radeon R7 M340 graphics/ 15/6 inch',1,7,1,1,NULL,'Chiếc','',1,'mhduong',NULL,NULL,NULL,NULL,NULL,NULL,NULL,NULL,NULL,NULL),(28,'2017LAP-017','Máy tính xách tay Acer TMP248-M-75V1/core i7-6500U/ Ram 8GB/ SSD 256GB',1,7,1,1,NULL,'Chiếc','',1,'nthuyen',NULL,NULL,NULL,NULL,NULL,NULL,NULL,NULL,NULL,NULL),(29,'2020TELE004','Máy tính xách tay Acer TMP248-M-75V1/core i7-6500U/ Ram 8GB/ SSD 256GB',1,4,2,1,'1a4ac781-4303-4615-8216-5dd92c59c20e','Chiếc','',0,'tqvinh','2020-02-03 13:54:21',NULL,NULL,NULL,NULL,NULL,NULL,NULL,'2020-02-03 18:54:21','mhduong'),(30,'2017LAP-019','Máy tính xách tay Acer TMP248-M-75V1/core i7-6500U/ Ram 8GB/ SSD 256GB',1,7,1,1,NULL,'Chiếc','',0,'tqvinh','2020-01-10 02:23:27',NULL,NULL,NULL,NULL,NULL,NULL,NULL,NULL,NULL),(31,'2017LAP-020','Máy tính xách tay HP 15-av169TX/ turbo silver/ core i7-7500/ Ram 8GB/ SSD 256GB/ vga 2Gb amd/ 15/6 inch',1,7,1,1,NULL,'Chiếc','',1,'pdtanh',NULL,NULL,NULL,NULL,NULL,NULL,NULL,NULL,NULL,NULL),(32,'2017LAP-021','máy tính xách tay Acer TMP248-M-7735 core i7-6500U/ ram 8gb/ SSD 256 GB/ 14 inch',1,7,1,1,NULL,'Chiếc','MANG ĐI HÀN',1,'vkhung',NULL,NULL,NULL,NULL,NULL,NULL,NULL,NULL,NULL,NULL),(33,'2017LAP-022','Macbook Pro 1333Mhz DDRIII 2x2GB,320GB HDD, Intel HD Graphics 3000 with 384MB DDR (DVDRW)',1,7,1,1,NULL,'Chiếc','',3,'ductn',NULL,NULL,NULL,NULL,NULL,NULL,NULL,NULL,NULL,NULL),(34,'2017LAP-023','Lenovo IdeaPad 300-14ISK core i7-6500U/Ram 8GB/SSD 256GB/14 inch',1,7,1,1,NULL,'Chiếc','',1,'ptthanh2',NULL,NULL,NULL,NULL,NULL,NULL,NULL,NULL,NULL,NULL),(35,'2017LAP-024','Máy tính xách tay HP 15-av169TX/ Tuurbo silver/ Core i7-7500U/ Ram 8GB DDR4/ SSD 256GB/ VGA 2GB AMD radeon R7 M340 graphics/ 15/6 inch',1,7,1,1,NULL,'Chiếc','',1,'nkdung',NULL,NULL,NULL,NULL,NULL,NULL,NULL,NULL,NULL,NULL),(36,'2017LAP-025','Ultrabook Acer Aspire S3-371 core i3-2375M 1.5Ghz/ 4GB DDR3/HDD320GB SATA',1,7,1,1,NULL,'Chiếc','',0,'tqvinh',NULL,NULL,NULL,NULL,NULL,NULL,NULL,NULL,NULL,NULL),(37,'2017LAP-026','Lenovo Thinkpad T450/Core i5-4300U/4gb x 2 thanh/500gb/14 inch',1,7,1,1,NULL,'Chiếc','',1,'dbhung',NULL,NULL,NULL,NULL,NULL,NULL,NULL,NULL,NULL,NULL),(38,'2017LAP-028','Máy tính xách tay Dell INS 14-3421 core i5-3337U/ RAM6GB/HDD 750GB/DVDRW + DL, 14\"',1,7,1,1,NULL,'Chiếc','',0,'tqvinh',NULL,NULL,NULL,NULL,NULL,NULL,NULL,NULL,NULL,NULL),(39,'2017LAP-030','Apple Macbook Asr MjVG2ZP/A, 15 (DC) 1,6 GHz/4GB/256 GB/13.3',1,7,1,1,NULL,'Chiếc','',0,'tqvinh',NULL,NULL,NULL,NULL,NULL,NULL,NULL,NULL,NULL,NULL),(40,'2020-LK-002','RAM DD3',1,28,1,1,'fc443af8-a268-4f0a-bf0c-3f61d21ddada','Chiếc','note',6,'ndvan','2020-01-14 03:50:48',NULL,'logic add','Physical Add','2019-12-23 00:00:00','ndvan','2019-12-31 00:00:00',NULL,'2020-01-20 16:37:33','mhduong'),(41,'2017LAP-032','Máy tính xách tay Acer TMP248-M-75V1/core i7-6500U/ Ram 8GB/ SSD 256GB',1,7,1,1,NULL,'Chiếc','',1,'nmhanh',NULL,NULL,NULL,NULL,NULL,NULL,NULL,NULL,NULL,NULL),(42,'2017LAP-034','Dell ins 3559/core i5-6200U/8GB/500GB/15/6 inch',1,7,1,1,NULL,'Chiếc','',1,'mhduong',NULL,NULL,NULL,NULL,NULL,NULL,NULL,NULL,NULL,NULL),(43,'2017LAP-035','Lap Dell 5447/ core i5/ Ram 8gB/ HDD 1TB',1,7,1,1,NULL,'Chiếc','Dự án VPBank',1,'ntbang',NULL,NULL,NULL,NULL,NULL,NULL,NULL,NULL,NULL,NULL),(44,'2017LAP-036','Dell ins 3559/core i5-6200U/8GB/500GB/15/6 inch',1,7,1,1,NULL,'Chiếc','',1,'ntnanh2',NULL,NULL,NULL,NULL,NULL,NULL,NULL,NULL,NULL,NULL),(45,'2017LAP-037','Dell ins 3559/core i5-6200U/8GB/500GB/15/6 inch',1,7,1,1,NULL,'Chiếc','',1,'thtung',NULL,NULL,NULL,NULL,NULL,NULL,NULL,NULL,NULL,NULL),(46,'2017LAP-038','Laptop Acer Aspire V5-171-32362G32ass (NX.M3ASV.001)- CPU: Intel® Core™ i3-2367M (3M Cache/ 1.4 GHz)- RAM 2GB DDR3 + ram 4GB/320GB SATA HDD- Màn hình: 11.6\" LED Backlit',1,7,1,1,'5ea5db02-3205-48a3-a29a-445d4f113638','Chiếc','',1,'hvphuong',NULL,'2020-01-30 00:00:00',NULL,NULL,NULL,NULL,NULL,NULL,NULL,NULL),(47,'2017LAP-040','Máy tính xách tay Lenovo ideapad 310-14ISK/ Core i5-6200U/ Ram 8GB/ HDD 500GB/ 14 inch',1,7,1,1,NULL,'Chiếc','',3,'ductn',NULL,NULL,NULL,NULL,NULL,NULL,NULL,NULL,NULL,NULL),(48,'2017LAP-041','HP probook 440G2/ i5-5200U/4GB/500GB/free dos',1,7,1,1,NULL,'Chiếc','đầu tư OSD2',1,'ntanh11',NULL,NULL,NULL,NULL,NULL,NULL,NULL,NULL,NULL,NULL),(49,'2017LAP-042','Lenovo IdeaPad 300-14ISK core i7-6500U/Ram 8GB/SSD 240GB/14 inch',1,7,1,1,NULL,'Chiếc','',1,'tvtrang',NULL,NULL,NULL,NULL,NULL,NULL,NULL,NULL,NULL,NULL),(50,'2017LAP-043','HP probook 440 G3/core i5-6200U/4GB/500GB/14 inch',1,7,1,1,NULL,'Chiếc','',0,'tqvinh',NULL,NULL,NULL,NULL,NULL,NULL,NULL,NULL,NULL,NULL),(51,'2017LAP-044','Notebook Sony Vaio VPC Z133GX/B Intel Core i5-460M413Ghz/RAM4GB DDR3/Window 7',1,7,2,1,'e6954dba-143f-40f4-a173-286045b1d71a','Chiếc','',0,'tqvinh','2020-01-31 16:04:22',NULL,NULL,NULL,NULL,NULL,NULL,NULL,'2020-01-31 21:04:22','mhduong'),(52,'2017LAP-045','Asus F454 LA/core i3-4005U/4GB/500GB',1,7,1,1,NULL,'Chiếc','',0,'tqvinh',NULL,NULL,NULL,NULL,NULL,NULL,NULL,NULL,NULL,NULL),(53,'2017LAP-047','Máy tính xách tay Lenovo Thinkpad T430 (2347CT0) Intel i5-3230M (2.6GHz/3MB)/ 4GB DDR3 x 2 thanh/ 500GB HDD/Intel HD Graphics/ 14 WXGA LED',1,7,1,1,NULL,'Chiếc','',1,'hhanh',NULL,NULL,NULL,NULL,NULL,NULL,NULL,NULL,NULL,NULL),(54,'2017LAP-048','Lenovo IdeaPad 300-14ISK core i7-6500U/Ram 8GB/SSD 256GB/14 inch',1,7,1,1,NULL,'Chiếc','',1,'pvoanh',NULL,NULL,NULL,NULL,NULL,NULL,NULL,NULL,NULL,NULL),(55,'2017LAP-049','Máy tính xách tay Acer TMP248-M-75V1/core i7-6500U/ Ram 8GB/ SSD 256GB',1,7,1,1,NULL,'Chiếc','',1,'mhduong',NULL,NULL,NULL,NULL,NULL,NULL,NULL,NULL,NULL,NULL),(56,'2017LAP-050','Lenovo IdeaPad 300-14ISK core i7-6500U/8GB/256GB SSD/14 inch',1,7,6,1,'e9b86fa1-ee99-4393-b9d3-cffb53932346','Chiếc','',0,'ldhai','2020-01-13 10:41:54',NULL,NULL,NULL,NULL,NULL,NULL,NULL,NULL,NULL),(57,'2017LAP-051','Laptop Dell Latitude 3440 (70054305) / Intel Haswell Core i5-4210U 1.7GHz up to 2.7GHz / Ram 4Gb DDR3X 2 thanh / 500Gb HDD / VGA rời 2GB Nvidia Geforce GT740M / 14\" Premium HD+ 1600x900 Chống chói / HD Web Camera / DVDRW / Integrated 802.11 b/g/n / Bluetooth v4.0 / USB 3.0 / Có thêm Cổng VGA / Pin 6 cell - Vỏ nhôm',1,7,1,1,NULL,'Chiếc','',1,'vkhung',NULL,NULL,NULL,NULL,NULL,NULL,NULL,NULL,NULL,NULL),(58,'2017LAP-052','Máy tính xách tay Acer TMP248-M-741Z/core i7-6500U/ Ram 8GB*2/ SSD 256GB',1,7,1,1,NULL,'Chiếc','',1,'ptthanh3',NULL,NULL,NULL,NULL,NULL,NULL,NULL,NULL,NULL,NULL),(59,'2017LAP-053','Lenovo IdeaPad 300-14ISK core i7-6500U/8GB/256GB SSD/14 inch (-4GB Ram về kho/ do ko đủ khe nâng cấp)=> máy 4GB ram',1,7,1,1,NULL,'Chiếc','Rút 1 thanh 4GB/ cất kho/ do nâng cấp',1,'nhvinh',NULL,NULL,NULL,NULL,NULL,NULL,NULL,NULL,NULL,NULL),(60,'2017LAP-054','Máy tính xách tay Dell ins 3443/ core i7-5500U/ Ram 8GB/ HDD 500GB/ 14 inch',1,7,1,1,NULL,'Chiếc','',1,'mhduong',NULL,NULL,NULL,NULL,NULL,NULL,NULL,NULL,NULL,NULL),(61,'2017LAP-055','Lenovo IdeaPad 300-14ISK core i7-6500U/Ram 8GB/SSD 256GB/14 inch',1,7,1,1,NULL,'Chiếc','',1,'dvchinh',NULL,NULL,NULL,NULL,NULL,NULL,NULL,NULL,NULL,NULL),(63,'2017LAP-057','Máy tính xách tay Lenovo Thinkpad T430 (2347CT0) Intel i5-3230M (2.6GHz/3MB)/ 4GB DDR3 x 2 thanh/ 500GB HDD/Intel HD Graphics/ 14 WXGA LED',1,7,1,1,NULL,'Chiếc','',3,'ductn',NULL,NULL,NULL,NULL,NULL,NULL,NULL,NULL,NULL,NULL),(64,'2017LAP-058','Lenovo IdeaPad 300-14ISK core i7-6500U/Ram 8GB/SSD 240GB/14 inch',1,7,1,1,NULL,'Chiếc','',1,'dtxtuoi',NULL,NULL,NULL,NULL,NULL,NULL,NULL,NULL,NULL,NULL),(65,'2017LAP-059','Máy tính xách tay Dell ins 3443/ core i7-5500U/ Ram 8GB/ HDD 500GB/ 14 inch',1,7,1,1,NULL,'Chiếc','',1,'dtanh',NULL,NULL,NULL,NULL,NULL,NULL,NULL,NULL,NULL,NULL),(66,'2017LAP-060','Lap 2017LAP-060',1,7,13,1,'7a52a9e6-535c-40d9-b358-fa0c85978ad4','Chiếc','',1,'ntly','2020-02-11 03:38:30','2020-02-20 03:39:32',NULL,NULL,NULL,NULL,NULL,NULL,'2020-02-11 15:40:58','mhduong'),(67,'2017LAP-061','Máy tính xách tay Dell Inspirion 5437 core i5-4200U/ RAM 8GB/HDD 500GB/14.0\" HD',1,7,13,1,'167aec96-6a14-44e0-8c10-fbc3f7538678','Chiếc','Máy tính xách tay Dell Inspirion 5447 core i5-4210U/ RAM 6GB+ 4gb/HDD 1TB/14.0\" HD - bị NVAnh đổi',1,'ntly','2020-02-11 03:38:30','2020-02-20 03:39:32',NULL,NULL,NULL,NULL,NULL,NULL,'2020-02-11 15:40:58','mhduong'),(68,'2017LAP-062','Máy tính xách tay Acer V5-471-33214G50 Mass i3-3214, 4GB DDR3 x 2 thanh, 500GB SATA HDD, 14\"LED, DVD-RW, webcam HD',1,7,13,1,'6f5875c1-2b3b-492c-962f-957a5969a31b','Chiếc','',1,'ntly','2020-02-11 03:38:30','2020-02-20 03:39:32',NULL,NULL,NULL,NULL,NULL,NULL,'2020-02-11 15:40:58','mhduong'),(69,'2017LAP-063','Lenovo IdeaPad 300-14ISK core i7-6500U/8GB/256GB/14 inch',1,7,1,1,NULL,'Chiếc','',1,'ntphuong5',NULL,NULL,NULL,NULL,NULL,NULL,NULL,NULL,NULL,NULL),(70,'2017LAP-064','Lenovo IdeaPad 300-14ISK core i7-6500U/Ram 8GB/SSD 256GB/14 inch',1,7,13,1,'fbb8243b-62e6-4728-b33e-660409678e16','Chiếc','',1,'ntly','2020-02-11 03:38:30','2020-02-20 03:39:32',NULL,NULL,NULL,NULL,NULL,NULL,'2020-02-11 15:40:58','mhduong'),(71,'2017LAP-065','Macbook Air 13 MMGG2ZP/A Intel Core i5/RAM : 4 GB/SSD : 256 GB/ 13.3 inch/ cáp cổng thunderbolt sang mạng Lan và cáp chuyển sang VGA + HDMI',1,7,1,1,NULL,'Chiếc','',1,'lvtuong',NULL,NULL,NULL,NULL,NULL,NULL,NULL,NULL,NULL,NULL),(72,'2017LAP-066','Lenovo IdeaPad 300-14ISK core i7-6500U/8GB/256GB/14 inch',1,7,1,1,NULL,'Chiếc','',1,'nhanh3',NULL,NULL,NULL,NULL,NULL,NULL,NULL,NULL,NULL,NULL),(73,'2017LAP-067','Máy tính xách tay Acer TMP248-M-741Z/core i7-6500U/ Ram 8GB*2/ SSD 256GB',1,7,1,1,NULL,'Chiếc','',1,'pvhieu',NULL,NULL,NULL,NULL,NULL,NULL,NULL,NULL,NULL,NULL),(74,'2017LAP-068','Lenovo IdeaPad 300-14ISK core i7-6500U/8GB/256GB/14 inch',1,7,1,1,NULL,'Chiếc','',1,'dhtien',NULL,NULL,NULL,NULL,NULL,NULL,NULL,NULL,NULL,NULL),(75,'2017LAP-069','Lenovo IdeaPad 300-14ISK core i7-6500U/8GB/256GB/14 inch',1,7,1,1,NULL,'Chiếc','',1,'hmduc',NULL,NULL,NULL,NULL,NULL,NULL,NULL,NULL,NULL,NULL),(76,'2017LAP-070','Máy tính xách tay lenovo ideapad 310/ core i5-6200U/ Ram 8GB/ HDD 500GB/ 14 inch',1,7,1,1,NULL,'Chiếc','',1,'pthninh',NULL,NULL,NULL,NULL,NULL,NULL,NULL,NULL,NULL,NULL),(77,'2017LAP-071','Máy tính xách tay Acer TMP248-M-59JX/core i5-6200U/ Ram 8GB/ HDD 500GB',1,7,1,1,NULL,'Chiếc','',1,'ltngoc2',NULL,NULL,NULL,NULL,NULL,NULL,NULL,NULL,NULL,NULL),(78,'2017LAP-072','Máy tính xách tay Asus Zenbook UX305CA-FC036T/Golden/ Intel core M3-6Y30 (0.9GHz/ 4MB)/ Ram 8GB/ 128GB SSD/ Intel HD Graphics/ 13.3 inch Full HD/WC+WL+BT/3 cell/ Win 10SL',1,7,6,1,'f51b6c84-2254-4fc6-b0a5-ca9665b66be2','Chiếc','',0,'ldhai','2020-01-05 23:10:48',NULL,NULL,NULL,NULL,NULL,NULL,NULL,NULL,NULL),(79,'2017LAP-073','HP Pavilion 14-VO25TU-i5-421011/4GB+4Gb/500G',1,7,1,1,NULL,'Chiếc','',0,'tqvinh','2020-01-08 02:39:50',NULL,NULL,NULL,NULL,NULL,NULL,NULL,NULL,NULL),(80,'2017LAP-074','HP Pavilion x360 13-u106TU/ Intel/ Core i3/ RAM 4GB/ DDR4/ HDD500 GB/ 13/3 inch/ 1366 x 768 pixels',1,7,1,1,NULL,'Chiếc','',1,'mhduong',NULL,NULL,NULL,NULL,NULL,NULL,NULL,NULL,NULL,NULL),(81,'2017LAP-075','LAPTOP LENOVO IDEAPAD 710S-13IKB 80VQ0033VN, CPU: Intel Core i5-7200U, RAM/SSD: 4GB/256GB, Màn hình: IPS Full HD 13.3inch, Card MH: Intel HD Graphics 620, HĐH: Windows 10',1,7,1,1,NULL,'Chiếc','',1,'nthung','2020-02-11 02:56:31',NULL,NULL,NULL,NULL,NULL,NULL,NULL,'2020-02-11 14:58:33','mhduong'),(82,'2019CANU001','Laptop Acer TMP249-G2-M/ Intel Core/ i5-7200U Processor/ 14 inch inch 3M Cache/ 2.50 Hz up to CMC P&T',1,42,1,1,'96a14667-6bd9-4196-8b92-5eff920a00f2','C','',0,'tqvinh','2020-02-03 13:56:06',NULL,NULL,NULL,NULL,NULL,NULL,NULL,'2020-02-03 18:56:06','mhduong'),(83,'2017LAP-077','Laptop Acer TMP249-G2-M, Intel Core, i5-7200U Processor, 14 inch inch 3M Cache, 2.50 Hz up to CMC P&T',1,7,1,1,NULL,'Chiếc','',0,'tqvinh',NULL,NULL,NULL,NULL,NULL,NULL,NULL,NULL,NULL,NULL),(84,'2017LAP-078','Laptop Acer TMP249-G2-M/ Intel Core/ i5-7200U Processor/ 14 inch inch 3M Cache/ 2.50 Hz/ RAM 8GB/ HDD 500GB',1,7,1,1,NULL,'Chiếc','',1,'btxthu',NULL,NULL,NULL,NULL,NULL,NULL,NULL,NULL,NULL,NULL),(85,'2017LAP-079','Lenovo IdeaPad 310-15ISK / Black/ Intel Skylake Core i5-6200U(2.3GHz/3MB) / Ram 8GB DDR4 / 500GB HDD / DVDRW/15.6 inch HD WLED/ Intel HD Graphics 520 /WC+WL+BT / FREE-DOS',1,7,1,1,NULL,'Chiếc','',1,'ntpthanh',NULL,NULL,NULL,NULL,NULL,NULL,NULL,NULL,NULL,NULL),(86,'2017LAP-080','Máy tính xách tay Lenovo IdeaPad 300/ Black/ Skylake / Intel Broadwell Core i7-6500U(2.5GHz/4MB)/ Ram 8Gb/ SSD 256GB/ DVD RW/ Intel HD Graphics /14 inch HD /HD Camera/ WC+WL+BT /4cell',1,7,1,1,NULL,'Chiếc','',1,'dnthien',NULL,NULL,NULL,NULL,NULL,NULL,NULL,NULL,NULL,NULL),(87,'2017LAP-081','Máy tính xách tay Lenovo IdeaPad 300/ Black/ Skylake / Intel Broadwell Core i7-6500U(2.5GHz/4MB)/ Ram 8Gb/ SSD 256GB/ DVD RW/ Intel HD Graphics /14 inch HD /HD Camera/ WC+WL+BT /4cell',1,7,1,1,NULL,'Chiếc','',1,'dtluc',NULL,NULL,NULL,NULL,NULL,NULL,NULL,NULL,NULL,NULL),(88,'2017LAP-082','Lap 2017LAP-082',1,7,1,1,NULL,'Chiếc','',1,'nvhung1',NULL,NULL,NULL,NULL,NULL,NULL,NULL,NULL,NULL,NULL),(89,'2017LAP-084','Máy tính xách tay Lenovo IdeaPad 300/ Black/ Skylake / Intel Broadwell Core i7-6500U(2.5GHz/4MB)/ Ram 8Gb/ SSD 256GB/ DVD RW/ Intel HD Graphics /14 inch HD /HD Camera/ WC+WL+BT /4cell',1,7,1,1,NULL,'Chiếc','',1,'nddang',NULL,NULL,NULL,NULL,NULL,NULL,NULL,NULL,NULL,NULL),(90,'2017LAP-085','Máy tính xách tay Lenovo IdeaPad 310/Intel Skylake Core i5-6200U (2.3GHz/3MB)/Ram 8GB DDR4/500GB HDD/ DVDRW/15.6 inch HD WLED/Intel HD Graphics 520/WC+WL+BT/Free-DOS',1,7,1,1,NULL,'Chiếc','',1,'ntttien',NULL,NULL,NULL,NULL,NULL,NULL,NULL,NULL,NULL,NULL),(91,'2017LAP-086','Máy tính xách tay Lenovo IdeaPad 300/ Black/ Skylake / Intel Broadwell Core i7-6500U(2.5GHz/4MB)/ Ram 8Gb/ SSD 256GB/ DVD RW/ Intel HD Graphics /14 inch HD /HD Camera/ WC+WL+BT /4cell',1,7,1,1,NULL,'Chiếc','',1,'vkhung',NULL,NULL,NULL,NULL,NULL,NULL,NULL,NULL,NULL,NULL),(92,'2017LAP-087','Máy tính xách tay Lenovo IdeaPad 300/ Black/ Skylake / Intel Broadwell Core i7-6500U(2.5GHz/4MB)/ Ram 8Gb/ SSD 256GB/ DVD RW/ Intel HD Graphics /14 inch HD /HD Camera/ WC+WL+BT /4cell',1,7,1,1,NULL,'Chiếc','',0,'tqvinh',NULL,NULL,NULL,NULL,NULL,NULL,NULL,NULL,NULL,NULL),(93,'2017LAP-088','Máy tính xách tay Lenovo IdeaPad 300/ Black/ Skylake / Intel Broadwell Core i7-6500U(2.5GHz/4MB)/ Ram 8Gb/ SSD 256GB/ DVD RW/ Intel HD Graphics /14 inch HD /HD Camera/ WC+WL+BT /4cell',1,7,1,1,NULL,'Chiếc','',1,'ntgiang2',NULL,NULL,NULL,NULL,NULL,NULL,NULL,NULL,NULL,NULL),(94,'2017LAP-089','Máy tính xách tay Lenovo IdeaPad 300/ Black/ Skylake / Intel Broadwell Core i7-6500U(2.5GHz/4MB)/ Ram 8Gb/ SSD 256GB/ DVD RW/ Intel HD Graphics /14 inch HD /HD Camera/ WC+WL+BT /4cell/Dos (túi + chuột)',1,7,1,1,NULL,'Chiếc','',1,'ntgiang2',NULL,NULL,NULL,NULL,NULL,NULL,NULL,NULL,NULL,NULL),(95,'2017LAP-090','Máy tính xách tay Apple Macbook pro MLU02/ core i5/ Ram 8GB/ SSD 256 GB/ Retina 13/3 inch',1,7,1,1,NULL,'Chiếc','',1,'nmhieu',NULL,NULL,NULL,NULL,NULL,NULL,NULL,NULL,NULL,NULL),(96,'2017LAP-091','Máy tính xách tay AcerTMP249-G2-M-74PN Intel Ci7-7500U/8GB*1/256G/SSD/14 inch inch/Linux NX.VE7SV.005',1,7,1,1,NULL,'Chiếc','',1,'cdtrung',NULL,NULL,NULL,NULL,NULL,NULL,NULL,NULL,NULL,NULL),(97,'2017LAP-092','Máy tính xách tay AcerTMP249-G2-M-74PN Intel Ci7-7500U/8GB*1/256G/SSD/14 inch inch/Linux NX.VE7SV.005',1,7,1,1,NULL,'Chiếc','',1,'pmduc3',NULL,NULL,NULL,NULL,NULL,NULL,NULL,NULL,NULL,NULL),(98,'2017LAP-093','Máy tính xách tay AcerTMP249-G2-M-50H3 Intel Ci5-7200U/8GB*1/500G/HĐ/14 inch inch/Linux NX.VE7SV.004',1,7,1,1,NULL,'Chiếc','',1,'ntluyen1',NULL,NULL,NULL,NULL,NULL,NULL,NULL,NULL,NULL,NULL),(99,'2017LAP-094','Máy tính xách tay AcerTMP249-G2-M-74PN Intel Ci7-7500U/8GB*1/256G/SSD/14 inch inch/Linux NX.VE7SV.005',1,7,1,1,NULL,'Chiếc','',1,'dnthien',NULL,NULL,NULL,NULL,NULL,NULL,NULL,NULL,NULL,NULL),(100,'2017LAP-095','Máy tính xách tay AcerTMP249-G2-M-50H3 Intel Ci5-7200U/8GB*1/500G/HĐ/14 inch inch/Linux NX.VE7SV.004',1,7,1,1,NULL,'Chiếc','',1,'ttmy',NULL,NULL,NULL,NULL,NULL,NULL,NULL,NULL,NULL,NULL),(101,'2017LAP-096','Máy tính xách tay AcerTMP249-G2-M-74PN Intel Ci7-7500U/8GB*1/256G/SSD/14 inch inch/Linux NX.VE7SV.005',1,7,1,1,NULL,'Chiếc','',0,'tqvinh',NULL,NULL,NULL,NULL,NULL,NULL,NULL,NULL,NULL,NULL),(102,'2017LAP-097','Máy tính xách tay AcerTMP249-G2-M-50H3 Intel Ci5-7200U/8GB*1/500G/HĐ/14 inch inch/Linux NX.VE7SV.004',1,7,6,1,'97868933-f612-416f-8a4e-5b87843d8138','Chiếc','',0,'ldhai','2020-01-13 10:41:54',NULL,NULL,NULL,NULL,NULL,NULL,NULL,NULL,NULL),(103,'2017LAP-098','Máy tính xách tay AcerTMP249-G2-M-50H3 Intel Ci5-7200U/8GB*1/500G/HĐ/14 inch inch/Linux NX.VE7SV.004',1,7,1,1,NULL,'Chiếc','',1,'ptthuy',NULL,NULL,NULL,NULL,NULL,NULL,NULL,NULL,NULL,NULL),(104,'2017LAP-099','Máy tính xách tay Acer TMP249-G2-M-74PN Intel Ci7-7500U/8G*1/256G/SSD/14 inch inch/LINUX NX.VE7SV.005',1,7,1,1,NULL,'Chiếc','',1,'nqthang',NULL,NULL,NULL,NULL,NULL,NULL,NULL,NULL,NULL,NULL),(105,'2017LAP-100','Máy tính xách tay Acer TMP249-G2-M-74PN Intel Core i7-7500U/8G*1/256G/SSD/14 inch inch/LINUX NX.VE7SV.005',1,7,1,1,NULL,'Chiếc','',1,'lhquang2',NULL,NULL,NULL,NULL,NULL,NULL,NULL,NULL,NULL,NULL),(106,'2017LAP-101','Máy tính xách tay Acer TMP249-G2-71JG Intel Ci7-7500U/8G*2/256G/SSD/14 inch inch/4L Battery/Linux NX.VE7SV.003',1,7,1,1,NULL,'Chiếc','A Giáp',1,'ndson',NULL,NULL,NULL,NULL,NULL,NULL,NULL,NULL,NULL,NULL),(107,'2017LAP-102','Máy tính xách tay Asus X441UA-GA056/Black/Intel Core i5-7200U (2.5 GHz, 3MB)/RAM 4GB DDR4 2400 Mhz/HDD 500GB 5400 rpm/Intel HD Graphic/14.0 inch HD/DVDRW/WC+WL+BT/3 cell/DOS',1,7,NULL,1,NULL,'Chiếc','',2,'mhduong',NULL,NULL,NULL,NULL,NULL,NULL,NULL,NULL,NULL,NULL),(108,'2017LAP-103','Lap 2017LAP-103',1,7,1,1,NULL,'Chiếc','',1,'ntcvan',NULL,NULL,NULL,NULL,NULL,NULL,NULL,NULL,NULL,NULL),(109,'2017LAP-104','Máy tính xách tay ASUS X441/Intel Core i5-7200U (2.5 GHz/ 3MB)/RAM 4GB DDR4 2400 Mhz/HDD 500 GB 5400 rpm/Intel HD Graphic/ 14.0 inch HD/DVDRW/ WC+WL+BT/ 3 cell/ Dos',1,7,1,1,NULL,'Chiếc','Lắp thêm RAM 4Gb',1,'mhduong',NULL,NULL,NULL,NULL,NULL,NULL,NULL,NULL,NULL,NULL),(110,'2017LAP-105','Máy tính xách tay HP 348 / Silver/ Intel Core i7-6500U (2.5 GHz up to 3.1 GHz/ 4 MB)/ Ram 8GB/ SSD 256GB/ DVDRW/ 14 inch HD/ Intel HD Graphics FP/ BT4/ Pin 4 Cell 41WHr/ DOS',1,7,1,1,NULL,'Chiếc','',1,'mhduong',NULL,NULL,NULL,NULL,NULL,NULL,NULL,NULL,NULL,NULL),(111,'2017LAP-106','Máy tính xách tay HP 348 / Silver/ Intel Core i7-6500U (2.5 GHz up to 3.1 GHz/ 4 MB)/ Ram 8GB/ SSD 256GB/ DVDRW/ 14 inch HD/ Intel HD Graphics FP/ BT4/ Pin 4 Cell 41WHr/ DOS',1,7,NULL,1,NULL,'Chiếc','',2,'mhduong',NULL,NULL,NULL,NULL,NULL,NULL,NULL,NULL,NULL,NULL),(112,'2017LAP-107','Máy tính xách tay HP 348 / Silver/ Intel Core i7-6500U (2.5 GHz up to 3.1 GHz/ 4 MB)/ Ram 8GB/ SSD 256GB/ DVDRW/ 14 inch HD/ Intel HD Graphics FP/ BT4/ Pin 4 Cell 41WHr/ DOS',1,7,1,1,NULL,'Chiếc','',1,'hnminh',NULL,NULL,NULL,NULL,NULL,NULL,NULL,NULL,NULL,NULL),(113,'2017LAP-108','Máy tính xách tay HP 348 / Silver/ Intel Core i7-6500U (2.5 GHz up to 3.1 GHz/ 4 MB)/ Ram 8GB/ SSD 256GB/ DVDRW/ 14 inch HD/ Intel HD Graphics FP/ BT4/ Pin 4 Cell 41WHr/ DOS',1,7,1,1,NULL,'Chiếc','Nợ balo',1,'nvhai',NULL,NULL,NULL,NULL,NULL,NULL,NULL,NULL,NULL,NULL),(114,'2017LAP-109','Máy tính xách tay HP 348 / Silver/ Intel Core i7-6500U (2.5 GHz up to 3.1 GHz, 4 MB)/ Ram 8GB/ SSD 256GB/ DVDRW/ 14 inch HD/ Intel HD Graphics FP/ BT4/ Pin 4 Cell 41WHr/ DOS',1,7,1,1,NULL,'Chiếc','',0,'tqvinh',NULL,NULL,NULL,NULL,NULL,NULL,NULL,NULL,NULL,NULL),(115,'2017LAP-110','Máy tính xách tay HP 348 / Silver/ Intel Core i7-6500U (2.5 GHz up to 3.1 GHz/ 4 MB)/ Ram 8GB/ SSD 256GB/ DVDRW/ 14 inch HD/ Intel HD Graphics FP/ BT4/ Pin 4 Cell 41WHr/ DOS',1,7,1,1,NULL,'Chiếc','',1,'htphuong',NULL,NULL,NULL,NULL,NULL,NULL,NULL,NULL,NULL,NULL),(116,'2017LAP-111','Máy tính xách tay Asus X441UA-GA056/Black/Intel Core i5-7200U (2.5 GHz/ 3MB)/RAM 4GB DDR4 2400 Mhz/HDD 500GB 5400 rpm/Intel HD Graphic/14.0 inch HD/DVDRW/WC+WL+BT/3 cell/DOS',1,7,1,1,NULL,'Chiếc','',1,'tttthao',NULL,NULL,NULL,NULL,NULL,NULL,NULL,NULL,NULL,NULL),(117,'2017LAP-112','Máy tính xách tay HP 348/Silver/ Intel Core i7-6500U (2.5 GHz up to 3.1 GHz/ 4 MB)/Ram 8GB/SSD 256 GB/DVDRW/ 14 inch HD/ Intel HD Graphics FP/ BT4/ Pin 4 cell/ 41WHr',1,7,1,1,NULL,'Chiếc','',1,'ndkhanh1',NULL,NULL,NULL,NULL,NULL,NULL,NULL,NULL,NULL,NULL),(118,'2017LAP-113','Máy tính xách tay HP 348/Silver/ Intel Core i7-6500U (2.5 GHz up to 3.1 GHz/ 4 MB)/Ram 8GB/SSD 256 GB/DVDRW/ 14 inch HD/ Intel HD Graphics FP/ BT4/ Pin 4 cell/ 41WHr',1,7,1,1,NULL,'Chiếc','',1,'nthung1',NULL,NULL,NULL,NULL,NULL,NULL,NULL,NULL,NULL,NULL),(119,'2017LAP-114','Máy tính xách tay HP 348/Silver/ Intel Core i7-6500U (2.5 GHz up to 3.1 GHz/ 4 MB)/Ram 8GB/SSD 256 GB/DVDRW/ 14 inch HD/ Intel HD Graphics FP/ BT4/ Pin 4 cell/ 41WHr',1,7,1,1,NULL,'Chiếc','',1,'bdlong',NULL,NULL,NULL,NULL,NULL,NULL,NULL,NULL,NULL,NULL),(120,'2017LAP-115','Máy tính xách tay HP 348/Silver/ Intel Core i7-6500U (2.5 GHz up to 3.1 GHz/ 4 MB)/Ram 8GB/SSD 256 GB/DVDRW/ 14 inch HD/ Intel HD Graphics FP/ BT4/ Pin 4 cell/ 41WHr',1,7,1,1,NULL,'Chiếc','',1,'ntviet2',NULL,NULL,NULL,NULL,NULL,NULL,NULL,NULL,NULL,NULL),(121,'2017LAP-116','Máy tính xách tay HP 348/Silver/ Intel Core i7-6500U (2.5 GHz up to 3.1 GHz/ 4 MB)/Ram 8GB/SSD 256 GB/DVDRW/ 14 inch HD/ Intel HD Graphics FP/ BT4/ Pin 4 cell/ 41WHr',1,7,1,1,NULL,'Chiếc','',1,'mhduong',NULL,NULL,NULL,NULL,NULL,NULL,NULL,NULL,NULL,NULL),(122,'2017LAP-117','Máy tính xách tay HP 348/Silver/ Intel Core i7-6500U (2.5 GHz up to 3.1 GHz, 4 MB)/Ram 8GB/SSD 256 GB/DVDRW/ 14 inch HD/ Intel HD Graphics FP/ BT4/ Pin 4 cell, 41WHr',1,7,NULL,1,NULL,'Chiếc','',2,'mhduong',NULL,NULL,NULL,NULL,NULL,NULL,NULL,NULL,NULL,NULL),(123,'2017LAP-118','Máy tính xách tay Asus X441UA-GA056/Black/Intel Core i5-7200U (2.5 GHz/ 3MB)/RAM 4GB DDR4 2400 Mhz/HDD 500GB 5400 rpm/Intel HD Graphic/14.0 inch HD/DVDRW/WC+WL+BT/3 cell/DOS',1,7,1,1,NULL,'Chiếc','',1,'vtathu',NULL,NULL,NULL,NULL,NULL,NULL,NULL,NULL,NULL,NULL),(124,'2017LAP-119','Lap 2017LAP-119',1,7,1,1,NULL,'Chiếc','',1,'tthuyen2',NULL,NULL,NULL,NULL,NULL,NULL,NULL,NULL,NULL,NULL),(125,'2017LAP-120','Lenovo IdeaPad 310/ Intel Core i5-7200U (2.5GHz/ 3MB)/ Ram 4GB DDR4/ HDD 1TB /15.6 inch FHD/ Intel Graphics/ WC + Wifi + BT4/ Pin 2 Cell 39 WHr/ DOS',1,7,1,1,NULL,'Chiếc','',1,'vthnhung1',NULL,NULL,NULL,NULL,NULL,NULL,NULL,NULL,NULL,NULL),(126,'2017LAP-121','Máy tính xách tay Apple Macbook Pro MLU02 (Silver) core i5 3.1 GHz/ Ram 8GB/ SSD 256 GB/ Retina 13/3 LED-backlit MacOS Sierra',1,7,1,1,NULL,'Chiếc','',1,'dtanh',NULL,NULL,NULL,NULL,NULL,NULL,NULL,NULL,NULL,NULL),(127,'2017LAP-122','Máy tính xách tay Lenovo IdeaPad 310-15IKB (80TV02FAVN)/Black/ Intel Core i5-7200U (2.5 GHz/ 3MB)/ Ram 4Gb DDR4/HDD 1TB/ 15.6 inch FHD/ Intel Graphics/ WC + Wifi + BT4/ Pin 2Cell 39 WHr/ DOS',1,7,1,1,NULL,'Chiếc','',1,'nttrang1',NULL,NULL,NULL,NULL,NULL,NULL,NULL,NULL,NULL,NULL),(128,'2017LAP-123','Máy tính xách tay HP 348/Silver/ Intel Core i7-6500U (2.5 GHz up to 3.1 GHz/ 4 MB)/Ram 8GB/SSD 256 GB/DVDRW/ 14 inch HD/ Intel HD Graphics FP/ BT4/ Pin 4 cell/ 41WHr',1,7,6,1,'e30fdba2-63f3-4b66-ba33-12e918789042','Chiếc','',4,'ldhai','2020-01-05 23:10:48',NULL,NULL,NULL,NULL,NULL,NULL,NULL,'2020-01-21 15:56:57','mhduong'),(129,'2017LAP-124','Máy tính xách tay HP 348 G3/ Siliver/ Intel Core i7-6500 U (2.5 GHz up to 3.1 GHz/ 4MB)/ Ram 8GB/ SSD 256 GB/ DVDRW/ 14 inch HD/ Intel HD Graphics FP/ BT4/ Pin 4 cell 41 WHr/DOS',1,7,NULL,1,'7ec1fa31-672c-4da0-a060-a463a3e14fb6','Chiếc','',2,NULL,NULL,NULL,NULL,NULL,NULL,NULL,NULL,NULL,'2020-01-21 15:57:18','mhduong'),(130,'2017LAP-125','Máy tính xách tay Lenovo IdeaPad 310 Intel Core i5-7200U (2.5GHz/ 3MB)/ Ram 8GB DDR4/ HDD 1TB /15.6 inch FHD/ Intel Graphics/ WC + Wifi + BT4/ Pin 2 Cell 39 WHr/ DOS',1,7,NULL,1,'001308d2-3580-4137-baab-8cf96a8d277c','Chiếc','',2,'mhduong',NULL,NULL,NULL,NULL,NULL,NULL,NULL,NULL,'2020-01-20 21:22:46','mhduong'),(131,'2017LAP-126','Máy tính xách tay Dell Vostro 3468 / Intel Kabylake Core i5-7200U (2.50 GHz/3MB)/ Ram 8GB/ 1TB HDD/ DVDRW/ Intel HD Graphics/ 14 inch HD/ WC + WL+BT/ Ubuntu/ 3 Yrs',1,7,1,1,NULL,'Chiếc','',1,'mhduong',NULL,NULL,NULL,NULL,NULL,NULL,NULL,NULL,NULL,NULL),(132,'2017LAP-127','Máy tính xách tay HP 348 / Silver/ Intel Core i7-6500U (2.5 GHz up to 3.1 GHz/ 4 MB)/ Ram 8GB/ SSD 256GB/ DVDRW/ 14 inch HD/ Intel HD Graphics FP/ BT4/ Pin 4 Cell 41WHr/ DOS',1,7,1,1,NULL,'Chiếc','',1,'ldphu',NULL,NULL,NULL,NULL,NULL,NULL,NULL,NULL,NULL,NULL),(133,'2017LAP-128','Máy tính xách tay Lenovo IdeaPad 310 / Intel Core i5-7200U (2.5GHz/ 3MB)/ Ram 4GB DDR4/ HDD 1TB /15.6 inch FHD/ Intel Graphics/ WC + Wifi + BT4/ Pin 2 Cell 39 WHr/ DOS',1,7,1,1,NULL,'Chiếc','',1,'pqanh',NULL,NULL,NULL,NULL,NULL,NULL,NULL,NULL,NULL,NULL),(134,'2017LAP-129','Máy tính xách tay HP 348/Silver/ Intel Core i7-6500U (2.5 GHz up to 3.1 GHz/ 4 MB)/Ram 8GB/SSD 256 GB/DVDRW/ 14 inch HD/ Intel HD Graphics FP/ BT4/ Pin 4 cell/ 41WHr',1,7,2,1,NULL,'Chiếc','',1,'pqphuc',NULL,NULL,NULL,NULL,NULL,NULL,NULL,NULL,NULL,NULL),(135,'2017LAP-130','Máy tính xách tay HP 348/Silver/ Intel Core i7-6500U (2.5 GHz up to 3.1 GHz/ 4 MB)/Ram 8GB/SSD 256 GB/DVDRW/ 14 inch HD/ Intel HD Graphics FP/ BT4/ Pin 4 cell/ 41WHr',1,7,1,1,NULL,'Chiếc','',1,'lvhuong',NULL,NULL,NULL,NULL,NULL,NULL,NULL,NULL,NULL,NULL),(136,'2017LAP-131','Máy tính xách tay HP 348 G3/ Siliver/ Intel Core i7-6500 U (2.5 GHz up to 3.1 GHz/ 4MB)/ Ram 8GB/ SSD 256 GB/ DVDRW/ 14 inch HD/ Intel HD Graphics FP/ BT4/ Pin 4 cell 41 WHr/DOS',1,7,1,1,NULL,'Chiếc','',1,'gttha',NULL,NULL,NULL,NULL,NULL,NULL,NULL,NULL,NULL,NULL),(137,'2017LAP-132','Máy tính xách tay Apple Macbook Pro MPXT2 Space grey/Intel core i5 2.3GHz/ Ram 8GB/ 256 GB SSD/Intel Iris Graphics/ 13.3 inch Retina/ WC+WL+BT/Mac OS X Lion/1 Ỷ',1,7,1,1,NULL,'Chiếc','IBM',1,'lksy',NULL,NULL,NULL,NULL,NULL,NULL,NULL,NULL,NULL,NULL),(138,'2017LOA-001','Loa vali kéo 297 (Gồm 2 mic + Acquy)',1,9,1,1,NULL,'Chiếc','',0,'tqvinh',NULL,NULL,NULL,NULL,NULL,NULL,NULL,NULL,NULL,NULL),(139,'2017MHUY001','MÁY HUỶ TÀI LIỆU SILICON PS-800C',1,17,1,1,NULL,'Chiếc','',3,'ductn',NULL,NULL,NULL,NULL,NULL,NULL,NULL,NULL,NULL,NULL),(140,'2017MHUY002','Máy hủy giấy Bingo C36',1,17,1,1,NULL,'Chiếc','',1,'mhduong',NULL,NULL,NULL,NULL,NULL,NULL,NULL,NULL,NULL,NULL),(141,'2017MOBI001','Iphone 5',1,20,1,1,NULL,'Chiếc','',1,'hvphuong',NULL,'2019-12-31 00:00:00',NULL,NULL,NULL,NULL,NULL,NULL,NULL,NULL),(142,'2017MOBI002','Iphone 6 plus 16GB bạc',1,20,1,1,NULL,'Chiếc','',1,'nvhung1',NULL,NULL,NULL,NULL,NULL,NULL,NULL,NULL,NULL,NULL),(143,'2017MOBI003','Điện thoại di động Apple iphone SE 16Gb',1,20,1,1,NULL,'Chiếc','',1,'hvphuong',NULL,'2019-12-31 00:00:00',NULL,NULL,NULL,NULL,NULL,NULL,NULL,NULL),(144,'2017MOBI004','Máy tính bảng Asus HD7 kèm cáp',1,20,1,1,NULL,'Chiếc','',1,'nvtrung1',NULL,NULL,NULL,NULL,NULL,NULL,NULL,NULL,NULL,NULL),(145,'2017MOBI005','Iphone 5S 16GB silver',1,20,1,1,NULL,'Chiếc','',1,'hvphuong',NULL,'2019-12-31 00:00:00',NULL,NULL,NULL,NULL,NULL,NULL,NULL,NULL),(146,'2017MOBI006','Máy tính bảng Xiaomi Mi pad 2 Wifi 64 GB vàng',1,20,1,1,NULL,'Chiếc','',3,'ductn',NULL,NULL,NULL,NULL,NULL,NULL,NULL,NULL,NULL,NULL),(147,'2017MOBI007','Điện thoại di động LG Nexus 5',1,20,1,1,NULL,'Chiếc','HỎNG',3,'ductn',NULL,NULL,NULL,NULL,NULL,NULL,NULL,NULL,NULL,NULL),(148,'2017MOBI008','Moto G (XT1079) Black 16GB',1,20,1,1,NULL,'Chiếc','Test đến 13/07',1,'dnthien',NULL,NULL,NULL,NULL,NULL,NULL,NULL,NULL,NULL,NULL),(149,'2017MOBI009','Samsung Galaxy J5 new J510 Gold',1,20,1,1,NULL,'Chiếc','',3,'ductn',NULL,NULL,NULL,NULL,NULL,NULL,NULL,NULL,NULL,NULL),(150,'2019LOA-001','Iphone6',1,9,1,1,'53f6035a-d3dc-4e56-a7d7-fcd9d568e18a','Chiếc','',0,'tqvinh',NULL,NULL,NULL,NULL,NULL,NULL,NULL,NULL,NULL,NULL),(151,'2017MOBI011','Máy tính bảng Asus Google Nexus 7 - Wifi kèm cáp',1,20,1,1,NULL,'Chiếc','',1,'pvhieu',NULL,NULL,NULL,NULL,NULL,NULL,NULL,NULL,NULL,NULL),(152,'2017MOBI012','HTC one M7 - kèm dây',1,20,1,1,NULL,'Chiếc','',1,'hvphuong',NULL,'2019-12-25 00:00:00',NULL,NULL,NULL,NULL,NULL,NULL,NULL,NULL),(153,'2017MOBI013','Samsung S4 kèm cáp',1,20,1,1,NULL,'Chiếc','Test đến 13/07',0,'tqvinh',NULL,NULL,NULL,NULL,NULL,NULL,NULL,NULL,NULL,NULL),(154,'2017MOBI014','Samsung Tab4',1,20,1,1,NULL,'Chiếc','',0,'tqvinh',NULL,NULL,NULL,NULL,NULL,NULL,NULL,NULL,NULL,NULL),(155,'2017MOBI015','Samsung Tab4',1,20,1,1,NULL,'Chiếc','',0,'tqvinh',NULL,NULL,NULL,NULL,NULL,NULL,NULL,NULL,NULL,NULL),(156,'2017MOBI016','Điện thoại di động Samsung Galaxy S3 - kèm dây',1,20,1,1,NULL,'Chiếc','',1,'hvphuong',NULL,'2019-12-30 00:00:00',NULL,NULL,NULL,NULL,NULL,NULL,NULL,NULL),(157,'2017MOBI017','Máy tính bảng Samsung Galaxy P7500 10.1, 16GB, 3G, Wifi. tab10',1,20,1,1,NULL,'Chiếc','',3,'ductn',NULL,NULL,NULL,NULL,NULL,NULL,NULL,NULL,NULL,NULL),(158,'2017MOBI018','Điện thoại di động Iphone 5S',1,20,1,1,NULL,'Chiếc','',1,'hvphuong',NULL,'2019-12-30 00:00:00',NULL,NULL,NULL,NULL,NULL,NULL,NULL,NULL),(159,'2017MOBI019','Điện thoại di động Iphone 4',1,20,1,1,NULL,'Chiếc','',1,'nahoa',NULL,NULL,NULL,NULL,NULL,NULL,NULL,NULL,NULL,NULL),(160,'2017MOBI020','ipad 4 kèm cáp',1,20,1,1,NULL,'Chiếc','',1,'ntlquyen',NULL,NULL,NULL,NULL,NULL,NULL,NULL,NULL,NULL,NULL),(161,'2017MOBI021','Điện thoại Samsung Galaxy J7 Pro -J730 Black (353317091688276)',1,20,1,1,NULL,'Chiếc','',0,'tqvinh',NULL,NULL,NULL,NULL,NULL,NULL,NULL,NULL,NULL,NULL),(162,'2017MODE001','Bộ định tuyến Vigor 3900 Draytek',1,21,1,1,NULL,'Chiếc','Tủ rack 1',1,'ndson',NULL,NULL,NULL,NULL,NULL,NULL,NULL,NULL,NULL,NULL),(163,'2017MODE002','Bộ định tuyến Draytek Vigor V2960',1,21,1,1,NULL,'Chiếc','',1,'nmphuong1',NULL,NULL,NULL,NULL,NULL,NULL,NULL,NULL,NULL,NULL),(164,'2017MODE003','Cisco ISR 4321 Sec bundle w/SEC license SNTC-8x5xNBD Cisco ISR 4321 Sec bundle w/SEC IP base license for ISR 4320 Series AC power supply for Cisco 4320 AC power cord/ type C5/ Europe 2 port GE WAN NIM/ dual-mode RJ 45 & SFP 4G Flash Memory for Cisco 4300 4G DRam for Cisco ISR 4320 security license for Cisco ISR 4320 series blank face plate for NIM slot on Cisco ISR 4400',1,21,1,1,NULL,'Chiếc','',1,'dtanh',NULL,NULL,NULL,NULL,NULL,NULL,NULL,NULL,NULL,NULL),(165,'2017MON-001','Màn hình LCD Dell E2216HV Full HD 21/5',1,11,1,1,NULL,'Chiếc','',1,'ntkien12',NULL,NULL,NULL,NULL,NULL,NULL,NULL,NULL,NULL,NULL),(166,'2017MON-002','Màn hình LCD Dell E2216HV Full HD 21/5',1,11,13,1,NULL,'Chiếc','',0,'ntly','2020-02-06 17:24:58',NULL,NULL,NULL,NULL,NULL,NULL,NULL,'2020-02-06 22:24:58','mhduong'),(167,'2017MON-003','Màn hình Dell 18.5 inch',1,11,11,1,'ec749e86-3bd6-4bdc-980d-3b5993eab530','Chiếc','',5,'mhduong','2020-01-14 13:25:56',NULL,NULL,NULL,NULL,NULL,NULL,NULL,'2020-01-20 16:37:33','mhduong'),(168,'2017MON-004','Màn hình AOC 18.5\" E970SWNL',1,11,1,1,NULL,'Chiếc','',1,'bmthin',NULL,NULL,NULL,NULL,NULL,NULL,NULL,NULL,NULL,NULL),(169,'2017MON-005','View Sonic',1,11,1,1,NULL,'Chiếc','',0,'tqvinh',NULL,NULL,NULL,NULL,NULL,NULL,NULL,NULL,NULL,NULL),(170,'2017MON-006','Màn hình LCD Dell E1914H 18.5 inch Wide',1,11,1,1,NULL,'Chiếc','',0,'tqvinh',NULL,NULL,NULL,NULL,NULL,NULL,NULL,NULL,NULL,NULL),(171,'2017MON-007','LCD HP 17 inch',1,11,1,1,NULL,'Chiếc','',1,'nddang',NULL,NULL,NULL,NULL,NULL,NULL,NULL,NULL,NULL,NULL),(172,'2017MON-008','Màn hình Acer LCD X193HQK',1,11,1,1,NULL,'Chiếc','',1,'ntvanh3',NULL,NULL,NULL,NULL,NULL,NULL,NULL,NULL,NULL,NULL),(173,'2017MON-009','Màn hình AOC 18.5\" E970SWNL',1,11,1,1,NULL,'Chiếc','',1,'vxthien',NULL,NULL,NULL,NULL,NULL,NULL,NULL,NULL,NULL,NULL),(174,'2017MON-010','Monitor CMS LCD 17\"',1,11,1,1,NULL,'Chiếc','Làm server',0,'tqvinh','2020-01-13 10:33:30',NULL,NULL,NULL,NULL,NULL,NULL,NULL,NULL,NULL),(175,'2017MON-011','Màn hình LCD Dell E1914H 18.5 inch Wide',1,11,1,1,NULL,'Chiếc','',1,'ntkien12',NULL,NULL,NULL,NULL,NULL,NULL,NULL,NULL,NULL,NULL),(176,'2017MON-012','Màn hình Dell 18.5 inch',1,11,1,1,NULL,'Chiếc','',1,'tvtien',NULL,NULL,NULL,NULL,NULL,NULL,NULL,NULL,NULL,NULL),(177,'2017MON-013','Mon Acer LCD 17\"',1,11,1,1,NULL,'Chiếc','',3,'ductn',NULL,NULL,NULL,NULL,NULL,NULL,NULL,NULL,NULL,NULL),(178,'2017MON-014','Màn hình Dell 18.5 inch',1,11,1,1,NULL,'Chiếc','',1,'dkhuyen',NULL,NULL,NULL,NULL,NULL,NULL,NULL,NULL,NULL,NULL),(179,'2017MON-015','Monitor LCD Acer',1,11,1,1,NULL,'Chiếc','',1,'lmlinh',NULL,NULL,NULL,NULL,NULL,NULL,NULL,NULL,NULL,NULL),(180,'2017MON-016','View Sonic 19 inch inch',1,11,1,1,NULL,'Chiếc','',0,'tqvinh',NULL,NULL,NULL,NULL,NULL,NULL,NULL,NULL,NULL,NULL),(181,'2017MON-017','Màn hình Dell 18.5 inch',1,11,1,1,NULL,'Chiếc','',1,'dnhquan',NULL,NULL,NULL,NULL,NULL,NULL,NULL,NULL,NULL,NULL),(182,'2017MON-018','Mon Acer LCD 17\"',1,11,1,1,NULL,'Chiếc','',3,'ductn',NULL,NULL,NULL,NULL,NULL,NULL,NULL,NULL,NULL,NULL),(183,'2017MON-019','Màn hình LCD Dell E1916 HV 18/5 inch',1,11,1,1,NULL,'Chiếc','',1,'ddviet',NULL,NULL,NULL,NULL,NULL,NULL,NULL,NULL,NULL,NULL),(184,'2017MON-020','Mon HP 20\" LCD Model 2009F',1,11,1,1,NULL,'Chiếc','',0,'tqvinh',NULL,NULL,NULL,NULL,NULL,NULL,NULL,NULL,NULL,NULL),(185,'2017MON-021','LCD CMS 17\"',1,11,1,1,NULL,'Chiếc','',3,'ductn',NULL,NULL,NULL,NULL,NULL,NULL,NULL,NULL,NULL,NULL),(186,'2017MON-022','Màn hình AOC 18.5\" E970SWNL',1,11,1,1,NULL,'Chiếc','Thiếu dây',1,'ndhoang1',NULL,NULL,NULL,NULL,NULL,NULL,NULL,NULL,NULL,NULL),(187,'2017MON-023','Màn hình LCD Dell E1916 HV 18,5 inch',1,11,1,1,NULL,'Chiếc','',3,'ductn',NULL,NULL,NULL,NULL,NULL,NULL,NULL,NULL,NULL,NULL),(188,'2017MON-024','Màn hình 17 inch',1,11,1,1,NULL,'Chiếc','',3,'ductn',NULL,NULL,NULL,NULL,NULL,NULL,NULL,NULL,NULL,NULL),(189,'2017MON-025','Màn hình LCD Dell E1916HV 18.5 inch',1,11,1,1,NULL,'Chiếc','',0,'tqvinh',NULL,NULL,NULL,NULL,NULL,NULL,NULL,NULL,NULL,NULL),(190,'2017MON-026','Màn hình Dell 18.5 inch',1,11,1,1,NULL,'Chiếc','',0,'tqvinh',NULL,NULL,NULL,NULL,NULL,NULL,NULL,NULL,NULL,NULL),(191,'2017MON-027','Mon LCD CMS 18\"',1,11,1,1,NULL,'Chiếc','',3,'ductn',NULL,NULL,NULL,NULL,NULL,NULL,NULL,NULL,NULL,NULL),(192,'2017MON-028','View Sonic',1,11,1,1,NULL,'Chiếc','',3,'ductn',NULL,NULL,NULL,NULL,NULL,NULL,NULL,NULL,NULL,NULL),(193,'2017MON-029','Màn hình AOC 18.5\" E970SWNL',1,11,1,1,NULL,'Chiếc','',1,'hvphuong',NULL,'2019-12-30 00:00:00',NULL,NULL,NULL,NULL,NULL,NULL,NULL,NULL),(194,'2017MON-030','LCD Dell E2216H 21/5 inch',1,11,1,1,NULL,'Chiếc','',1,'nahoa',NULL,NULL,NULL,NULL,NULL,NULL,NULL,NULL,NULL,NULL),(195,'2017MON-031','Màn hình Dell 18.5 inch',1,11,1,1,NULL,'Chiếc','',0,'tqvinh',NULL,NULL,NULL,NULL,NULL,NULL,NULL,NULL,NULL,NULL),(196,'2017MON-032','Màn hình AOC 18.5\" E970SWNL',1,11,1,1,NULL,'Chiếc','',0,'tqvinh',NULL,NULL,NULL,NULL,NULL,NULL,NULL,NULL,NULL,NULL),(197,'2017MON-033','LCD Dell E2216H 21.5 inch',1,11,1,1,NULL,'Chiếc','',0,'tqvinh','2020-01-13 10:33:30',NULL,NULL,NULL,NULL,NULL,NULL,NULL,NULL,NULL),(198,'2017MON-034','Monitor LCD 17” HP',1,11,1,1,NULL,'Chiếc','',3,'ductn',NULL,NULL,NULL,NULL,NULL,NULL,NULL,NULL,NULL,NULL),(199,'2017MON-035','Acer',1,11,1,1,NULL,'Chiếc','',3,'ductn',NULL,NULL,NULL,NULL,NULL,NULL,NULL,NULL,NULL,NULL),(200,'2017MON-036','Monitor HP 17\" LCD L1710 GS917AA',1,11,1,1,NULL,'Chiếc','',3,'ductn',NULL,NULL,NULL,NULL,NULL,NULL,NULL,NULL,NULL,NULL),(201,'2017MON-037','Monitor LCD 17 inch inch',1,11,1,1,NULL,'Chiếc','',3,'ductn',NULL,NULL,NULL,NULL,NULL,NULL,NULL,NULL,NULL,NULL),(202,'2017MON-038','Màn hình LCD Dell E1916 HV 18,5 inch',1,11,1,1,NULL,'Chiếc','',0,'tqvinh',NULL,NULL,NULL,NULL,NULL,NULL,NULL,NULL,NULL,NULL),(203,'2017MON-039','View Sonic',1,11,1,1,NULL,'Chiếc','',1,'ntpha',NULL,NULL,NULL,NULL,NULL,NULL,NULL,NULL,NULL,NULL),(204,'2017MON-040','Màn hình LCD Dell E1914H 18.5 inch Wide',1,11,1,1,NULL,'Chiếc','',0,'tqvinh',NULL,NULL,NULL,NULL,NULL,NULL,NULL,NULL,NULL,NULL),(205,'2017MON-041','Monitor HP 17\" LCD L1710 GS917AA',1,11,1,1,NULL,'Chiếc','',3,'ductn',NULL,NULL,NULL,NULL,NULL,NULL,NULL,NULL,NULL,NULL),(206,'2017MON-042','Màn hình Dell 18.5 inch',1,11,1,1,NULL,'Chiếc','',1,'dtluc',NULL,NULL,NULL,NULL,NULL,NULL,NULL,NULL,NULL,NULL),(207,'2017MON-043','CMS 17 inch inch LCD',1,11,1,1,NULL,'Chiếc','',3,'ductn',NULL,NULL,NULL,NULL,NULL,NULL,NULL,NULL,NULL,NULL),(208,'2017MON-044','Màn hình AOC 18.5\" E970SWNL',1,11,1,1,NULL,'Chiếc','',1,'ptttrang3',NULL,NULL,NULL,NULL,NULL,NULL,NULL,NULL,NULL,NULL),(209,'2017MON-045','Màn hình LCD Dell E1913S 19\" vuông',1,11,1,1,NULL,'Chiếc','',3,'ductn',NULL,NULL,NULL,NULL,NULL,NULL,NULL,NULL,NULL,NULL),(210,'2017MON-046','Màn hình Dell 18.5 inch',1,11,1,1,NULL,'Chiếc','',1,'nmha',NULL,NULL,NULL,NULL,NULL,NULL,NULL,NULL,NULL,NULL),(211,'2017MON-048','Monitor Acer LCD 17\"',1,11,1,1,NULL,'Chiếc','Làm server',3,'ductn',NULL,NULL,NULL,NULL,NULL,NULL,NULL,NULL,NULL,NULL),(212,'2017MON-049','LCD Dell E2216H 21/5 inch',1,11,1,1,NULL,'Chiếc','',1,'pvhieu',NULL,NULL,NULL,NULL,NULL,NULL,NULL,NULL,NULL,NULL),(213,'2017MON-050','LCD Dell E2216H 21/5 inch',1,11,1,1,NULL,'Chiếc','',1,'hmduc',NULL,NULL,NULL,NULL,NULL,NULL,NULL,NULL,NULL,NULL),(214,'2017MON-051','LCD Dell E2216H 21/5 inch',1,11,1,1,NULL,'Chiếc','',1,'mtanh',NULL,NULL,NULL,NULL,NULL,NULL,NULL,NULL,NULL,NULL),(215,'2017MON-052','LCD Dell E2216H 21/5 inch',1,11,1,1,NULL,'Chiếc','',1,'nthnhung',NULL,NULL,NULL,NULL,NULL,NULL,NULL,NULL,NULL,NULL),(216,'2017MON-053','LCD Dell E2216H 21/5 inch',1,11,1,1,NULL,'Chiếc','',1,'mhduong',NULL,NULL,NULL,NULL,NULL,NULL,NULL,NULL,NULL,NULL),(217,'2017MON-054','Màn hình LCD Dell E2216HV Full HD 21.5 inch',1,11,1,1,NULL,'Chiếc','',1,'mhduong',NULL,NULL,NULL,NULL,NULL,NULL,NULL,NULL,NULL,NULL),(218,'2017MON-055','Dell E2216 HV 21/5 inch',1,11,1,1,NULL,'Chiếc','',1,'vccong',NULL,NULL,NULL,NULL,NULL,NULL,NULL,NULL,NULL,NULL),(219,'2017MON-056','LCD Dell E2216H 21/5 inch',1,11,1,1,NULL,'Chiếc','',1,'nkcuong2',NULL,NULL,NULL,NULL,NULL,NULL,NULL,NULL,NULL,NULL),(220,'2017MON-057','LCD Dell E2216H 21/5 inch',1,11,1,1,NULL,'Chiếc','',1,'ptdam',NULL,NULL,NULL,NULL,NULL,NULL,NULL,NULL,NULL,NULL),(221,'2017MON-058','LCD Dell E2216H 21/5 inch',1,11,1,1,NULL,'Chiếc','',1,'ptttrang3',NULL,NULL,NULL,NULL,NULL,NULL,NULL,NULL,NULL,NULL),(222,'2017MON-059','LCD Dell E2216H 21/5 inch',1,11,1,1,NULL,'Chiếc','',1,'bhduc',NULL,NULL,NULL,NULL,NULL,NULL,NULL,NULL,NULL,NULL),(223,'2017MON-060','Màn hình LCD Dell E2216HV Full HD 21.5 inch',1,11,1,1,NULL,'Chiếc','',1,'tvtien',NULL,NULL,NULL,NULL,NULL,NULL,NULL,NULL,NULL,NULL),(224,'2017MON-061','LCD Dell E2216H 21/5 inch',1,11,1,1,NULL,'Chiếc','',1,'mhduong',NULL,NULL,NULL,NULL,NULL,NULL,NULL,NULL,NULL,NULL),(225,'2017MON-062','LCD Dell E2216H 21/5 inch',1,11,1,1,NULL,'Chiếc','',1,'mhduong',NULL,NULL,NULL,NULL,NULL,NULL,NULL,NULL,NULL,NULL),(226,'2017MON-063','LCD Dell E2216H 21/5 inch',1,11,1,1,NULL,'Chiếc','Làm server',1,'mhduong',NULL,NULL,NULL,NULL,NULL,NULL,NULL,NULL,NULL,NULL),(227,'2017MON-064','LCD dell E2416H 24 inch',1,11,1,1,NULL,'Chiếc','',1,'nxcanh',NULL,NULL,NULL,NULL,NULL,NULL,NULL,NULL,NULL,NULL),(228,'2017MON-065','Màn hình LCD Dell E1914H 18.5 inch Wide',1,11,1,1,NULL,'Chiếc','A Giáp',0,'tqvinh',NULL,NULL,NULL,NULL,NULL,NULL,NULL,NULL,NULL,NULL),(229,'2017MON-066','Dell U2414H 23.8\" Ultrasharp IPS LED',1,11,1,1,NULL,'Chiếc','',1,'dtluc',NULL,NULL,NULL,NULL,NULL,NULL,NULL,NULL,NULL,NULL),(230,'2017MON-067','Dell U2414H 23.8\" Ultrasharp IPS LED',1,11,1,1,NULL,'Chiếc','',1,'tnluan',NULL,NULL,NULL,NULL,NULL,NULL,NULL,NULL,NULL,NULL),(231,'2017MON-068','Dell U2414H 23.8\" Ultrasharp IPS LED',1,11,1,1,NULL,'Chiếc','',1,'dtanh',NULL,NULL,NULL,NULL,NULL,NULL,NULL,NULL,NULL,NULL),(232,'2017MON-069','Dell U2414H 23.8\" Ultrasharp IPS LED',1,11,1,1,NULL,'Chiếc','',1,'dtdat2',NULL,NULL,NULL,NULL,NULL,NULL,NULL,NULL,NULL,NULL),(233,'2017MON-070','LCD Dell E2216H Full HD',1,11,1,1,NULL,'Chiếc','',1,'hmduc',NULL,NULL,NULL,NULL,NULL,NULL,NULL,NULL,NULL,NULL),(234,'2017MON-071','Màn hình LCD Dell U24 14H/23.8 inch/HDMI x2',1,11,1,1,NULL,'Chiếc','',1,'pvoanh',NULL,NULL,NULL,NULL,NULL,NULL,NULL,NULL,NULL,NULL),(235,'2017MON-072','Dell U2414H 23.8\" Ultrasharp IPS LED',1,11,1,1,NULL,'Chiếc','',1,'tthuyen1',NULL,NULL,NULL,NULL,NULL,NULL,NULL,NULL,NULL,NULL),(236,'2017MON-073','Màn hình máy tính View Sonic VA1903A, 19 inch (18.5 vis) LCD Monitor 1366x768 VGA Tilt VA-03 ID',1,11,1,1,NULL,'Chiếc','',0,'tqvinh',NULL,NULL,NULL,NULL,NULL,NULL,NULL,NULL,NULL,NULL),(237,'2017MON-074','Màn hình máy tính View Sonic VA1903A, 19 inch (18.5 vis) LCD Monitor 1366x768 VGA Tilt VA-03 ID',1,11,NULL,1,NULL,'Chiếc','',2,'mhduong',NULL,NULL,NULL,NULL,NULL,NULL,NULL,NULL,NULL,NULL),(238,'2017MON-075','Màn hình máy tính View Sonic VA1903A/ 19 inch (18.5 vis) LCD Monitor 1366x768 VGA Tilt VA-03 ID',1,11,1,1,NULL,'Chiếc','',1,'vtlam',NULL,NULL,NULL,NULL,NULL,NULL,NULL,NULL,NULL,NULL),(239,'2017MON-076','Màn hình máy tính View Sonic VA1903A, 19 inch (18.5 vis) LCD Monitor 1366x768 VGA Tilt VA-03 ID',1,11,1,1,NULL,'Chiếc','',0,'tqvinh',NULL,NULL,NULL,NULL,NULL,NULL,NULL,NULL,NULL,NULL),(240,'2017MON-077','Màn hình máy tính View Sonic VA1903A/ 19 inch (18.5 vis) LCD Monitor 1366x768 VGA Tilt VA-03 ID',1,11,1,1,NULL,'Chiếc','',1,'nthung',NULL,NULL,NULL,NULL,NULL,NULL,NULL,NULL,NULL,NULL),(241,'2017MON-078','Màn hình máy tính View Sonic VA1903A, 19 inch (18.5 vis) LCD Monitor 1366x768 VGA Tilt VA-03 ID',1,11,1,1,NULL,'Chiếc','',0,'tqvinh',NULL,NULL,NULL,NULL,NULL,NULL,NULL,NULL,NULL,NULL),(242,'2017MON-079','Màn hình máy tính View Sonic VA1903A/ 19 inch (18.5 vis) LCD Monitor 1366x768 VGA Tilt VA-03 ID',1,7,1,1,NULL,'Chiếc','',1,'ndvan',NULL,NULL,NULL,NULL,NULL,NULL,NULL,NULL,NULL,NULL),(243,'2017MON-080','Màn hình máy tính View Sonic VA1903A/ 19 inch (18.5 vis) LCD Monitor 1366x768 VGA Tilt VA-03 ID',1,11,1,1,NULL,'Chiếc','',1,'nhtoan1',NULL,NULL,NULL,NULL,NULL,NULL,NULL,NULL,NULL,NULL),(244,'2017MON-081','Màn hình máy tính View Sonic VA1903A/ 19 inch (18.5 vis) LCD Monitor 1366x768 VGA Tilt VA-03 ID',1,11,1,1,NULL,'Chiếc','Đã bảo hành P&T',1,'nttrang1',NULL,NULL,NULL,NULL,NULL,NULL,NULL,NULL,NULL,NULL),(245,'2017MON-082','Màn hình máy tính View Sonic VA1903A/ 19 inch (18.5 vis) LCD Monitor 1366x768 VGA Tilt VA-03 ID',1,11,1,1,NULL,'Chiếc','',1,'ttvinh2',NULL,NULL,NULL,NULL,NULL,NULL,NULL,NULL,NULL,NULL),(246,'2017MON-083','Màn hình máy tính View Sonic VA1903A, 19 inch (18.5 vis) LCD Monitor 1366x768 VGA Tilt VA-03 ID',1,11,1,1,NULL,'Chiếc','Thay Panel ngày 12/03/2018',0,'tqvinh',NULL,NULL,NULL,NULL,NULL,NULL,NULL,NULL,NULL,NULL),(247,'2017MON-084','Màn hình máy tính View Sonic VA1903A/ 19 inch (18.5 vis) LCD Monitor 1366x768 VGA Tilt VA-03 ID',1,11,1,1,NULL,'Chiếc','',0,'tqvinh','2020-01-05 23:07:41',NULL,NULL,NULL,NULL,NULL,NULL,NULL,NULL,NULL),(248,'2017MON-085','Màn hình máy tính View Sonic VA1903A, 19 inch (18.5 vis) LCD Monitor 1366x768 VGA Tilt VA-03 ID',1,11,1,1,NULL,'Chiếc','',0,'tqvinh',NULL,NULL,NULL,NULL,NULL,NULL,NULL,NULL,NULL,NULL),(249,'2017MON-086','Màn hình máy tính View Sonic VA1903A/ 19 inch (18.5 vis) LCD Monitor 1366x768 VGA Tilt VA-03 ID',1,11,1,1,NULL,'Chiếc','',1,'ndson',NULL,NULL,NULL,NULL,NULL,NULL,NULL,NULL,NULL,NULL),(250,'2017MON-087','Màn hình máy tính View Sonic VA1903A/ 19 inch (18.5 vis) LCD Monitor 1366x768 VGA Tilt VA-03 ID',1,11,1,1,NULL,'Chiếc','',1,'vtthao',NULL,NULL,NULL,NULL,NULL,NULL,NULL,NULL,NULL,NULL),(251,'2017MON-088','Màn hình máy tính View Sonic VA1903A/ 19 inch (18.5 vis) LCD Monitor 1366x768 VGA Tilt VA-03 ID',1,11,1,1,NULL,'Chiếc','',1,'dtdat3',NULL,NULL,NULL,NULL,NULL,NULL,NULL,NULL,NULL,NULL),(252,'2017MON-089','Màn hình máy tính View Sonic VA1903A/ 19 inch (18.5 vis) LCD Monitor 1366x768 VGA Tilt VA-03 ID',1,11,1,1,NULL,'Chiếc','Đổi máy Thương - Hải do thay nhau đi onsite',1,'ndson',NULL,NULL,NULL,NULL,NULL,NULL,NULL,NULL,NULL,NULL),(253,'2017MON-090','Màn hình máy tính View Sonic VA1903A/ 19 inch (18.5 vis) LCD Monitor 1366x768 VGA Tilt VA-03 ID',1,11,1,1,NULL,'Chiếc','',1,'nmanh',NULL,NULL,NULL,NULL,NULL,NULL,NULL,NULL,NULL,NULL),(254,'2017MON-091','Màn hình máy tính View Sonic VA1903A/ 19 inch (18.5 vis) LCD Monitor 1366x768 VGA Tilt VA-03 ID',1,11,1,1,NULL,'Chiếc','',1,'ntpthanh',NULL,NULL,NULL,NULL,NULL,NULL,NULL,NULL,NULL,NULL),(255,'2017MON-092','Màn hình máy tính View Sonic VA1903A, 19 inch (18.5 vis) LCD Monitor 1366x768 VGA Tilt VA-03 ID',1,11,1,1,NULL,'Chiếc','',0,'tqvinh',NULL,NULL,NULL,NULL,NULL,NULL,NULL,NULL,NULL,NULL),(256,'2017MON-093','Màn hình máy tính View Sonic VA1903A, 19 inch (18.5 vis) LCD Monitor 1366x768 VGA Tilt VA-03 ID',1,11,1,1,NULL,'Chiếc','',0,'tqvinh',NULL,NULL,NULL,NULL,NULL,NULL,NULL,NULL,NULL,NULL),(257,'2017MON-094','Màn hình máy tính View Sonic VA1903A/ 19 inch (18.5 vis) LCD Monitor 1366x768 VGA Tilt VA-03 ID',1,11,1,1,NULL,'Chiếc','',1,'dxtho',NULL,NULL,NULL,NULL,NULL,NULL,NULL,NULL,NULL,NULL),(258,'2017MON-095','Màn hình máy tính View Sonic VA1903A/ 19 inch (18.5 vis) LCD Monitor 1366x768 VGA Tilt VA-03 ID',1,11,1,1,NULL,'Chiếc','',1,'hvphuong',NULL,NULL,NULL,NULL,NULL,NULL,NULL,NULL,NULL,NULL),(259,'2017MON-096','Màn hình máy tính View Sonic VA1903A/ 19 inch (18.5 vis) LCD Monitor 1366x768 VGA Tilt VA-03 ID',1,11,1,1,NULL,'Chiếc','',1,'vvanh2',NULL,NULL,NULL,NULL,NULL,NULL,NULL,NULL,NULL,NULL),(260,'2017MON-097','Màn hình Dell E2216H 21.5\"',1,11,1,1,NULL,'Chiếc','',1,'nthieu4',NULL,NULL,NULL,NULL,NULL,NULL,NULL,NULL,NULL,NULL),(261,'2017MON-098','Màn hình Dell E2216H 21.5\"',1,11,1,1,NULL,'Chiếc','',1,'vvthuy',NULL,NULL,NULL,NULL,NULL,NULL,NULL,NULL,NULL,NULL),(262,'2017MON-099','Màn hình Dell E2216H 21.5\"',1,11,1,1,NULL,'Chiếc','',1,'lvhuong',NULL,NULL,NULL,NULL,NULL,NULL,NULL,NULL,NULL,NULL),(263,'2017MON-100','Màn hình Dell UltraSharp 24\" U2414H Full HD',1,11,1,1,NULL,'Chiếc','',1,'htthoa',NULL,NULL,NULL,NULL,NULL,NULL,NULL,NULL,NULL,NULL),(264,'2017MON-101','Màn hình Dell E2216H 21.5\"',1,11,1,1,NULL,'Chiếc','',1,'lvtrung',NULL,NULL,NULL,NULL,NULL,NULL,NULL,NULL,NULL,NULL),(265,'2017MON-102','Màn hình LCD Dell E2216H Full HD 21.5 inch (1920x1080)/VGA + Display',1,11,1,1,NULL,'Chiếc','',1,'nthung1',NULL,NULL,NULL,NULL,NULL,NULL,NULL,NULL,NULL,NULL),(266,'2017MON-103','Màn hình Dell E2216H 21.5\"',1,11,1,1,NULL,'Chiếc','',1,'ndkhanh1',NULL,NULL,NULL,NULL,NULL,NULL,NULL,NULL,NULL,NULL),(267,'2017MON-104','Màn hình Dell E2216H 21.5\"',1,11,1,1,NULL,'Chiếc','',1,'pdtanh',NULL,NULL,NULL,NULL,NULL,NULL,NULL,NULL,NULL,NULL),(268,'2017MON-105','Màn hình Dell E2216H 21.5\"',1,11,1,1,NULL,'Chiếc','',1,'nhvan',NULL,NULL,NULL,NULL,NULL,NULL,NULL,NULL,NULL,NULL),(269,'2017MON-106','Màn hình LCD Dell E2216H Full HD 21.5 inch (1920x1080)/VGA + Display',1,11,1,1,NULL,'Chiếc','',1,'mhduong',NULL,NULL,NULL,NULL,NULL,NULL,NULL,NULL,NULL,NULL),(270,'2017MON-107','Màn hình LCD Dell E2216H Full HD 21.5 inch (1920x1080)/VGA + Display',1,11,1,1,NULL,'Chiếc','',1,'dkthanh',NULL,NULL,NULL,NULL,NULL,NULL,NULL,NULL,NULL,NULL),(271,'2017MON-108','Màn hình LCD Dell E2216H Full HD 21.5 inch (1920x1080)/VGA + Display',1,11,1,1,NULL,'Chiếc','',0,'tqvinh','2020-01-05 23:05:43',NULL,NULL,NULL,NULL,NULL,NULL,NULL,NULL,NULL),(272,'2017MON-109','Màn hình LCD Dell E2216H Full HD 21.5 inch (1920x1080)/VGA + Display',1,11,1,1,NULL,'Chiếc','',1,'dtxuan',NULL,NULL,NULL,NULL,NULL,NULL,NULL,NULL,NULL,NULL),(273,'2017MON-110','Màn hình LCD Dell E2216H Full HD 21.5 inch (1920x1080)/VGA + Display',1,11,1,1,NULL,'Chiếc','',1,'mhduong',NULL,NULL,NULL,NULL,NULL,NULL,NULL,NULL,NULL,NULL),(274,'2017MON-111','Màn hình LCD Dell E2216H Full HD 21.5 inch (1920x1080)/VGA + Display',1,11,1,1,NULL,'Chiếc','',1,'dtnhung',NULL,NULL,NULL,NULL,NULL,NULL,NULL,NULL,NULL,NULL),(275,'2017MON-112','Màn hình LCD Dell E2216H Full HD 21.5 inch (1920x1080)/VGA + Display',1,11,1,1,NULL,'Chiếc','',1,'ntgiang2',NULL,NULL,NULL,NULL,NULL,NULL,NULL,NULL,NULL,NULL),(276,'2017MON-113','Màn hình LCD Dell E2216H Full HD 21.5 inch (1920x1080)/VGA + Display',1,11,1,1,NULL,'Chiếc','',1,'ntbinh4',NULL,NULL,NULL,NULL,NULL,NULL,NULL,NULL,NULL,NULL),(277,'2017MON-114','Màn hình LCD Dell U24 14H/23.8 inch/HDMI x2',1,11,1,1,NULL,'Chiếc','',1,'dbhung',NULL,NULL,NULL,NULL,NULL,NULL,NULL,NULL,NULL,NULL),(278,'2017MON-115','Màn hình LCD Dell E2216H Full HD 21.5 inch (1920x1080)/VGA + Display',1,11,1,1,NULL,'Chiếc','',1,'vbhuan',NULL,NULL,NULL,NULL,NULL,NULL,NULL,NULL,NULL,NULL),(279,'2017MON-116','Màn hình LCD Dell E2216H Full HD 21.5 inch (1920x1080)/VGA + Display',1,11,1,1,NULL,'Chiếc','',1,'pghuu',NULL,NULL,NULL,NULL,NULL,NULL,NULL,NULL,NULL,NULL),(280,'2017MON-117','Màn hình LCD Dell E2216H Full HD 21.5 inch (1920x1080)/VGA + Display',1,11,1,1,NULL,'Chiếc','',1,'mhduong',NULL,NULL,NULL,NULL,NULL,NULL,NULL,NULL,NULL,NULL),(281,'2017MON-118','Màn hình LCD Dell E2216H Full HD 21.5 inch (1920x1080)/VGA + Display',1,11,1,1,NULL,'Chiếc','',1,'nhtuan',NULL,NULL,NULL,NULL,NULL,NULL,NULL,NULL,NULL,NULL),(282,'2017MON-119','Màn hình LCD Dell E2216HV Full HD 21.5 inch inch',1,11,1,1,NULL,'Chiếc','',1,'ntkien',NULL,NULL,NULL,NULL,NULL,NULL,NULL,NULL,NULL,NULL),(283,'2017MON-120','Màn hình LCD Dell E2216HV Full HD 21.5 inch inch',1,11,1,1,NULL,'Chiếc','',1,'pghuu',NULL,NULL,NULL,NULL,NULL,NULL,NULL,NULL,NULL,NULL),(284,'2017MON-121','Màn hình LCD Dell E2216HV Full HD 21.5 inch inch',1,11,1,1,NULL,'Chiếc','',1,'mhduong',NULL,NULL,NULL,NULL,NULL,NULL,NULL,NULL,NULL,NULL),(285,'2017MON-122','Màn hình LCD Dell U2414H/ 23.8 inch',1,11,1,1,NULL,'Chiếc','',1,'nddang',NULL,NULL,NULL,NULL,NULL,NULL,NULL,NULL,NULL,NULL),(286,'2017MON-123','Màn hình LCD Dell E2216HV Full HD 21.5 inch inch',1,11,1,1,NULL,'Chiếc','',1,'nttgiang',NULL,NULL,NULL,NULL,NULL,NULL,NULL,NULL,NULL,NULL),(287,'2017MON-124','Màn hình LCD Dell E2216H Full HD 21.5 inch (1920x1080)/VGA + Display',1,11,1,1,NULL,'Chiếc','',1,'mhduong',NULL,NULL,NULL,NULL,NULL,NULL,NULL,NULL,NULL,NULL),(288,'2017MON-125','Màn hình LCD Dell E2216H Full HD 21.5 inch (1920x1080)/VGA + Display',1,11,1,1,NULL,'Chiếc','',1,'gttha',NULL,NULL,NULL,NULL,NULL,NULL,NULL,NULL,NULL,NULL),(289,'2017MON-126','Màn hình LCD Dell S2218H 21.5 inch LED (1920x1080)/VGA/HDMI/IPS',1,11,1,1,NULL,'Chiếc','',1,'nmhieu',NULL,NULL,NULL,NULL,NULL,NULL,NULL,NULL,NULL,NULL),(290,'2017MON-127','Màn hình LCD Dell E2216H Full HD 21.5 inch (1920x1080)/VGA + Display',1,11,1,1,NULL,'Chiếc','',1,'dnbao',NULL,NULL,NULL,NULL,NULL,NULL,NULL,NULL,NULL,NULL),(291,'2017MON-128','Màn hình LCD Dell E2216H Full HD 21.5 inch (1920x1080)/VGA + Display',1,11,1,1,NULL,'Chiếc','',1,'dnbao',NULL,NULL,NULL,NULL,NULL,NULL,NULL,NULL,NULL,NULL),(292,'2017MON-129','Màn hình LCD Dell E2216H Full HD 21.5 inch (1920x1080)/VGA + Display',1,11,6,1,'51ce19be-feef-4aac-8da2-907ddbe50f9c','Chiếc','',0,'ldhai','2020-01-13 10:41:54',NULL,NULL,NULL,NULL,NULL,NULL,NULL,'2020-01-10 01:50:03','mhduong'),(293,'2017MON-130','Màn hình LCD Dell E2216H Full HD 21.5 inch (1920x1080)/VGA + Display',1,11,1,1,NULL,'Chiếc','',1,'nhvan',NULL,NULL,NULL,NULL,NULL,NULL,NULL,NULL,NULL,NULL),(294,'2017MON-131','Màn hình LCD Dell E2216H Full HD 21.5 inch (1920x1080)/VGA + Display',1,11,1,1,NULL,'Chiếc','Mua 32 bộ cho RRC',1,'bhduc',NULL,NULL,NULL,NULL,NULL,NULL,NULL,NULL,NULL,NULL),(295,'2017MON-132','Màn hình LCD Dell E2216H Full HD 21.5 inch (1920x1080)/VGA + Display',1,11,1,1,NULL,'Chiếc','Mua 32 bộ cho RRC',1,'vdtan',NULL,NULL,NULL,NULL,NULL,NULL,NULL,NULL,NULL,NULL),(296,'2017MON-133','Màn hình LCD Dell E2216H Full HD 21.5 inch (1920x1080)/VGA + Display',1,11,1,1,NULL,'Chiếc','Mua 32 bộ cho RRC',1,'nxkhanh',NULL,NULL,NULL,NULL,NULL,NULL,NULL,NULL,NULL,NULL),(297,'2017MON-134','Màn hình LCD Dell E2216H Full HD 21.5 inch (1920x1080)/VGA + Display',1,11,1,1,NULL,'Chiếc','Mua 32 bộ cho RRC',1,'nbson',NULL,NULL,NULL,NULL,NULL,NULL,NULL,NULL,NULL,NULL),(298,'2017MON-135','Màn hình LCD Dell E2216H Full HD 21.5 inch (1920x1080)/VGA + Display',1,11,1,1,NULL,'Chiếc','Mua 32 bộ cho RRC',1,'vvlong',NULL,NULL,NULL,NULL,NULL,NULL,NULL,NULL,NULL,NULL),(299,'2017MON-136','Màn hình LCD Dell E2216H Full HD 21.5 inch (1920x1080)/VGA + Display',1,11,1,1,NULL,'Chiếc','Mua 32 bộ cho RRC',1,'nvtruong1',NULL,NULL,NULL,NULL,NULL,NULL,NULL,NULL,NULL,NULL),(300,'2017MON-137','Màn hình LCD Dell E2216H Full HD 21.5 inch (1920x1080)/VGA + Display',1,11,1,1,NULL,'Chiếc','Mua 32 bộ cho RRC',1,'dxthanh',NULL,NULL,NULL,NULL,NULL,NULL,NULL,NULL,NULL,NULL),(301,'2017MON-138','Màn hình LCD Dell E2216H Full HD 21.5 inch (1920x1080)/VGA + Display',1,11,1,1,NULL,'Chiếc','Mua 32 bộ cho RRC',0,'tqvinh','2020-01-10 02:23:27',NULL,NULL,NULL,NULL,NULL,NULL,NULL,NULL,NULL),(302,'2017MON-139','Màn hình LCD Dell E2216H Full HD 21.5 inch (1920x1080)/VGA + Display',1,11,1,1,NULL,'Chiếc','Mua 32 bộ cho RRC',1,'mhduong',NULL,NULL,NULL,NULL,NULL,NULL,NULL,NULL,NULL,NULL),(303,'2017MON-140','Màn hình LCD Dell E2216H Full HD 21.5 inch (1920x1080)/VGA + Display',1,11,1,1,NULL,'Chiếc','Mua 32 bộ cho RRC',1,'nhminh',NULL,NULL,NULL,NULL,NULL,NULL,NULL,NULL,NULL,NULL),(304,'2017MON-141','Màn hình LCD Dell E2216H Full HD 21.5 inch (1920x1080)/VGA + Display',1,11,1,1,NULL,'Chiếc','Mua 32 bộ cho RRC',1,'hvphuong',NULL,NULL,NULL,NULL,NULL,NULL,NULL,NULL,NULL,NULL),(305,'2017MON-142','Màn hình LCD Dell E2216H Full HD 21.5 inch (1920x1080)/VGA + Display',1,11,1,1,NULL,'Chiếc','Mua 32 bộ cho RRC',1,'tmgiang',NULL,NULL,NULL,NULL,NULL,NULL,NULL,NULL,NULL,NULL),(306,'2017MON-143','Màn hình LCD Dell E2216H Full HD 21.5 inch (1920x1080)/VGA + Display',1,11,1,1,NULL,'Chiếc','Mua 32 bộ cho RRC',1,'nvphuc',NULL,NULL,NULL,NULL,NULL,NULL,NULL,NULL,NULL,NULL),(307,'2017MON-144','Màn hình LCD Dell E2216H Full HD 21.5 inch (1920x1080)/VGA + Display',1,11,1,1,NULL,'Chiếc','Mua 32 bộ cho RRC',1,'vdhao',NULL,NULL,NULL,NULL,NULL,NULL,NULL,NULL,NULL,NULL),(308,'2017MON-145','Màn hình LCD Dell E2216H Full HD 21.5 inch (1920x1080)/VGA + Display',1,11,1,1,NULL,'Chiếc','Mua 32 bộ cho RRC',1,'mhduong',NULL,NULL,NULL,NULL,NULL,NULL,NULL,NULL,NULL,NULL),(309,'2017MON-146','Màn hình LCD Dell E2216H Full HD 21.5 inch (1920x1080)/VGA + Display',1,11,1,1,NULL,'Chiếc','Mua 32 bộ cho RRC',1,'ttthuong',NULL,NULL,NULL,NULL,NULL,NULL,NULL,NULL,NULL,NULL),(310,'2017MON-147','Màn hình LCD Dell E2216H Full HD 21.5 inch (1920x1080)/VGA + Display',1,11,1,1,NULL,'Chiếc','Mua 32 bộ cho RRC',1,'nxcanh',NULL,NULL,NULL,NULL,NULL,NULL,NULL,NULL,NULL,NULL),(311,'2017MON-148','Màn hình LCD Dell E2216H Full HD 21.5 inch (1920x1080)/VGA + Display',1,11,1,1,NULL,'Chiếc','Mua 32 bộ cho RRC',1,'vxthien',NULL,NULL,NULL,NULL,NULL,NULL,NULL,NULL,NULL,NULL),(312,'2017MON-149','Màn hình LCD Dell E2216H Full HD 21.5 inch (1920x1080)/VGA + Display',1,11,1,1,NULL,'Chiếc','Mua 32 bộ cho RRC',1,'dmtuong',NULL,NULL,NULL,NULL,NULL,NULL,NULL,NULL,NULL,NULL),(313,'2017MON-150','Màn hình LCD Dell E2216H Full HD 21.5 inch (1920x1080)/VGA + Display',1,11,1,1,NULL,'Chiếc','Mua 32 bộ cho RRC',1,'mhduong',NULL,NULL,NULL,NULL,NULL,NULL,NULL,NULL,NULL,NULL),(314,'2017MON-151','Màn hình LCD Dell E2216H Full HD 21.5 inch (1920x1080)/VGA + Display',1,11,1,1,NULL,'Chiếc','Mua 32 bộ cho RRC',1,'ncthang',NULL,NULL,NULL,NULL,NULL,NULL,NULL,NULL,NULL,NULL),(315,'2017MON-152','Màn hình LCD Dell E2216H Full HD 21.5 inch (1920x1080)/VGA + Display',1,11,1,1,NULL,'Chiếc','Mua 32 bộ cho RRC',1,'lvtung1',NULL,NULL,NULL,NULL,NULL,NULL,NULL,NULL,NULL,NULL),(316,'2017MON-153','Màn hình LCD Dell E2216H Full HD 21.5 inch (1920x1080)/VGA + Display',1,11,1,1,NULL,'Chiếc','Mua 32 bộ cho RRC',0,'tqvinh','2020-01-02 05:26:08',NULL,NULL,NULL,NULL,NULL,NULL,NULL,NULL,NULL),(317,'2017MON-154','Màn hình LCD Dell E2216H Full HD 21.5 inch (1920x1080)/VGA + Display',1,11,1,1,NULL,'Chiếc','Mua 32 bộ cho RRC',1,'dnduc',NULL,NULL,NULL,NULL,NULL,NULL,NULL,NULL,NULL,NULL),(318,'2017MON-155','Màn hình LCD Dell E2216H Full HD 21.5 inch (1920x1080)/VGA + Display',1,11,1,1,NULL,'Chiếc','Mua 32 bộ cho RRC',1,'vdtan',NULL,NULL,NULL,NULL,NULL,NULL,NULL,NULL,NULL,NULL),(319,'2017MON-156','Màn hình LCD Dell E2216H Full HD 21.5 inch (1920x1080)/VGA + Display',1,11,1,1,NULL,'Chiếc','Mua 32 bộ cho RRC',0,'tqvinh','2020-01-13 10:28:42',NULL,NULL,NULL,NULL,NULL,NULL,NULL,NULL,NULL),(320,'2017MON-157','Màn hình LCD Dell E2216H Full HD 21.5 inch (1920x1080)/VGA + Display',1,11,1,1,NULL,'Chiếc','Mua 32 bộ cho RRC',1,'ddhuy',NULL,NULL,NULL,NULL,NULL,NULL,NULL,NULL,NULL,NULL),(321,'2017MON-158','Màn hình LCD Dell E2216H Full HD 21.5 inch (1920x1080)/VGA + Display',1,11,NULL,1,NULL,'Chiếc','Mua 32 bộ cho RRC',2,'mhduong',NULL,NULL,NULL,NULL,NULL,NULL,NULL,NULL,NULL,NULL),(322,'2017MON-159','Màn hình LCD Dell E2216H Full HD 21.5 inch (1920x1080)/VGA + Display',1,11,NULL,1,NULL,'Chiếc','Mua 32 bộ cho RRC',2,'mhduong',NULL,NULL,NULL,NULL,NULL,NULL,NULL,NULL,NULL,NULL),(323,'2017MON-160','Màn hình LCD Dell E2216H Full HD 21.5 inch (1920x1080)/VGA + Display',1,11,1,1,NULL,'Chiếc','Mua 32 bộ cho RRC',1,'dqthang',NULL,NULL,NULL,NULL,NULL,NULL,NULL,NULL,NULL,NULL),(324,'2019LAP-001','Dell optiplex 3046/ core i5-6500/ ram 8gb/ HDD 500GB/ key+mouse ',1,7,NULL,1,'9880b0f8-06d1-462b-958c-af6c8e8ee6c6','Cái','',3,'nthung',NULL,NULL,NULL,NULL,NULL,NULL,NULL,NULL,NULL,NULL),(325,'2019NAS-001','Dell optiplex 3046/ core i5-6500/ ram 8gb/ HDD 500GB/ key+mouse',1,22,NULL,1,'3f1ae6a4-0d5e-4d26-bf99-f7e735c574f9','Chiếc','Server',3,'nthung',NULL,NULL,NULL,NULL,NULL,NULL,NULL,NULL,NULL,NULL),(326,'2017-PC-003','PC',1,26,1,1,'f88356c3-2703-42c5-ad4d-805d96ec3134','unit','Note',0,'tqvinh','2019-12-30 23:37:59',NULL,NULL,NULL,NULL,NULL,NULL,NULL,NULL,NULL),(327,'2020BT006','HP pavilion 550-032L/core i5-4460/4GBx2/ 1TB/key+mouse',1,1,1,1,'e2ed33bf-741e-4187-8a91-0542301e3f75','Chiếc','',3,'mhduong',NULL,NULL,NULL,NULL,NULL,NULL,NULL,NULL,NULL,NULL),(328,'2017-PC-005','string  33333',1,26,NULL,1,'e8ec025b-b491-4cf2-82f3-772d42d6cf3a','Chiếc','',2,'tqvinh',NULL,NULL,NULL,NULL,NULL,NULL,NULL,NULL,NULL,NULL),(329,'2019HUT-001','Mac mini - MGEN2ZP/A/ Core i5 2.6 Ghz/ Ram 8gb/ HDD 1TB',1,16,NULL,1,'27e2ac07-1daa-42c5-9b30-eff920b1dd1f','Chiếc','',2,'ductn',NULL,NULL,NULL,NULL,NULL,NULL,NULL,NULL,NULL,NULL),(330,'2019SCAN001','kdhvhjsdf',1,19,2,1,'e9827a94-60a2-401d-9230-eb2a9b120df6','','',0,'tqvinh','2019-12-24 02:22:24',NULL,NULL,NULL,NULL,NULL,NULL,NULL,NULL,NULL),(331,'2017-PC-008','Dellx optilplex 3040 SFF/ core i5-6500U/8GB/500GB/ key+mouse',1,26,NULL,1,'aa7ac207-9b88-4599-bf6d-5d8df36b644c','Chiếc','',2,'tqvinh',NULL,NULL,NULL,NULL,NULL,NULL,NULL,NULL,NULL,NULL),(332,'2017-PC-009','Bộ máy tính CMS Vipo V710-204 (i3-3240/4GB x 2 thanh/500GB/DVDROM/PCI 1GB)',1,26,NULL,1,'03e61b60-4405-4aec-b515-49cc0414a686','Chiếc','',2,NULL,NULL,NULL,NULL,NULL,NULL,NULL,NULL,NULL,NULL,NULL),(333,'2017-PC-010','Dell optiplex 3020 SFF/ core i5-4590/8GB/ 500GB',1,26,2,1,'c56eb9d6-32c4-49b1-b553-fb4a11b8fbbc','Chiếc','',0,'tqvinh','2019-12-27 06:31:29',NULL,NULL,NULL,NULL,NULL,NULL,NULL,NULL,NULL),(334,'2017-PC-011','Mac mini/ core i5/ Ram 8GB/ HDD 1TB',1,26,1,1,'5ec53e83-10c9-4dc8-a9c6-4fb2c8020cce','Chiếc','',0,'tqvinh','2019-12-31 06:58:21',NULL,NULL,NULL,NULL,NULL,NULL,NULL,NULL,NULL),(335,'2017-PC-012','CMS Scorpion intel core 2 Quad Q8300 2.5 GHz, 1333 MHz FSB, 4MB cache, inte G41, 500 GB Sata/DVD rom/ + 1 DD Ram512 bus 400 (3/8/11)',1,26,1,1,'d2ab8c9c-a828-43ba-88d8-adfd14f248f3','Chiếc','',3,'ductn',NULL,NULL,NULL,NULL,NULL,NULL,NULL,NULL,NULL,NULL),(336,'2019SCAN002','Dell optiplex 3020 SFF/ core i5-4590/8GB/ 500GB',1,19,2,1,'153372ae-aee9-467f-ba57-5b508eaa7162','Chiếc','',0,'tqvinh','2019-12-25 16:01:21',NULL,NULL,NULL,NULL,NULL,NULL,NULL,NULL,NULL),(337,'2017-PC-014','Bộ máy tính CMS Vipo V710-204 (i3-3240/4GB x 2 thanh/500GB/DVDROM)',1,26,1,1,'986cd9a0-11f5-4ba7-99d5-8f07202115b7','Chiếc','',5,'tqvinh',NULL,NULL,NULL,NULL,NULL,NULL,NULL,NULL,NULL,NULL),(338,'2017-PC-015','Bộ máy tính CMS Vipo V710-204 (i3-3240/4GB x 2 thanh/500GB/DVDROM/PCI 1GB)',1,26,3,1,'a5866964-85dc-4ce6-b94c-f62078a738d6','Chiếc','',0,'ldhai','2019-12-25 16:26:03',NULL,NULL,NULL,NULL,NULL,NULL,NULL,NULL,NULL),(339,'2017-PC-016','Bộ máy tính CMS Scorpion S710-197 (core i3-3240. H61/ RAM4GB/ HDD500GB/DVDROM/Key/Mou (RAM 8GB)',1,26,1,1,'28777322-6d29-4b1b-843e-71c2d3d7c187','Chiếc','',1,'bmthin',NULL,NULL,NULL,NULL,NULL,NULL,NULL,NULL,NULL,NULL),(340,'2017-PC-017','Bộ máy tính CMS Scorpion S710-197(core i3-3240, RAM 4GB x 2 thanh/HDD 500GB/DVDRom',1,26,1,1,'2df0cd61-6c4f-443a-8dc4-990e83c22408','Chiếc','Server Sistic trong kho',0,'tqvinh',NULL,NULL,NULL,NULL,NULL,NULL,NULL,NULL,NULL,NULL),(341,'2017-PC-018','Dell Optiplex 3020SFF (70055828)/Intel, core i3-4150 (3.50GHz,3MB)/ Ram 4gb DDR3 1600Mhz x 2 thanh/ 500GB HDD/ Intel HD Graphics/8x DVDRW/ ubuntu',1,26,2,1,'289fb327-224c-49bc-9531-654d2ebd9e73','Chiếc','Làm server',0,'tqvinh','2019-12-25 16:30:55',NULL,NULL,NULL,NULL,NULL,NULL,NULL,NULL,NULL),(342,'2017-PC-019','Dell optiplex 3020 SFF/ core i5-4590/8GB/ 500GB',1,26,1,1,'d426ea89-b511-41b5-8ca8-92a281617898','Chiếc','Đã bỏ 1 thanh ram 8GB để còn 8GB',0,'tqvinh','2019-12-27 06:30:48',NULL,NULL,NULL,NULL,NULL,NULL,NULL,NULL,NULL),(343,'2017-PC-021','HP pavilion 550-032L/core i5-4460/4GBx2/ 1TB/key+mouse',1,26,1,1,'a7e1c190-21e9-48fa-b55d-bfe43b7d41fa','Chiếc','',1,'mhduong',NULL,NULL,NULL,NULL,NULL,NULL,NULL,NULL,NULL,NULL),(344,'2017-PC-022','Bộ máy tính CMS Scorpion S710-197(core i3-3240/ RAM 2GBx2 thanh/HDD 500GB/DVDRom',1,26,1,1,'f402590e-f987-4109-8930-84786d05268c','Chiếc','',1,'lhhanh',NULL,NULL,NULL,NULL,NULL,NULL,NULL,NULL,NULL,NULL),(345,'2017-PC-023','Bộ máy tính CMS Scorpion S710-197(core i3-3240, RAM 2GB+4GB/HDD 500GB/DVDRom',1,26,1,1,'3aeea69d-1485-4b27-8aad-f55b0497b348','Chiếc','',0,'tqvinh',NULL,NULL,NULL,NULL,NULL,NULL,NULL,NULL,NULL,NULL),(346,'2017-PC-025','Dell optiplex 3020 SFF/ core i5-4590/8GB/ 500GB',1,26,1,1,'fa1987a5-c7bf-4d5d-97f0-bcf2e3e67cba','Chiếc','',1,'nvtien',NULL,NULL,NULL,NULL,NULL,NULL,NULL,NULL,NULL,NULL),(347,'2017-PC-026','Dell Optiplex 3020MT, core i3-4150, Ram 4gb x2/ HDD 500GB',1,26,1,1,'1d7bc33c-6f94-41c9-90c6-da2d4b6e2941','Chiếc','Cấp để cài đặt server',0,'tqvinh',NULL,NULL,NULL,NULL,NULL,NULL,NULL,NULL,NULL,NULL),(348,'2017-PC-027','Bộ máy tính CMS Vipo V710-204 (i3-3240/4GB/ 500GB/ DVDROM/PCI 1GB)',1,26,1,1,'1632f3d6-265f-47e4-868b-5f0955c99780','Chiếc','',0,'tqvinh',NULL,NULL,NULL,NULL,NULL,NULL,NULL,NULL,NULL,NULL),(349,'2017-PC-028','Bộ máy tính CMS Vipo V710-204 (i3-3240/4GB/500GB/DVDROM/PCI 1GB)',1,26,1,1,'ca01c54d-95b3-4791-b32b-b241dddb6323','Chiếc','',1,NULL,NULL,NULL,NULL,NULL,NULL,NULL,NULL,NULL,NULL,NULL),(350,'2017-PC-029','Bộ máy tính CMS Vipo V710-204 (i3-3240/4GB x 2 thanh/500GB/DVDROM)',1,26,1,1,'41ad3cfe-6768-42d1-9edb-f0ed771eceaa','Chiếc','2 thanh 2 GB hỏng - bỏ',1,'nahoa',NULL,NULL,NULL,NULL,NULL,NULL,NULL,NULL,NULL,NULL),(351,'2017-PC-030','Dell optiplex 3020 SFF/ core i5-4590/8GB/ 500GB',1,26,1,1,'196e28cc-8fbf-4e3d-baf3-0c2fdfde8e42','Chiếc','12GB ram',1,'pvhieu',NULL,NULL,NULL,NULL,NULL,NULL,NULL,NULL,NULL,NULL),(352,'2017-PC-031','PCCMS Vipo V785-194 (core i3-2130, RAM 4GB, HDD 1TB, DVDROM, PCI 1GB, Key, Mou)',1,26,1,1,'d67720a2-6cc8-49e7-83a4-529753c250b7','Chiếc','',0,'tqvinh',NULL,NULL,NULL,NULL,NULL,NULL,NULL,NULL,NULL,NULL),(353,'2017-PC-032','Dell Optiplex 3020 SFF/ core i5-4590/4GB/ 500GB',1,26,1,1,'8ce5d4eb-3bda-4659-8850-3c885b2bd4dd','Chiếc','Máy chấm công',0,'tqvinh',NULL,NULL,NULL,NULL,NULL,NULL,NULL,NULL,NULL,NULL),(354,'2017-PC-033','Mac Mini MC815 ZP/A 2.3GHz dual-core Intel Core i5 8GB memory 500GB hard drive1 Intel HD Graphics 3000 OS X Lion, 8GB ram',1,26,NULL,1,'cfab972f-cabc-4e3a-a6ae-a96c674d07d4','Chiếc','',3,'ductn',NULL,NULL,NULL,NULL,NULL,NULL,NULL,NULL,NULL,NULL),(355,'2017-PC-034','Mac mini/ core i5/ Ram 8GB/ HDD 1TB',1,26,1,1,'bd43642c-092a-4d6b-9e42-b74b4de2c878','Chiếc','',1,'tthuyen1',NULL,NULL,NULL,NULL,NULL,NULL,NULL,NULL,NULL,NULL),(356,'2017-PC-035','Bộ máy tính CMS Scorpion S710-197(core i3-3240/ RAM 4GB/HDD 500GB/DVDRom',1,26,1,1,'1fc3de64-c309-40c6-a4cf-2c9b9ef5bbf5','Chiếc','',1,'mhduong',NULL,NULL,NULL,NULL,NULL,NULL,NULL,NULL,NULL,NULL),(357,'2017-PC-036','Dell optilplex 3040 SFF/ core i5-6500U/8GB/500GB/ key+mou',1,26,1,1,'612f454e-9b06-409c-9638-0cad0e0ecc99','Chiếc','server chấm công IBM',1,'ndson',NULL,NULL,NULL,NULL,NULL,NULL,NULL,NULL,NULL,NULL),(358,'2017-PC-037','Dell Optiplex 3020MT, core i3-4150, Ram 4gb x 2 thanh,HDD 500GB',1,26,1,1,'d5529d64-fec2-4d9b-93a2-9b630a38b82c','Chiếc','',0,'tqvinh',NULL,NULL,NULL,NULL,NULL,NULL,NULL,NULL,NULL,NULL),(359,'2017-PC-038','Dell Optiplex 3020SFF (70055828)/Intel/ core i3-4150 (3.50GHz/3MB)/ Ram 4gb DDR3 1600Mhz x 2 thanh/ 500GB HDD/ Intel HD Graphics/8x DVDRW/ Key & Mouse/ ubuntu',1,26,1,1,'0956d820-93d5-4042-8c30-59e9739089c2','Chiếc','',1,'nttrang1',NULL,NULL,NULL,NULL,NULL,NULL,NULL,NULL,NULL,NULL),(360,'2017-PC-039','HP pavilion 550-171L /i5-6400/ 8GB/ 1TB/ key+mouse',1,26,1,1,'bc92d280-84fc-4e2f-a2e7-72f1c2a29269','Chiếc','',1,'tvhai',NULL,NULL,NULL,NULL,NULL,NULL,NULL,NULL,NULL,NULL),(361,'2017-PC-040','Bộ máy tính CMS Scorpion S710-197 (core i3-3240. H61/RAM 4GB x 2 thanh/HDD 500GB)',1,26,1,1,'3144246a-b103-40f8-a4d1-703bb254de3d','Chiếc','',0,'tqvinh','2020-01-10 02:23:27',NULL,NULL,NULL,NULL,NULL,NULL,NULL,NULL,NULL),(362,'2017-PC-041','Dell optiplex 3020 SFF/ core i5-4590/8GB/ 500GB',1,26,1,1,'ae07454b-9d23-43b0-b1bd-e6be4faa9553','Chiếc','',0,'tqvinh','2019-12-30 08:53:12',NULL,NULL,NULL,NULL,NULL,NULL,NULL,NULL,NULL),(363,'2017-PC-042','Mac Mini MC815 ZP/A 2.3GHz dual-core Intel Core i5 2GB memory 500GB hard drive1 Intel HD Graphics 3000 OS X Lion',1,26,1,1,'6c3c0fda-3f1d-425c-bd8f-e7a7844198a1','Chiếc','Thiếu dây',1,'nvtrung1',NULL,NULL,NULL,NULL,NULL,NULL,NULL,NULL,NULL,NULL),(364,'2017-PC-043','Dell optiplex 3020 SFF/ core i5-4590/8GB/ 500GB',1,26,1,1,'fb174ae2-1fac-4d30-944c-4453a943e8ac','Chiếc','Dùng cho 2 tivi',1,'dtanh',NULL,NULL,NULL,NULL,NULL,NULL,NULL,NULL,NULL,NULL),(365,'2017-PC-044','Dell optiplex 3020 SFF/ core i5-4590/8GB/ 500GB',1,26,1,1,'09b9b592-95d4-4875-8913-dc6147138cf9','Chiếc','',1,'hmduc',NULL,NULL,NULL,NULL,NULL,NULL,NULL,NULL,NULL,NULL),(366,'2017-PC-045','Dell optilpex 3020SFF/core i5-4590/ 8GB/ 500GB',1,26,1,1,'d95dc0b9-0c44-499d-9716-1b772a80148a','Chiếc','',1,'mtanh',NULL,NULL,NULL,NULL,NULL,NULL,NULL,NULL,NULL,NULL),(367,'2017-PC-046','HP pavilion 550-171L /i5-6400/ 8GB/ 1TB/ key+mouse',1,26,1,1,'f3d98291-9dd4-498f-a2ba-cdb87dcff8e8','Chiếc','',1,'nthnhung',NULL,NULL,NULL,NULL,NULL,NULL,NULL,NULL,NULL,NULL),(368,'2017-PC-048','Dell Optiplex 3020 SFF/ core i5-4590/8GB/ 500GB',1,26,1,1,'43371cbf-7c7d-4988-8f02-37cba21a0db1','Chiếc','server DTS',1,'nxcanh',NULL,NULL,NULL,NULL,NULL,NULL,NULL,NULL,NULL,NULL),(369,'2017-PC-049','Dell optiplex 3046SFF/ core i5-6500/ Ram 8gb/ HDD 500GB/ key+mouse',1,26,1,1,'e1b4d391-ae7e-4b91-bda3-54aa963883a2','Chiếc','',1,'ntpha',NULL,NULL,NULL,NULL,NULL,NULL,NULL,NULL,NULL,NULL),(370,'2017-PC-050','Dell Optiplex 3020 SFF/ core i5-4590/4GB/ 500GB',1,26,1,1,'92dd266f-365f-4ab6-91f1-e0ada2497498','Chiếc','',1,'dvvinh2',NULL,NULL,NULL,NULL,NULL,NULL,NULL,NULL,NULL,NULL),(371,'2017-PC-051','Dell Optiplex 3020 SFF/ core i5-4590/4GB x 2 thanh/ 500GB',1,26,1,1,'49d97fad-a678-4864-b267-dc790cbd2359','Chiếc','lắp thêm ram 4gb tháng 3.2017',1,'ntkien12',NULL,NULL,NULL,NULL,NULL,NULL,NULL,NULL,NULL,NULL),(372,'2017-PC-052','Dell Optiplex 3020 SFF/ core i5-4590/8GB/ 500GB',1,26,1,1,'703214d5-d9ff-40ae-887d-e7025112a7c4','Chiếc','',1,'ntkien12',NULL,NULL,NULL,NULL,NULL,NULL,NULL,NULL,NULL,NULL),(373,'2017-PC-053','Dell Optiplex 3020 SFF/ core i5-4590/4GB x 2 thanh/ 500GB',1,26,2,1,'78323339-2af1-40af-b5bc-7edcbbb667ac','Chiếc','lắp thêm ram 4gb tháng 3.2017',6,'nthung','2020-02-14 03:28:26',NULL,NULL,NULL,NULL,NULL,NULL,NULL,'2020-02-03 15:28:42','mhduong'),(374,'2017-PC-054','Dell Optiplex 3020 SFF/ core i5-4590/4GB/ 500GB ',1,26,2,1,'9863e61d-849a-40f1-95df-4515da7a02af','Chiếc','Làm server',0,'tqvinh','2019-12-30 05:29:56',NULL,NULL,NULL,NULL,NULL,NULL,NULL,NULL,NULL),(375,'2017-PC-055','Dell Optiplex 3020 SFF/ core i5-4590/4GB/ 500GB',1,26,NULL,1,'63e3fc36-b1ec-4e35-a686-39c8c7d96886','Chiếc','',2,'mhduong',NULL,NULL,NULL,NULL,NULL,NULL,NULL,NULL,NULL,NULL),(376,'2017-PC-056','Dell Optiplex 3020 SFF/ core i5-4590/8GB/ 500GB',1,26,2,1,'7e16977e-ef62-432b-83a1-0d2f67b051b8','Chiếc','',5,'tqvinh','2019-12-27 12:37:18',NULL,NULL,NULL,NULL,NULL,NULL,NULL,NULL,NULL),(377,'2017-PC-057','Dell optiplex 3020 SFF/ core i5-4590/8GB/ 500GB',1,26,2,1,'69a2ebce-ecbf-4734-820d-4074e7d6218a','Chiếc','',5,'tqvinh','2019-12-27 12:37:18',NULL,NULL,NULL,NULL,NULL,NULL,NULL,NULL,NULL),(378,'2017-PC-058','Máy chủ Xeon 3.2 ghz/ ram 4x2Gb/ HDD 250 Gb + 500GB',1,26,1,1,NULL,'Chiếc','CMCTEL-HN/DED/2015/1181-KM2',1,'ndson',NULL,NULL,NULL,NULL,NULL,NULL,NULL,NULL,NULL,NULL),(379,'2017-PC-059','Bộ máy tính CMS Vipo V710-204 (i3-3240/Ram 4GB x2/ 500GB/DVDROM)',1,26,1,1,NULL,'Chiếc','',1,'lmlinh',NULL,NULL,NULL,NULL,NULL,NULL,NULL,NULL,NULL,NULL),(380,'2017-PC-060','X3500M4/ chíp vi tính Xeon 6C E5-2620V2 2.1 GHz/1600Mhz/ 15 MB/ Ram 1x8GB/ Ram 128 GB (16 GB x 8) / ỏ cứng IBM 3TB (1TBx3) ổ DVD Rom/ Card Raid M1115/ nguồn 750WW-7383C5A',1,26,NULL,1,'785caf14-e87e-422f-bf9c-883bf558429d','Chiếc','Phòng máy chủ/ Cloud',3,'mhduong',NULL,NULL,NULL,NULL,NULL,NULL,NULL,NULL,NULL,NULL),(381,'2017-PC-061','Asus D310MT / Intel Core i7-4790 ( 2.5 up to 3.1 Ghz/ 4Mb) / Ram 8Gb DDR3/ SSD 256Gb/ DVDRom/ Intel HD Graphics / USB Keyboard & Mouse / Dos',1,26,1,1,NULL,'Chiếc','',1,'hmduc',NULL,NULL,NULL,NULL,NULL,NULL,NULL,NULL,NULL,NULL),(382,'2017-PC-062','Bộ máy tính X-media X95B-686 (Intel i5-7400/H110/Ram 8GB/HDD 500 GB/Keyboard/Mouse',1,26,1,1,NULL,'Chiếc','',1,'mhduong',NULL,NULL,NULL,NULL,NULL,NULL,NULL,NULL,NULL,NULL),(383,'2017-PC-063','Bộ máy tính X-media X95B-686 (Intel i5-7400/H110/Ram 8GB/HDD 500 GB/Keyboard/Mouse',1,26,1,1,NULL,'Chiếc','',1,'nklinh',NULL,NULL,NULL,NULL,NULL,NULL,NULL,NULL,NULL,NULL),(384,'2017-PC-064','Bộ máy tính X-media X95B-686 (Intel i5-7400/H110/Ram 8GB/HDD 500 GB/Keyboard/Mouse',1,26,1,1,NULL,'Chiếc','',1,'nthung',NULL,NULL,NULL,NULL,NULL,NULL,NULL,NULL,NULL,NULL),(385,'2017-PC-065','Bộ máy tính X-media X95B-686 (Intel i5-7400/H110/Ram 8GB/HDD 500 GB/Keyboard/Mouse',1,26,1,1,NULL,'Chiếc','',1,'dnhquan',NULL,NULL,NULL,NULL,NULL,NULL,NULL,NULL,NULL,NULL),(386,'2017-PC-066','Lap 2017-PC-066',1,26,1,1,NULL,'Chiếc','',1,'bhduc',NULL,NULL,NULL,NULL,NULL,NULL,NULL,NULL,NULL,NULL),(387,'2017-PC-067','Bộ máy tính X-media X95B-686 (Intel i5-7400/H110/Ram 8GB/240G SSD/Keyboard/Mouse',1,26,1,1,NULL,'Chiếc','server camera Global',1,'mhduong',NULL,NULL,NULL,NULL,NULL,NULL,NULL,NULL,NULL,NULL),(388,'2017-PC-068','Bộ máy tính X-media X95B-686 (Intel i5-7400/H110/Ram 8GB/HDD 500 GB/Keyboard/Mouse',1,26,1,1,NULL,'Chiếc','',1,'pdtanh',NULL,NULL,NULL,NULL,NULL,NULL,NULL,NULL,NULL,NULL),(389,'2017-PC-069','Bộ máy tính X-media X95B-686 (Intel i5-7400/H110/Ram 8GB/HDD 500 GB/Keyboard/Mouse',1,26,1,1,NULL,'Chiếc','Làm server tại tầng 9',1,'tthong2',NULL,NULL,NULL,NULL,NULL,NULL,NULL,NULL,NULL,NULL),(390,'2017-PC-070','Bộ máy tính X-media X95B-686 (Intel i5-7400/H110/Ram 8GB/HDD 500 GB/Keyboard/Mouse',1,26,1,1,NULL,'Chiếc','',1,'hthang',NULL,NULL,NULL,NULL,NULL,NULL,NULL,NULL,NULL,NULL),(391,'2017-PC-071','Bộ máy tính X-media X95B-686 (Intel i5-7400/H110/Ram 8GB/HDD 500 GB/Keyboard/Mouse',1,26,1,1,NULL,'Chiếc','Không dùng được cho CJ',0,'tqvinh','2020-01-05 23:07:41',NULL,NULL,NULL,NULL,NULL,NULL,NULL,NULL,NULL),(392,'2017-PC-072','Bộ máy tính X-media X95B-686 (Intel i5-7400/H110/Ram 8GB/HDD 500 GB/Keyboard/Mouse',1,26,1,1,NULL,'Chiếc','',1,'mhduong',NULL,NULL,NULL,NULL,NULL,NULL,NULL,NULL,NULL,NULL),(393,'2017-PC-073','Bộ máy tính X-media X95B-686 (Intel i5-7400/H110/Ram 8GB/HDD 500 GB/Keyboard/Mouse',1,26,1,1,NULL,'Chiếc','',1,'ctquynh',NULL,NULL,NULL,NULL,NULL,NULL,NULL,NULL,NULL,NULL),(394,'2017-PC-074','Bộ máy tính X-media X95B-686 (Intel i5-7400/H110/Ram 8GB/HDD 500 GB/Keyboard/Mouse',1,26,1,1,NULL,'Chiếc','Server Panasonic',1,'pmduc3',NULL,NULL,NULL,NULL,NULL,NULL,NULL,NULL,NULL,NULL),(395,'2017-PC-075','Bộ máy tính X-media X95B-686 (Intel i5-7400/H110/Ram 8GB/HDD 500 GB/Keyboard/Mouse',1,26,1,1,NULL,'Chiếc','',1,'nvmanh',NULL,NULL,NULL,NULL,NULL,NULL,NULL,NULL,NULL,NULL),(396,'2017-PC-076','Lap 2017-PC-076',1,26,1,1,NULL,'Chiếc','',0,'tqvinh',NULL,NULL,NULL,NULL,NULL,NULL,NULL,NULL,NULL,NULL),(397,'2017-PC-077','Bộ máy tính X-media X95B-686 (Intel i5-7400/H110/Ram 8GB/HDD 500 GB/Keyboard/Mouse',1,26,1,1,NULL,'Chiếc','',1,'mhduong',NULL,NULL,NULL,NULL,NULL,NULL,NULL,NULL,NULL,NULL),(398,'2017-PC-078','Bộ máy tính X-media X95B-686 (Intel i5-7400/H110/Ram 8GB/HDD 500 GB/Keyboard/Mouse',1,26,1,1,NULL,'Chiếc','Đổi máy Thương - Hải do thay nhau đi onsite',1,'ntvanh2',NULL,NULL,NULL,NULL,NULL,NULL,NULL,NULL,NULL,NULL),(399,'2017-PC-079','Lap 2017-PC-079',1,26,1,1,NULL,'Chiếc','',1,'vdtan',NULL,NULL,NULL,NULL,NULL,NULL,NULL,NULL,NULL,NULL),(400,'2017-PC-080','Bộ máy tính X-media X95B-686 (Intel i5-7400/H110/Ram 8GB/HDD 500 GB/Keyboard/Mouse',1,26,1,1,NULL,'Chiếc','',1,'nhtoan1',NULL,NULL,NULL,NULL,NULL,NULL,NULL,NULL,NULL,NULL),(401,'2017-PC-081','Bộ máy tính X-media X95B-686 (Intel i5-7400/H110/Ram 8GB/HDD 500 GB/Keyboard/Mouse',1,26,1,1,NULL,'Chiếc','Làm server',1,'bhduc',NULL,NULL,NULL,NULL,NULL,NULL,NULL,NULL,NULL,NULL),(402,'2017-PC-082','Lap 2017-PC-082',1,26,1,1,NULL,'Chiếc','',1,'vtson',NULL,NULL,NULL,NULL,NULL,NULL,NULL,NULL,NULL,NULL),(403,'2017-PC-083','Bộ máy tính X-media X95B-686 (Intel i5-7400/H110/Ram 8GB/HDD 500 GB/Keyboard/Mouse',1,26,1,1,NULL,'Chiếc','',1,'dxtho',NULL,NULL,NULL,NULL,NULL,NULL,NULL,NULL,NULL,NULL),(404,'2017-PC-084','Bộ máy tính X-media X95B-686 (Intel i5-7400/H110/Ram 4GB/HDD 500 GB/Keyboard/Mouse (Ban đầu 8GB/ đã bỏ 1 thanh 4GB để nâng cấp thêm 1 thanh 8GB)',1,26,1,1,NULL,'Chiếc','',1,'ntluan2',NULL,NULL,NULL,NULL,NULL,NULL,NULL,NULL,NULL,NULL),(405,'2017-PC-085','Bộ máy tính X-media X95B-686 (Intel i5-7400/H110/Ram 8GB/HDD 500 GB/Keyboard/Mouse',1,26,1,1,NULL,'Chiếc','',1,'dnbao',NULL,NULL,NULL,NULL,NULL,NULL,NULL,NULL,NULL,NULL),(406,'2017-PC-086','Máy tính để bàn Dell Vostro 3668/Intel core i7-7700 (up to 4.2 GHz/ 8GB)/Ram 8GB DDR4/SSD 500GB/ DVDRW/WL +BT 4.0/ intel HD Graphics',1,26,1,1,NULL,'Chiếc','',1,'nqthang',NULL,NULL,NULL,NULL,NULL,NULL,NULL,NULL,NULL,NULL),(407,'2017-PC-087','Máy tính để bàn Dell Vostro 3668/Intel core i7-7700 (up to 4.2 GHz, 8GB)/Ram 8GB DDR4/SSD 500GB/ DVDRW/WL +BT 4.0/ intel HD Graphics',1,26,1,1,NULL,'Chiếc','',0,'tqvinh',NULL,NULL,NULL,NULL,NULL,NULL,NULL,NULL,NULL,NULL),(408,'2017-PC-088','Máy tính để bàn Dell Vostro 3668/Intel core i7-7700 (up to 4.2 GHz/ 8GB)/Ram 8GB DDR4/SSD 500GB/ DVDRW/WL +BT 4.0/ intel HD Graphics',1,26,1,1,NULL,'Chiếc','',1,'tvtien',NULL,NULL,NULL,NULL,NULL,NULL,NULL,NULL,NULL,NULL),(409,'2017-PC-089','Máy tính để bàn Dell Vostro 3668 MT/Intel core i7-7700 (up to 4.2 GHz/ 8 MB)/ ram 16 Gb DDR4/SSD 256 GB/DVDRW/WL+BT Mouse/ Ubuntu',1,26,1,1,NULL,'Chiếc','',1,'dnthien',NULL,NULL,NULL,NULL,NULL,NULL,NULL,NULL,NULL,NULL),(410,'2017-PC-090','Máy tính để bàn Dell Insprion 3668 MT (70121544)/ Intel Core i5-7400 (3.00 GHz/ 6MB)/ Ram 8GB/ HDD 1TB/ 2 GB NVIDIA GeForce GT730/ DVDRW/ WL+ BT/ Key',1,26,1,1,NULL,'Chiếc','',1,'mhduong',NULL,NULL,NULL,NULL,NULL,NULL,NULL,NULL,NULL,NULL),(411,'2017-PC-091','Máy tính để bàn Dell Insprion 3668 MT (70121544)/ Intel Core i5-7400 (3.00 GHz/ 6MB)/ Ram 8GB/ HDD 1TB/ 2 GB NVIDIA GeForce GT730/ DVDRW/ WL+ BT/ Key',1,26,1,1,NULL,'Chiếc','',1,'pghuu',NULL,NULL,NULL,NULL,NULL,NULL,NULL,NULL,NULL,NULL),(412,'2017-PC-092','Máy tính để bàn Dell Insprion 3668 MT (70121544)/ Intel Core i5-7400 (3.00 GHz/ 6MB)/ Ram 8GB/ HDD 1TB/ 2 GB NVIDIA GeForce GT730/ DVDRW/ WL+ BT/ Key',1,26,1,1,NULL,'Chiếc','Server JIRA',1,'ntkien',NULL,NULL,NULL,NULL,NULL,NULL,NULL,NULL,NULL,NULL),(413,'2017-PC-093','Máy tính để bàn Dell Insprion 3668 MT (70121544)/ Intel Core i5-7400 (3.00 GHz/ 6MB)/ Ram 8GB/ HDD 1TB/ 2 GB NVIDIA GeForce GT730/ DVDRW/ WL+ BT/ Key',1,26,1,1,NULL,'Chiếc','',1,'ptttrang3',NULL,NULL,NULL,NULL,NULL,NULL,NULL,NULL,NULL,NULL),(414,'2017-PC-094','Máy tính để bàn Dell Insprion 3668 MT (70121544)/ Intel Core i5-7400 (3.00 GHz/ 6MB)/ Ram 8GB/ HDD 1TB/ 2 GB NVIDIA GeForce GT730/ DVDRW/ WL+ BT/ Key',1,26,1,1,NULL,'Chiếc','Server JIRA',1,'mhduong',NULL,NULL,NULL,NULL,NULL,NULL,NULL,NULL,NULL,NULL),(415,'2017-PC-095','Máy tính để bàn Dell Insprion 3668 MT (70121544)/ Intel Core i5-7400 (3.00 GHz/ 6MB)/ Ram 8GB/ HDD 1TB/ 2 GB NVIDIA GeForce GT730/ DVDRW/ WL+ BT/ Key',1,26,1,1,NULL,'Chiếc','Server JIRA',1,'vtlam',NULL,NULL,NULL,NULL,NULL,NULL,NULL,NULL,NULL,NULL),(416,'2017-PC-096','Máy tính để bàn Dell Insprion 3668 MT/ Intel Core i5-7400 (3.00 GHz/ 6MB)/ Ram 8GB/ HDD 1TB/ 2 GB NVIDIA GeForce GT730/ DVDRW/ WL+ BT/ Key',1,26,1,1,NULL,'Chiếc','',1,'ntly',NULL,NULL,NULL,NULL,NULL,NULL,NULL,NULL,NULL,NULL),(417,'2017-PC-097','Máy tính để bàn Dell Insprion 3668 MT/ Intel Core i5-7400 (3.00 GHz/ 6MB)/ Ram 8GB/ HDD 1TB+ SSD 256GB/ 2 GB NVIDIA GeForce GT730/ DVDRW/ WL+ BT/ Key',1,26,1,1,NULL,'Chiếc','Lắp thêm ram 8GB và SSD 256 GB ngày 24/4/2018',1,'mhduong',NULL,NULL,NULL,NULL,NULL,NULL,NULL,NULL,NULL,NULL),(418,'2017-PC-098','Máy tính để bàn Dell Insprion 3668 MT/ Intel Core i5-7400 (3.00 GHz/ 6MB)/ Ram 8GB/ HDD 1TB+ SSD 256GB/ 2 GB NVIDIA GeForce GT730/ DVDRW/ WL+ BT/ Key',1,26,1,1,NULL,'Chiếc','Lắp thêm ram 8GB và SSD 256 GB ngày 24/4/2018',1,'nthieu4',NULL,NULL,NULL,NULL,NULL,NULL,NULL,NULL,NULL,NULL),(419,'2017-PC-099','Máy tính để bàn Dell Insprion 3668 MT/ Intel Core i5-7400 (3.00 GHz/ 6MB)/ Ram 8GB/ HDD 1TB/ 2 GB NVIDIA GeForce GT730/ DVDRW/ WL+ BT/ Key',1,26,NULL,1,NULL,'Chiếc','Server',2,'mhduong',NULL,NULL,NULL,NULL,NULL,NULL,NULL,NULL,NULL,NULL),(420,'2017-PC-100','Máy tính để bàn Dell Insprion 3668 (70121542)/Intel Core i5-7400 (3.00 GHz, 6MB)/ Ram 8GB/ HDD 1TB/ Intel HD Graphic/DVDRW/WL+BT/Key + mouse/DOS/1Y',1,26,3,1,'562819fd-f4b9-47af-a437-e0a1f832076a','Chiếc','',0,'ldhai','2020-01-12 20:59:48',NULL,NULL,NULL,NULL,NULL,NULL,NULL,'2020-01-10 08:37:48','mhduong'),(421,'2017-PC-101','Máy tính để bàn Dell Insprion 3668 (70121542)/Intel Core i5-7400 (3.00 GHz/ 6MB)/ Ram 8GB/ HDD 1TB/ Intel HD Graphic/DVDRW/WL+BT/Key + mouse/DOS/1Y',1,26,1,1,NULL,'Chiếc','',1,'natuan5',NULL,NULL,NULL,NULL,NULL,NULL,NULL,NULL,NULL,NULL),(422,'2017-PC-102','Máy tính để bàn Dell Insprion 3668 (70121542)/Intel Core i5-7400 (3.00 GHz/ 6MB)/ Ram 8GB/ HDD 1TB/ Intel HD Graphic/DVDRW/WL+BT/Key + mouse/DOS/1Y',1,26,1,1,NULL,'Chiếc','Mua 32 bộ cho RRC',1,'nntuan',NULL,NULL,NULL,NULL,NULL,NULL,NULL,NULL,NULL,NULL),(423,'2017-PC-103','Máy tính để bàn Dell Insprion 3668 (70121542)/Intel Core i5-7400 (3.00 GHz/ 6MB)/ Ram 8GB/ HDD 1TB/ Intel HD Graphic/DVDRW/WL+BT/Key + mouse/DOS/1Y',1,26,1,1,NULL,'Chiếc','Mua 32 bộ cho RRC',1,'dnduc',NULL,NULL,NULL,NULL,NULL,NULL,NULL,NULL,NULL,NULL),(424,'2017-PC-104','Máy tính để bàn Dell Insprion 3668 (70121542)/Intel Core i5-7400 (3.00 GHz/ 6MB)/ Ram 8GB/ HDD 1TB/ Intel HD Graphic/DVDRW/WL+BT/Key + mouse/DOS/1Y',1,26,1,1,NULL,'Chiếc','Mua 32 bộ cho RRC',1,'lthung','2019-12-20 04:27:56',NULL,NULL,NULL,NULL,NULL,NULL,NULL,NULL,NULL),(425,'2019BANG002','Máy tính để bàn Dell Insprion 3668 (70121542)/Intel Core i5-7400 (3.00 GHz/ 6MB)/ Ram 8GB/ HDD 1TB/ Intel HD Graphic/DVDRW/WL+BT/Key + mouse/DOS/1Y\n\nhello\n',1,1,1,1,'da4942e9-f844-4a36-a0b8-eb4ed59d3e7c','Chiếc','Mua 32 bộ cho RRC',0,'tqvinh','2020-01-13 10:28:42',NULL,NULL,NULL,NULL,NULL,NULL,NULL,'2020-01-10 11:53:38','mhduong'),(426,'2017-PC-106','Máy tính để bàn Dell Insprion 3668 (70121542)/Intel Core i5-7400 (3.00 GHz/ 6MB)/ Ram 8GB/ HDD 1TB/ Intel HD Graphic/DVDRW/WL+BT/Key + mouse/DOS/1Y',1,26,1,1,NULL,'Chiếc','Mua 32 bộ cho RRC',1,'ptdam',NULL,NULL,NULL,NULL,NULL,NULL,NULL,NULL,NULL,NULL),(427,'2017-PC-107','Máy tính để bàn Dell Insprion 3668 (70121542)/Intel Core i5-7400 (3.00 GHz/ 6MB)/ Ram 8GB/ HDD 1TB/ Intel HD Graphic/DVDRW/WL+BT/Key + mouse/DOS/1Y',1,26,1,1,NULL,'Chiếc','Mua 32 bộ cho RRC',1,'vvquyen','2020-01-15 09:29:30',NULL,NULL,NULL,NULL,NULL,NULL,NULL,NULL,NULL),(428,'2017-PC-108','Máy tính để bàn Dell Insprion 3668 (70121542)/Intel Core i5-7400 (3.00 GHz/ 6MB)/ Ram 8GB/ HDD 1TB/ Intel HD Graphic/DVDRW/WL+BT/Key + mouse/DOS/1Y',1,26,1,1,NULL,'Chiếc','Mua 32 bộ cho RRC',1,'nthoan',NULL,NULL,NULL,NULL,NULL,NULL,NULL,NULL,NULL,NULL),(429,'2017-PC-109','Máy tính để bàn Dell Insprion 3668 (70121542)/Intel Core i5-7400 (3.00 GHz/ 6MB)/ Ram 8GB/240SSD/ Intel HD Graphic/DVDRW/WL+BT/Key + mouse/DOS/1Y',1,26,1,1,NULL,'Chiếc','Server',1,'mhduong',NULL,NULL,NULL,NULL,NULL,NULL,NULL,NULL,NULL,NULL),(430,'2017-PC-110','Máy tính để bàn Dell Insprion 3668 (70121542)/Intel Core i5-7400 (3.00 GHz/ 6MB)/ Ram 8GB/ HDD 1TB/ Intel HD Graphic/DVDRW/WL+BT/Key + mouse/DOS/1Y',1,26,1,1,NULL,'Chiếc','',1,'hnminh',NULL,NULL,NULL,NULL,NULL,NULL,NULL,NULL,NULL,NULL),(431,'2017-PC-111','Lap 2017-PC-111',1,26,1,1,NULL,'Chiếc','Server',1,'mhduong',NULL,NULL,NULL,NULL,NULL,NULL,NULL,NULL,NULL,NULL),(432,'2017-PC-112','Máy tính để bàn Dell Insprion 3668 (70121542)/Intel Core i5-7400 (3.00 GHz/ 6MB)/ Ram 8GB/ HDD 1TB/ Intel HD Graphic/DVDRW/WL+BT/Key + mouse/DOS/1Y',1,26,1,1,NULL,'Chiếc','Server',1,'nqthang',NULL,NULL,NULL,NULL,NULL,NULL,NULL,NULL,NULL,NULL),(433,'2017-PC-113','Máy tính để bàn Dell Insprion 3668 (70121542)/Intel Core i5-7400 (3.00 GHz/ 6MB)/ Ram 8GB/ HDD 1TB/ Intel HD Graphic/DVDRW/WL+BT/Key + mouse/DOS/1Y',1,26,1,1,NULL,'Chiếc','Server',1,'vbhuan',NULL,NULL,NULL,NULL,NULL,NULL,NULL,NULL,NULL,NULL),(434,'2017-PC-114','Máy tính để bàn Dell Insprion 3668 (70121542)/Intel Core i5-7400 (3.00 GHz/ 6MB)/ Ram 8GB/ HDD 1TB/ Intel HD Graphic/DVDRW/WL+BT/Key + mouse/DOS/1Y',1,26,1,1,NULL,'Chiếc','Mua 32 bộ cho RRC',1,'nbson',NULL,NULL,NULL,NULL,NULL,NULL,NULL,NULL,NULL,NULL),(435,'2017-PC-115','Máy tính để bàn Dell Insprion 3668 (70121542)/Intel Core i5-7400 (3.00 GHz/ 6MB)/ Ram 8GB/ HDD 1TB/ Intel HD Graphic/DVDRW/WL+BT/Key + mouse/DOS/1Y',1,26,1,1,NULL,'Chiếc','Mua 32 bộ cho RRC',1,'hvphuong',NULL,'2019-12-25 00:00:00',NULL,NULL,NULL,NULL,NULL,NULL,NULL,NULL),(436,'2017-PC-116','Máy tính để bàn Dell Insprion 3668 (70121542)/Intel Core i5-7400 (3.00 GHz/ 6MB)/ Ram 8GB/ HDD 1TB/ Intel HD Graphic/DVDRW/WL+BT/Key + mouse/DOS/1Y',1,26,1,1,NULL,'Chiếc','Mua 32 bộ cho RRC',1,'ntphuong2',NULL,NULL,NULL,NULL,NULL,NULL,NULL,NULL,NULL,NULL),(437,'2017-PC-117','Máy tính để bàn Dell Insprion 3668 (70121542)/Intel Core i5-7400 (3.00 GHz/ 6MB)/ Ram 8GB/ HDD 1TB/ Intel HD Graphic/DVDRW/WL+BT/Key + mouse/DOS/1Y',1,26,1,1,NULL,'Chiếc','Mua 32 bộ cho RRC',1,'tmgiang',NULL,NULL,NULL,NULL,NULL,NULL,NULL,NULL,NULL,NULL),(438,'2017-PC-118','Máy tính để bàn Dell Insprion 3668 (70121542)/Intel Core i5-7400 (3.00 GHz/ 6MB)/ Ram 8GB/ HDD 1TB/ Intel HD Graphic/DVDRW/WL+BT/Key + mouse/DOS/1Y',1,26,1,1,NULL,'Chiếc','Mua 32 bộ cho RRC',1,'nvtruong1',NULL,NULL,NULL,NULL,NULL,NULL,NULL,NULL,NULL,NULL),(439,'2017-PC-119','Lap 2017-PC-119',1,26,1,1,NULL,'Chiếc','Mua 32 bộ cho RRC',1,'mhduong',NULL,NULL,NULL,NULL,NULL,NULL,NULL,NULL,NULL,NULL),(440,'2017-PC-120','Máy tính để bàn Dell Insprion 3668 (70121542)/Intel Core i5-7400 (3.00 GHz/ 6MB)/ Ram 8GB/ HDD 1TB/ Intel HD Graphic/DVDRW/WL+BT/Key + mouse/DOS/1Y',1,26,1,1,NULL,'Chiếc','Mua 32 bộ cho RRC',1,'dmtuong',NULL,NULL,NULL,NULL,NULL,NULL,NULL,NULL,NULL,NULL),(441,'2017-PC-121','Máy tính để bàn Dell Insprion 3668 (70121542)/Intel Core i5-7400 (3.00 GHz/ 6MB)/ Ram 8GB/ HDD 1TB/ Intel HD Graphic/DVDRW/WL+BT/Key + mouse/DOS/1Y',1,26,1,1,NULL,'Chiếc','Mua 32 bộ cho RRC',1,'nvphuc',NULL,NULL,NULL,NULL,NULL,NULL,NULL,NULL,NULL,NULL),(442,'2017-PC-122','Máy tính để bàn Dell Insprion 3668 (70121542)/Intel Core i5-7400 (3.00 GHz/ 6MB)/ Ram 8GB/ HDD 1TB/ Intel HD Graphic/DVDRW/WL+BT/Key + mouse/DOS/1Y',1,26,1,1,NULL,'Chiếc','Mua 32 bộ cho RRC',1,'vccong',NULL,NULL,NULL,NULL,NULL,NULL,NULL,NULL,NULL,NULL),(443,'2017-PC-123','Máy tính để bàn Dell Insprion 3668 (70121542)/Intel Core i5-7400 (3.00 GHz/ 6MB)/ Ram 8GB/ HDD 1TB/ Intel HD Graphic/DVDRW/WL+BT/Key + mouse/DOS/1Y',1,26,1,1,NULL,'Chiếc','Mua 32 bộ cho RRC',1,'dqthang',NULL,NULL,NULL,NULL,NULL,NULL,NULL,NULL,NULL,NULL),(444,'2017-PC-124','Máy tính để bàn Dell Insprion 3668 (70121542)/Intel Core i5-7400 (3.00 GHz/ 6MB)/ Ram 8GB/ SSD 240G/ Intel HD Graphic/DVDRW/WL+BT/Key + mouse/DOS/1Y',1,26,1,1,NULL,'Chiếc','Server',1,'mhduong',NULL,NULL,NULL,NULL,NULL,NULL,NULL,NULL,NULL,NULL),(445,'2017-PC-125','Máy tính để bàn Dell Insprion 3668 (70121542)/Intel Core i5-7400 (3.00 GHz/ 6MB)/ Ram 8GB/ HDD 1TB/ Intel HD Graphic/DVDRW/WL+BT/Key + mouse/DOS/1Y',1,26,1,1,NULL,'Chiếc','Mua 32 bộ cho RRC',1,'bdlong',NULL,NULL,NULL,NULL,NULL,NULL,NULL,NULL,NULL,NULL),(446,'2017-PC-126','Máy tính để bàn Dell Insprion 3668 (70121542)/Intel Core i5-7400 (3.00 GHz/ 6MB)/ Ram 8GB/ HDD 1TB/ Intel HD Graphic/DVDRW/WL+BT/Key + mouse/DOS/1Y',1,26,1,1,NULL,'Chiếc','Mua 32 bộ cho RRC',0,'tqvinh','2020-01-03 03:34:25',NULL,NULL,NULL,NULL,NULL,NULL,NULL,NULL,NULL),(447,'2017-PC-127','Máy tính để bàn Dell Insprion 3668 (70121542)/Intel Core i5-7400 (3.00 GHz/ 6MB)/ Ram 8GB/ HDD 1TB/ Intel HD Graphic/DVDRW/WL+BT/Key + mouse/DOS/1Y',1,26,1,1,NULL,'Chiếc','Mua 32 bộ cho RRC',1,'lvtrung',NULL,NULL,NULL,NULL,NULL,NULL,NULL,NULL,NULL,NULL),(448,'2017-PC-128','Máy tính để bàn Dell Insprion 3668 (70121542)/Intel Core i5-7400 (3.00 GHz/ 6MB)/ Ram 8GB/ HDD 1TB/ Intel HD Graphic/DVDRW/WL+BT/Key + mouse/DOS/1Y',1,26,1,1,NULL,'Chiếc','',1,'tdmanh2',NULL,NULL,NULL,NULL,NULL,NULL,NULL,NULL,NULL,NULL),(449,'2017-PC-129','Máy tính để bàn Dell Insprion 3668 (70121542)/Intel Core i5-7400 (3.00 GHz/ 6MB)/ Ram 8GB/ HDD 1TB/ Intel HD Graphic/DVDRW/WL+BT/Key + mouse/DOS/1Y',1,26,3,1,NULL,'Chiếc','Mua 32 bộ cho RRC',0,'ldhai','2020-01-02 05:38:10',NULL,NULL,NULL,NULL,NULL,NULL,NULL,NULL,NULL),(450,'2017-PC-130','Máy tính để bàn Dell Insprion 3668 (70121542)/Intel Core i5-7400 (3.00 GHz/ 6MB)/ Ram 8GB/ HDD 1TB/ Intel HD Graphic/DVDRW/WL+BT/Key + mouse/DOS/1Y',1,26,1,1,NULL,'Chiếc','Mua 32 bộ cho RRC',0,'tqvinh','2020-01-02 05:37:28',NULL,NULL,NULL,NULL,NULL,NULL,NULL,NULL,NULL),(451,'2017-PC-131','Máy tính để bàn Dell Insprion 3668 (70121542)/Intel Core i5-7400 (3.00 GHz/ 6MB)/ Ram 8GB/ HDD 1TB/ Intel HD Graphic/DVDRW/WL+BT/Key + mouse/DOS/1Y',1,26,1,1,NULL,'Chiếc','Mua 32 bộ cho RRC',1,'nttgiang',NULL,NULL,NULL,NULL,NULL,NULL,NULL,NULL,NULL,NULL),(452,'2017PRIN001','Máy in Fuji Xerox Docuprint P225 db AP',1,18,1,1,NULL,'Chiếc','',1,'nahoa',NULL,NULL,NULL,NULL,NULL,NULL,NULL,NULL,NULL,NULL),(453,'2017PRIN002','Máy in Brother HL-2250DN',1,18,1,1,NULL,'Chiếc','',1,'dtthang',NULL,NULL,NULL,NULL,NULL,NULL,NULL,NULL,NULL,NULL),(454,'2017PRIN003','Máy in Laser ĐCN Panasonic KX-MB2170 - in/scan/copy/fax',1,18,1,1,NULL,'Chiếc','',1,'hvphuong',NULL,NULL,NULL,NULL,NULL,NULL,NULL,NULL,NULL,NULL),(455,'2017PRIN004','Máy in kim Epson LQ590',1,18,1,1,NULL,'Chiếc','',1,'lttthuy',NULL,NULL,NULL,NULL,NULL,NULL,NULL,NULL,NULL,NULL),(456,'2017PRIN005','Máy in Laser HP MFN M 227FDW- G3Q75A',1,18,1,1,NULL,'Chiếc','',1,'ntpha',NULL,NULL,NULL,NULL,NULL,NULL,NULL,NULL,NULL,NULL),(457,'2017PRIN006','Máy in màu Canon LBP 7100 CN',1,18,1,1,'fa79545a-2115-496d-8ee0-c72bfa71d9b1','Chiếc','',1,'mhduong',NULL,NULL,NULL,NULL,NULL,NULL,NULL,NULL,NULL,NULL),(458,'2017QUAT001','Quạt điện lửng Midea FS40-15VD',1,27,1,1,'79b832c5-56bf-4885-bb49-12cb2f4555b8','Chiếc','',9,'ductn',NULL,NULL,NULL,NULL,'2019-06-04 00:00:00',NULL,NULL,NULL,NULL,NULL),(459,'2017RACK001','Tủ mạng Comrack Cabinet 27U',1,35,1,1,'5f980006-3167-4a1d-92cc-583eea08ba92','Chiếc','',1,'nmphuong1',NULL,NULL,NULL,NULL,NULL,NULL,NULL,NULL,NULL,NULL),(460,'2017RACK002','Tủ mạng',1,35,1,1,'7555ede3-fce2-4f60-8a59-b22d1387b1ea','Chiếc','',1,'ndson',NULL,NULL,NULL,NULL,NULL,NULL,NULL,NULL,NULL,NULL),(461,'2017RACK003','Tủ mạng',1,35,1,1,'73ccec11-a935-446e-ba2b-d558b765c606','Chiếc','',1,'ndson',NULL,NULL,NULL,NULL,NULL,NULL,NULL,NULL,NULL,NULL),(462,'2017SCAN001','Máy scan Fujitsu S13001',1,19,1,1,'e6fbe8c0-7491-4a4c-b665-60a54cc56c88','Chiếc','',1,'nahoa',NULL,NULL,NULL,NULL,NULL,NULL,NULL,NULL,NULL,NULL),(463,'2017SCAN002','Máy scan Fujitsu S13001',1,19,1,1,'6938758f-b2bc-4c3d-b1e6-7d39e39fdb75','Chiếc','',1,'dtthang',NULL,NULL,NULL,NULL,NULL,NULL,NULL,NULL,NULL,NULL),(464,'2017SWIT001','Cổng nối mạng 8 port 10/100/1000 Mbps TP-link TL-SG1008D',1,30,1,1,'cde8ca64-bb08-4308-aeff-d5b0b2e10105','Chiếc','Trc mặt',1,'dbhung',NULL,NULL,NULL,NULL,NULL,NULL,NULL,NULL,NULL,NULL),(465,'2017SWIT002','Cổng nối mạng 8 port 10/100/1000 Mbps TP-link TL-SG1008D',1,30,1,1,'ba8cff8e-ec1c-4bf6-ae15-67df4dd2affb','Chiếc','Làm server',1,'ndson',NULL,NULL,NULL,NULL,NULL,NULL,NULL,NULL,NULL,NULL),(466,'2017SWIT003','Acess Switch SRW224G4-K9-EU (Switch Linksys 24 cổng 10/100W)',1,30,1,1,'07e54b5d-b33b-43ad-a02b-6209871b9c8f','Chiếc','',1,'ndson',NULL,NULL,NULL,NULL,NULL,NULL,NULL,NULL,NULL,NULL),(467,'2017SWIT004','Acess Switch SRW224G4-K9-EU (Switch Linksys 24 cổng 10/100W)',1,30,2,1,'0ab8907b-c53b-430c-bdc2-66c7fcc62ee7','Chiếc','',1,'pqphuc',NULL,NULL,NULL,NULL,NULL,NULL,NULL,NULL,NULL,NULL),(468,'2017SWIT005','Swift 01 Procurve 2510-A8-J9020A',1,30,1,1,'e3e8eb87-e524-4d74-8c1e-fd4ce21d50d4','Chiếc','',1,'ndson',NULL,NULL,NULL,NULL,NULL,NULL,NULL,NULL,NULL,NULL),(469,'2017SWIT006','Cổng nối mạng 8 port 10/100/1000 Mbps D-link DGS-1008A',1,30,1,1,'13cb1c77-05c1-48e9-8d5b-9edb93d10166','Chiếc','',1,'lvtuong',NULL,NULL,NULL,NULL,NULL,NULL,NULL,NULL,NULL,NULL),(470,'2017SWIT007','Procurve switch 2610-24-59085 A (24 port)',1,30,1,1,'24ef9a7f-0782-4c1b-b1a3-a0ab006521c6','Chiếc','',1,'nxcanh',NULL,NULL,NULL,NULL,NULL,NULL,NULL,NULL,NULL,NULL),(471,'2017SWIT008','Procurve switch 2510-48-59020 A (48 port)',1,30,1,1,'7157ca77-a9a1-4d33-8ddf-5f499337a84d','Chiếc','',1,'nxcanh',NULL,NULL,NULL,NULL,NULL,NULL,NULL,NULL,NULL,NULL),(472,'2017SWIT009','Switch Cisco systems catalyst 2950',1,30,1,1,'000b068c-251d-4486-a1af-731ee0c59d06','Chiếc','',1,'nxcanh',NULL,NULL,NULL,NULL,NULL,NULL,NULL,NULL,NULL,NULL),(473,'2017SWIT010','Swift 02 Cisco systems Catalyst 2950',1,30,1,1,'5ad4f20a-e463-4719-bd37-f284cdf36457','Chiếc','',1,'mhduong',NULL,NULL,NULL,NULL,NULL,NULL,NULL,NULL,NULL,NULL),(474,'2017SWIT011','Swift 03 Cisco systems Catalyst 2950',1,30,NULL,1,'303a77a2-d0a4-430f-abb3-78a953bd0247','Chiếc','',2,'mhduong',NULL,NULL,NULL,NULL,NULL,NULL,NULL,NULL,NULL,NULL),(475,'2017SWIT012','Thiết bị chuyển mạng Cisco WS-C2960-48TC-L',1,30,1,1,'8192bacb-600b-4e43-9ce9-b41e424bfd53','Chiếc','',1,'dtanh',NULL,NULL,NULL,NULL,NULL,NULL,NULL,NULL,NULL,NULL),(476,'2017SWIT013','Cổng nối mạng 5 Port 10/10 Mbps TP-link (TL-SF1005D)',1,30,1,1,'fccbaff8-fc65-46ad-be53-81592039b2d9','Chiếc','',1,'nmhanh',NULL,NULL,NULL,NULL,NULL,NULL,NULL,NULL,NULL,NULL),(477,'2017SWIT014','Cổng nối mạng 5 Port 10/10 Mbps TP-link (TL-SF1005D)',1,30,1,1,'652478e4-eee0-4820-bc53-fd0091b872b0','Chiếc','',1,'nmhanh',NULL,NULL,NULL,NULL,NULL,NULL,NULL,NULL,NULL,NULL),(478,'2017SWIT015','Cổng nối mạng 5 Port 10/10 Mbps TP-link (TL-SF1005D)',1,30,1,1,'295fcb69-9cc0-4861-bcc4-64d17898201f','Chiếc','',1,'ndson',NULL,NULL,NULL,NULL,NULL,NULL,NULL,NULL,NULL,NULL),(479,'2017SWIT016','Cổng nối mạng 5 Port 10/10 Mbps TP-link (TL-SF1005D)',1,30,1,1,'1bf50643-4c66-4376-8419-02a69a07dff4','Chiếc','',1,'ndson',NULL,NULL,NULL,NULL,NULL,NULL,NULL,NULL,NULL,NULL),(480,'2017SWIT017','Cổng nối mạng 5 Port 10/10 Mbps TP-link (TL-SF1005D)',1,30,1,1,'7999c838-36f7-4ec2-b7a1-3f507db21d73','Chiếc','Ngoài cùng dãy hành chính',1,'ndson',NULL,NULL,NULL,NULL,NULL,NULL,NULL,NULL,NULL,NULL),(481,'2017SWIT018','Cổng nối mạng 5 Port 10/10 Mbps TP-link (TL-SF1005D)',1,30,1,1,'285d36f2-c93e-435e-8c74-bf7df329cbba','Chiếc','Cạnh máy in công ty',1,'ndson',NULL,NULL,NULL,NULL,NULL,NULL,NULL,NULL,NULL,NULL),(482,'2017SWIT019','Cổng nối mạng 8 Port 10/100 Mbps D-link DES-1008A/C',1,30,1,1,'222f8fd0-c320-460e-b8f7-cc4a11eac9bd','Chiếc','Mua 32 bộ cho RRC',1,'ndson',NULL,NULL,NULL,NULL,NULL,NULL,NULL,NULL,NULL,NULL),(483,'2017SWIT020','Cổng nối mạng 8 Port 10/100 Mbps D-link DES-1008A/C',1,30,1,1,'f1c7dfba-7bd8-4a62-b84d-3f80423a86d9','Chiếc','Mua 32 bộ cho RRC',1,'ddviet',NULL,NULL,NULL,NULL,NULL,NULL,NULL,NULL,NULL,NULL),(484,'2017SWIT021','Cổng nối mạng 8 Port 10/100 Mbps D-link DES-1008A/C',1,30,1,1,'bf452f32-361e-453c-9c90-1452e2e4abe2','Chiếc','Mua 32 bộ cho RRC',1,'ndson',NULL,NULL,NULL,NULL,NULL,NULL,NULL,NULL,NULL,NULL),(485,'2017SWIT022','Cổng nối mạng 8 Port 10/100 Mbps D-link DES-1008A/C',1,30,1,1,'d2a62844-abd6-4dc6-86c8-15c029cead99','Chiếc','Mua 32 bộ cho RRC',1,'ndson',NULL,NULL,NULL,NULL,NULL,NULL,NULL,NULL,NULL,NULL),(486,'2017SWIT023','Cổng nối mạng 8 Port 10/100 Mbps D-link DES-1008A/C',1,30,1,1,'7e030ae9-9862-47e0-879b-8175c6d952bd','Chiếc','Mua 32 bộ cho RRC',1,'ndson',NULL,NULL,NULL,NULL,NULL,NULL,NULL,NULL,NULL,NULL),(487,'2017SWIT024','Cổng nối mạng 8 Port 10/100 Mbps D-link DES-1008A/C',1,30,1,1,'443f77de-ba82-4b3b-98a9-8e37dd8f0162','Chiếc','Mua 32 bộ cho RRC',1,'ndson',NULL,NULL,NULL,NULL,NULL,NULL,NULL,NULL,NULL,NULL),(488,'2017TELE001','Panasonic KX-TG560MX (01 chiếc)',1,4,1,1,'599c0925-afec-47b0-976d-af9b9d0fa602','Chiếc','',3,'ductn',NULL,NULL,NULL,NULL,NULL,NULL,NULL,NULL,NULL,NULL),(489,'2017TELE002','Panasonic KX-TG560MX (01 chiếc)',1,4,1,1,'dbe7edac-5706-4dce-82e3-467f22d0d0eb','Chiếc','',3,'ductn',NULL,NULL,NULL,NULL,NULL,NULL,NULL,NULL,NULL,NULL),(490,'2017TELE003','Điện thoài bàn Panasonic gồm 2 điện thoại hiện số và 2 điện thoại k hiện số (06)=> hiện số',1,4,1,1,'0674a3ef-bd09-4fad-ae81-ebef760895dc','Chiếc','',3,'ductn',NULL,NULL,NULL,NULL,NULL,NULL,NULL,NULL,NULL,NULL),(491,'2017TELE004','Điện thoài bàn Panasonic gồm 2 điện thoại hiện số và 2 điện thoại k hiện số (06) => hiện số',1,4,1,1,'4951451c-d2d7-455c-a127-34de650791c2','Chiếc','',3,'ductn',NULL,NULL,NULL,NULL,NULL,NULL,NULL,NULL,NULL,NULL),(492,'2017TELE005','Điện thoài bàn Panasonic gồm 2 điện thoại hiện số và 2 điện thoại k hiện số (06) => không hiện số',1,4,1,1,'5f613db8-8c12-4f57-909b-92b0d326367b','Chiếc','',3,'ductn',NULL,NULL,NULL,NULL,NULL,NULL,NULL,NULL,NULL,NULL),(493,'2017TELE006','Điện thoài bàn Panasonic gồm 2 điện thoại hiện số và 2 điện thoại k hiện số (06) => không hiện số',1,4,1,1,'679e2991-cc08-4ee2-8d3a-d2fb89c2818a','Chiếc','',3,'ductn',NULL,NULL,NULL,NULL,NULL,NULL,NULL,NULL,NULL,NULL),(494,'2017TELE007','Điện thoại bàn Panasonic',1,4,1,1,'2aadb609-b6db-4e84-94e8-75eb7ed6b8c7','Chiếc','',3,'ductn',NULL,NULL,NULL,NULL,NULL,NULL,NULL,NULL,NULL,NULL),(495,'2017TELE008','Điện thoại bàn Panasonic',1,4,1,1,'0b6438ec-e07d-4378-9f50-624bdcbfa25d','Chiếc','',3,'ductn',NULL,NULL,NULL,NULL,NULL,NULL,NULL,NULL,NULL,NULL),(496,'2017TELE009','Điện thoại kéo dài Panasonic',1,4,1,1,'95784f78-ebfc-4b0c-9cf5-74a8a03d3eb6','Chiếc','',3,'ductn',NULL,NULL,NULL,NULL,NULL,NULL,NULL,NULL,NULL,NULL),(497,'2017TELE010','Tổng đài IP Grandstream UCM6102 - Bộ chuyển đổi 2 cổng dùng cho điện thoại',1,4,1,1,'f0b3c35a-ec3d-4bfb-9f8a-8715bb399d79','Chiếc','',3,'ductn',NULL,NULL,NULL,NULL,NULL,NULL,NULL,NULL,NULL,NULL),(498,'2017TELE011','Điện thoại bàn IP Grandsteam GXP1100',1,4,1,1,'ac715d87-6f37-497b-8534-adbbf40b385e','Chiếc','',3,'ductn',NULL,NULL,NULL,NULL,NULL,NULL,NULL,NULL,NULL,NULL),(499,'2017TELE012','Điện thoại bàn IP Grandsteam GXP1100',1,4,1,1,'5f010db6-63b1-4469-b456-b15f40bf0210','Chiếc','Nhập từ Soft',3,'ductn',NULL,NULL,NULL,NULL,NULL,NULL,NULL,NULL,NULL,NULL),(500,'2017TELE013','Điện thoại bàn IP Grandsteam GXP1100',1,4,1,1,'2e068e47-1032-47fb-890b-e2214bdfc89e','Chiếc','Nhập từ Soft',3,'ductn',NULL,NULL,NULL,NULL,NULL,NULL,NULL,NULL,NULL,NULL),(501,'2017TELE014','Điện thoại bàn IP Grandsteam GXP1100',1,4,1,1,'108ab0d9-adbd-4589-8358-fd92cdd936b7','Chiếc','Nhập từ CSoft',3,'ductn',NULL,NULL,NULL,NULL,NULL,NULL,NULL,NULL,NULL,NULL),(502,'2017TELE015','Điện thoại bàn IP Grandsteam GXP1100',1,4,1,1,'dd066ca2-9dc1-45e3-b710-c183ffc57638','Chiếc','',3,'ductn',NULL,NULL,NULL,NULL,NULL,NULL,NULL,NULL,NULL,NULL),(503,'2017TELE016','Điện thoại hiện số Cisco CP-3905',1,4,1,1,'48a432ef-3221-4cb7-a8b3-fac02ca78e4f','Chiếc','',1,'nmha',NULL,NULL,NULL,NULL,NULL,NULL,NULL,NULL,NULL,NULL),(504,'2017TELE017','Điện thoại hiện số Cisco CP-3905',1,4,1,1,'972c155d-516f-4ac6-a27e-397f7683d682','Chiếc','',0,'tqvinh','2020-01-10 01:29:59',NULL,NULL,NULL,NULL,NULL,NULL,NULL,NULL,NULL),(505,'2017TELE018','Điện thoại hiện số Cisco CP-3905',1,4,1,1,'b067a168-7d05-49ca-a692-5d7691908a3a','Chiếc','',5,'tqvinh','2020-01-09 07:04:54',NULL,NULL,NULL,NULL,NULL,NULL,NULL,NULL,NULL),(506,'2017TELE019','Điện thoại hiện số Cisco CP-3905',1,4,NULL,1,'eb6c6d5b-1491-4670-922c-af27c0a3c990','Chiếc','',2,'mhduong',NULL,NULL,NULL,NULL,NULL,NULL,NULL,NULL,NULL,NULL),(507,'2017TELE020','Điện thoại hiện số Cisco CP-3905',1,4,3,1,'37594cf4-3f5c-41c6-9aa8-6df521a1601b','Chiếc','',0,'ldhai','2020-01-03 05:25:11',NULL,NULL,NULL,NULL,NULL,NULL,NULL,NULL,NULL),(508,'2017TELE021','Điện thoại hiện số Cisco CP-3905',1,4,1,1,'45839442-b4be-4a59-9abe-b125e07ba27c','Chiếc','',6,'nthung','2020-01-10 02:54:10','2020-02-10 02:54:31',NULL,NULL,NULL,NULL,NULL,NULL,NULL,NULL),(509,'2017TELE022','Điện thoại hiện số Cisco CP-3905',1,4,2,1,'812ac35d-d91c-44ba-8d31-fa471bbe57f0','Chiếc','',0,'tqvinh','2020-01-03 05:23:59',NULL,NULL,NULL,NULL,NULL,NULL,NULL,NULL,NULL),(510,'2017TELE023','Điện thoại hiện số Cisco CP-3905',1,4,NULL,1,'3926b5ff-7275-42c5-8ce4-d9ba27bfdd96','Chiếc','',3,'mhduong',NULL,NULL,NULL,NULL,NULL,NULL,NULL,NULL,NULL,NULL),(511,'2017TELE024','Điện thoại hiện số Cisco CP-3905',1,4,2,1,'025cbf79-92c4-4192-8591-d0d6b4a6fa67','Chiếc','',4,'tqvinh','2020-01-03 05:20:22',NULL,NULL,NULL,NULL,NULL,NULL,NULL,NULL,NULL),(512,'2017TELE025','Điện thoại hiện số Cisco CP-3905',1,4,2,1,'5c2061bf-27a0-4dd4-981e-ef7ab66d8db5','Chiếc','',0,'tqvinh','2020-01-03 05:20:22',NULL,NULL,NULL,NULL,NULL,NULL,NULL,NULL,NULL),(513,'2017TELE026','Điện thoại hiện số Cisco CP-3905',1,4,NULL,1,'ec3dffce-fb13-47ed-ae51-e22aa84d2fef','Chiếc','',2,'mhduong',NULL,NULL,NULL,NULL,NULL,NULL,NULL,NULL,NULL,NULL),(514,'2017TELE027','Điện thoại hiện số Cisco CP-3905',1,4,NULL,1,'e0532277-73a5-4be1-9758-5403e0c6c83f','Chiếc','',2,'mhduong',NULL,NULL,NULL,NULL,NULL,NULL,NULL,NULL,NULL,NULL),(515,'2017TELE028','Điện thoại hiện số Cisco CP-3905',1,4,NULL,1,'c5c61ffc-0f24-4117-b4eb-68a338e81dff','Chiếc','',2,'mhduong',NULL,NULL,NULL,NULL,NULL,NULL,NULL,NULL,NULL,NULL),(516,'2019INFO002','Điện thoại hiện số Cisco CP-3905',2,46,NULL,1,'2ed42155-c438-40eb-ba0d-d7801c6ab707','Chiếc','',8,'ductn',NULL,NULL,'logic add','physical add','2019-12-17 00:00:00',NULL,NULL,NULL,NULL,NULL),(517,'2017TELE030','Điện thoại hiện số Cisco CP-3905',1,4,NULL,1,'02a557b2-e7dd-4e02-a293-ed8150918b21','Chiếc','',3,'mhduong',NULL,NULL,NULL,NULL,NULL,NULL,NULL,NULL,NULL,NULL),(518,'2017TELE031','Điện thoại hiện số Cisco CP-3905',1,4,NULL,1,'5b22a8ac-8f2f-45be-a3b1-4459c935bab7','Chiếc','',2,'mhduong',NULL,NULL,NULL,NULL,NULL,NULL,NULL,NULL,NULL,NULL),(519,'2017TELE032','Điện thoại hiện số Cisco CP-3905',1,4,1,1,'5ffe38b6-321e-46d4-ad88-54dc91c8dc14','Chiếc','',0,'tqvinh','2020-01-10 01:29:59',NULL,NULL,NULL,NULL,NULL,NULL,NULL,NULL,NULL),(520,'2017TELE033','Điện thoại hiện số Cisco CP-3905',1,4,NULL,1,'b5853a7c-60f5-473e-8433-dde1c77553ef','Chiếc','',2,'mhduong',NULL,NULL,NULL,NULL,NULL,NULL,NULL,NULL,NULL,NULL),(521,'2017TELE034','Điện thoại hiện số Cisco CP-3905',1,4,1,1,'52d9a286-1e09-48f0-900a-922d8cf5781e','Chiếc','',0,'tqvinh','2020-01-10 02:23:27',NULL,NULL,NULL,NULL,NULL,NULL,NULL,NULL,NULL),(522,'2017TELE035','Điện thoại hiện số Cisco CP-3905',1,4,1,1,'cc0dc0bf-87f7-49b9-bbc5-4b7b296b602e','Chiec','',0,'tqvinh','2020-01-10 02:23:27',NULL,NULL,NULL,NULL,NULL,NULL,NULL,NULL,NULL),(528,'2019CAME002','Mai Hải Dương',1,2,1,1,'d61eb8ca-ce44-490e-bd1c-40ecbbddfa44','Chiếc','Tầng 8',4,'tqvinh',NULL,NULL,NULL,NULL,NULL,NULL,NULL,NULL,NULL,NULL),(529,'2019CAME003','Mai Hải Dương',1,2,1,1,'33b6f116-10f4-42e2-ae5b-3487e98334c4','Chiếc','Tầng 8',0,'tqvinh',NULL,NULL,NULL,'Mai Hai Duong',NULL,NULL,NULL,NULL,NULL,NULL),(530,'2020TELE005','Mai Hải Dương',1,4,2,1,'c3b6d2cc-18c9-42ce-bef5-1590171cca8d','Chiếc','Tầng 8',0,'tqvinh','2020-01-31 16:31:49',NULL,NULL,NULL,NULL,NULL,NULL,NULL,'2020-01-31 21:31:49','mhduong'),(534,'2019CAME005','Mai hai duong',1,2,1,1,'feb22ba0-5daf-4433-a962-00d985bb7cd1','Chiếc','Tầng 8',6,'lthung','2020-01-16 04:03:04',NULL,NULL,NULL,NULL,NULL,NULL,NULL,'2020-01-20 16:37:33','mhduong'),(535,'2019CAME006','Mai hai duong - 6',1,2,1,1,'ba7e708d-856d-4e2d-8768-c53a2ee444f5','Chiếc','Tầng 8',4,'tqvinh',NULL,NULL,NULL,NULL,NULL,NULL,NULL,NULL,'2020-01-10 02:05:04','mhduong'),(536,'2019INFO000','svn',2,46,NULL,1,'c902cb90-47f9-403f-b80b-a7f1ee1a1777',NULL,NULL,3,'ductn',NULL,NULL,'Logic Add','Physical Add','2019-12-23 00:00:00','ndvan',NULL,NULL,NULL,NULL),(537,'2019SOFT001','Software Asset 2',3,47,NULL,1,'e0c963ea-404a-4249-a0ab-03f36decb21e',NULL,'notes',9,'mhduong',NULL,NULL,NULL,NULL,'2019-05-15 00:00:00',NULL,NULL,NULL,NULL,NULL),(544,'2020VPP-001','RAM DD3 Dịch vụ',1,2,1,26,'029fea07-7e42-42a3-a726-a3786126f6f1','Chiếc','note',6,'nthung','2020-01-13 06:10:37',NULL,NULL,NULL,NULL,NULL,NULL,NULL,'2020-01-20 16:37:33','mhduong'),(545,'2019-LK-002','RAM DD3',1,28,1,27,'b03543e2-8448-4933-bc99-2a3334d330e2','Chiếc','note',4,'tqvinh',NULL,NULL,NULL,NULL,NULL,NULL,NULL,NULL,NULL,NULL),(546,'2019-LK-003','RAM DD3',1,28,1,28,'38c5b0fa-cde9-4597-98f1-53fac9398409','Chiếc','note',0,'tqvinh',NULL,NULL,NULL,NULL,NULL,NULL,NULL,NULL,NULL,NULL),(547,'2019-LK-004','RAM DD3',1,28,1,29,'32a842a8-02b6-4964-8b8a-244bb20e1e91','Chiếc','note',6,'ldhai','2020-01-13 08:40:01','2020-01-13 08:40:01',NULL,NULL,NULL,NULL,NULL,NULL,'2020-01-13 20:40:12','mhduong'),(548,'2019-LK-005','RAM DD3',1,28,1,30,'3b810c9c-dfc8-483a-8cb0-c2fcd0931fb4','Chiếc','note',0,'tqvinh',NULL,NULL,NULL,NULL,NULL,NULL,NULL,NULL,NULL,NULL),(549,'2019-LK-006','RAM DD3',1,28,1,31,'1bacefd3-dc01-4c6f-bfae-73bfe597808b','Chiếc','note',6,'ndvan','2020-01-14 03:50:48',NULL,NULL,NULL,NULL,NULL,NULL,NULL,'2020-01-20 16:37:33','mhduong'),(550,'2019-LK-007','RAM DD3',1,28,1,32,'2a9a85da-5fe7-49c5-a931-460d7ac8308f','Chiếc','note',6,'ndvan','2020-01-14 03:50:48',NULL,NULL,NULL,NULL,NULL,NULL,NULL,'2020-01-20 16:37:33','mhduong'),(551,'2019-LK-008','RAM DD3',1,28,1,33,'587cd44a-15ae-4a13-903d-9b3f040e3abb','Chiếc','note',6,'ndvan','2020-01-14 03:50:48',NULL,NULL,NULL,NULL,NULL,NULL,NULL,'2020-02-05 16:15:57','mhduong'),(552,'2019-LK-009','RAM DD3',1,28,1,34,'7cd0f436-0597-493e-91c5-fd5af27f5d18','Chiếc','note',6,'ndvan','2020-01-14 03:50:48',NULL,NULL,NULL,NULL,NULL,NULL,NULL,'2020-01-20 16:37:33','mhduong'),(553,'2019-LK-010','RAM DD3',1,28,1,35,'e4eb3e70-31b7-4def-bb36-88ae39220e91','Chiếc','note',6,'ndvan','2020-01-14 03:50:48',NULL,NULL,NULL,NULL,NULL,NULL,NULL,'2020-01-20 16:37:33','mhduong'),(587,'2020-BT-005','PC',1,1,7,77,'e0f7df8b-9519-4b0b-a129-12d4fbb7cb03','unit','Note',5,'bbtruong','2020-01-02 05:33:28',NULL,NULL,NULL,NULL,NULL,NULL,NULL,NULL,NULL),(627,'2020LAP-012','sa',1,7,1,105,'db5c5f45-949d-426a-b372-1efffe5e9fbc','sa','sa',6,'nthung','2020-01-10 09:23:20',NULL,NULL,NULL,NULL,NULL,NULL,NULL,NULL,NULL),(628,'2020LAP-013','laptop 5',1,7,1,106,NULL,'unit','Note',5,'tqvinh',NULL,NULL,NULL,NULL,NULL,NULL,NULL,NULL,NULL,NULL),(629,'2020BT012','laptop 6',1,1,1,107,'c64d20a9-4fc0-4bfe-a7a1-ad8577b57f85','Unit','Note',1,'ndvan','2020-02-11 07:01:01',NULL,NULL,NULL,NULL,NULL,NULL,NULL,'2020-02-11 19:05:33','mhduong'),(630,'2020LAP-015','name ',1,7,1,108,'f7622beb-90f2-4164-8141-e5745fac9329','Unit','Note',6,'lthung','2020-01-16 04:03:45',NULL,NULL,NULL,NULL,NULL,NULL,NULL,'2020-01-20 16:37:33','mhduong'),(631,'2020BT007','lap top 5',1,1,1,109,NULL,'Unit','Note',6,'bhduc','2019-12-25 11:24:39',NULL,NULL,NULL,NULL,NULL,NULL,NULL,NULL,NULL),(632,'2020LAP-016','sa',1,7,NULL,110,NULL,'sa','sa',2,'mhduong',NULL,NULL,NULL,NULL,NULL,NULL,NULL,NULL,NULL,NULL),(633,'2020LAP-017','sasa',1,7,NULL,111,NULL,'sa','sa',3,'mhduong',NULL,NULL,NULL,NULL,NULL,NULL,NULL,NULL,NULL,NULL),(634,'2020LAP-018','sa',1,7,1,112,NULL,'sa','sa',0,'tqvinh',NULL,NULL,NULL,NULL,NULL,NULL,NULL,NULL,NULL,NULL),(636,'2020LAP-019','máy tính cá nhân',1,7,3,113,NULL,'sa','sa',4,'ldhai','2020-01-02 05:19:01',NULL,NULL,NULL,NULL,NULL,NULL,NULL,NULL,NULL),(637,'2020LAP-020','name',1,7,NULL,114,NULL,'ds','ds',2,'mhduong',NULL,NULL,NULL,NULL,NULL,NULL,NULL,NULL,NULL,NULL),(638,'2020LAP-021','laptop 7',1,7,NULL,115,NULL,'sa','sa',2,'mhduong',NULL,NULL,NULL,NULL,NULL,NULL,NULL,NULL,NULL,NULL),(639,'2020LAP-022','ggg',1,7,NULL,116,NULL,'Unit','Note',2,'mhduong',NULL,NULL,NULL,NULL,NULL,NULL,NULL,NULL,NULL,NULL),(640,'2020LAP-023','name lap',1,7,1,117,NULL,'sas','sasa',5,'tqvinh',NULL,NULL,NULL,NULL,NULL,NULL,NULL,NULL,NULL,NULL),(661,'2020BT009','bang tu 2',1,1,NULL,132,NULL,'chiec','note',3,'mhduong',NULL,NULL,NULL,NULL,NULL,NULL,NULL,NULL,NULL,NULL),(663,'2020SOFT016','name software',3,47,NULL,NULL,'090cd33e-d885-4634-8329-1d1c07996a1b',NULL,'note',9,'mhduong',NULL,NULL,NULL,NULL,NULL,NULL,NULL,NULL,NULL,NULL),(664,'2020BT010','bang tu 2',1,1,1,133,'b75ee54f-c9d6-4778-bf1f-b20e5c22a990','unit','note',5,'tqvinh',NULL,NULL,NULL,NULL,NULL,NULL,NULL,NULL,NULL,NULL),(665,'2020BT011','bang tu 3',1,1,1,134,'940a1b44-1326-4d67-b0b6-d338229db9c0','unit','note',5,'tqvinh',NULL,NULL,NULL,NULL,NULL,NULL,NULL,NULL,NULL,NULL),(666,'2020-CN-001','Laptop cá nhân',1,45,NULL,135,NULL,'','',7,'nttdung1',NULL,NULL,NULL,NULL,NULL,NULL,NULL,NULL,NULL,NULL),(667,'2020LAP-036','Laptop core i3 8GB RAM',1,7,1,136,'a1f2ab4c-5e62-44cb-9dfa-c9d41557f015',NULL,NULL,4,'tqvinh','2020-01-09 07:04:54',NULL,NULL,NULL,NULL,NULL,NULL,NULL,'2020-01-08 11:12:40','mhduong'),(668,'2020LAP-037','laptop name',1,7,NULL,137,NULL,'unit','note',2,'mhduong',NULL,NULL,NULL,NULL,NULL,NULL,NULL,NULL,NULL,NULL),(670,'2020-CN-002','iphone',1,45,NULL,138,'9b5f1afd-3a57-4fb1-afe6-6d3609d0c4ca','','',7,'mhduong',NULL,NULL,NULL,NULL,NULL,NULL,NULL,NULL,NULL,NULL),(671,'2020GUES002','asda',1,44,NULL,139,NULL,'','',7,'mhduong',NULL,NULL,NULL,NULL,NULL,NULL,NULL,NULL,NULL,NULL),(672,'2020-LK-001','RAM DD3',1,28,1,140,NULL,'Chiếc','note',6,'ndvan','2020-01-14 03:50:48',NULL,NULL,NULL,NULL,NULL,NULL,NULL,'2020-01-14 03:51:07','mhduong'),(673,'2020-LK-003','RAM DD3',1,28,1,141,NULL,'Chiếc','note',0,'tqvinh',NULL,NULL,NULL,NULL,NULL,NULL,NULL,NULL,NULL,NULL),(674,'2020-LK-004','RAM DD3',1,28,NULL,142,NULL,'Chiếc','note',3,'mhduong',NULL,NULL,NULL,NULL,NULL,NULL,NULL,NULL,NULL,NULL),(675,'2020-LK-005','RAM DD4',1,28,NULL,143,NULL,'Chiếc','note',3,'mhduong',NULL,NULL,NULL,NULL,NULL,NULL,NULL,NULL,NULL,NULL),(676,'2020-LK-006','RAM DD4',1,28,1,144,NULL,'Chiếc','note',6,'ndvan','2019-12-30 23:38:12',NULL,NULL,NULL,NULL,NULL,NULL,NULL,NULL,NULL),(677,'2020-LK-007','RAM DD4',1,28,1,145,NULL,'Chiếc','note',0,'tqvinh','2020-01-10 08:03:22',NULL,NULL,NULL,NULL,NULL,NULL,NULL,NULL,NULL),(678,'2020-LK-008','RAM DD3 - 1',1,28,1,146,'a9b30dd1-de9e-4099-b51f-7526dc845c80','Chiếc','note',6,'ndvan','2019-12-30 23:38:12',NULL,NULL,NULL,NULL,NULL,NULL,NULL,NULL,NULL),(679,'2020-LK-009','RAM DD3',1,28,1,147,NULL,'Chiếc','note',4,'tqvinh',NULL,NULL,NULL,NULL,NULL,NULL,NULL,NULL,NULL,NULL),(680,'2020-LK-010','RAM DD3',1,28,1,148,'724ed05e-ddbf-4d92-9ebb-924503282929','Chiếc','note',6,'ndvan','2019-12-30 23:38:12',NULL,NULL,NULL,NULL,NULL,NULL,NULL,NULL,NULL),(681,'2020-LK-011','RAM DD3',1,28,1,149,NULL,'Chiếc','note',5,'tqvinh',NULL,NULL,NULL,NULL,NULL,NULL,NULL,NULL,NULL,NULL),(683,'2020-LK-012','RAM DD3',1,28,1,151,NULL,'Chiếc','note',5,'tqvinh',NULL,NULL,NULL,NULL,NULL,NULL,NULL,NULL,NULL,NULL),(684,'2020-LK-013','RAM DD3',1,28,1,152,'e8ccd980-998b-4fae-9e14-6919d44f4743','Chiếc','note',6,'ndvan','2020-01-14 03:50:48',NULL,NULL,NULL,NULL,NULL,NULL,NULL,'2020-01-20 16:37:33','mhduong'),(685,'2020-LK-014','RAM DD3',1,28,1,153,NULL,'Chiếc','note',6,'ndvan','2020-01-14 03:50:48',NULL,NULL,NULL,NULL,NULL,NULL,NULL,'2020-01-14 03:51:07','mhduong'),(686,'2020-LK-015','RAM DD3',1,28,1,154,'2ed5bd25-f14a-41db-a160-ac0402038548','Chiếc','note',6,'ndvan','2020-01-14 03:50:48',NULL,NULL,NULL,NULL,NULL,NULL,NULL,'2020-01-20 16:37:33','mhduong'),(687,'2020-LK-016','RAM DD3',1,28,1,155,'5859aeb8-1d8d-4254-92ad-c9dc8e5b20f6','Chiếc','note',6,'ndvan','2020-01-14 03:50:48',NULL,NULL,NULL,NULL,NULL,NULL,NULL,'2020-01-20 16:37:33','mhduong'),(688,'2020-LK-017','RAM DD3',1,28,1,156,'74a10c8a-d960-4f54-b0b5-d192da886cb9','Chiếc','note',6,'ndvan','2020-01-14 03:50:48',NULL,NULL,NULL,NULL,NULL,NULL,NULL,'2020-01-20 16:37:33','mhduong'),(689,'2020-LK-018','RAM DD3',1,28,1,157,'5a584425-9f8a-4ea4-9cd4-d27f1de848db','Chiếc','note',6,'ndvan','2020-01-14 03:50:48',NULL,NULL,NULL,NULL,NULL,NULL,NULL,'2020-01-20 16:37:33','mhduong'),(690,'2020-LK-019','RAM DD3',1,28,1,158,'41e9ca00-f231-47ed-ab2d-68f413cf303e','Chiếc','note',6,'ndvan','2020-01-14 03:50:48',NULL,NULL,NULL,NULL,NULL,NULL,NULL,'2020-01-14 03:51:07','mhduong'),(691,'2020-LK-020','RAM DD3',1,28,1,159,'64fa643f-fbd7-44dd-a773-c359a6bd675e','Chiếc','note',6,'ndvan','2020-01-14 03:50:48',NULL,NULL,NULL,NULL,NULL,NULL,NULL,'2020-01-14 03:51:07','mhduong'),(692,'2020-LK-021','RAM DD3',1,28,1,160,'d631e9e4-b849-4dd7-8ed4-af2cea199666','Chiếc','note',6,'ndvan','2020-01-14 03:50:48',NULL,NULL,NULL,NULL,NULL,NULL,NULL,'2020-01-14 03:51:07','mhduong'),(693,'2020-LK-022','RAM DD3',1,28,1,161,'92e862b4-1167-4f6c-b7ab-1880f521f20e','Chiếc','note',6,'ndvan','2020-01-14 03:50:48',NULL,NULL,NULL,NULL,NULL,NULL,NULL,'2020-01-20 16:37:33','mhduong'),(694,'2020-BT-001','laptop 8888',1,1,1,162,'0eb2bf45-5b1a-4469-969e-5e4a94e2442f','unit','note',6,'ndvan','2019-12-30 23:38:12',NULL,NULL,NULL,NULL,NULL,NULL,NULL,'2020-01-13 18:47:43','mhduong'),(696,'2020SOFT017','software name',3,47,NULL,NULL,NULL,NULL,'note',6,'nttdung1','2020-01-13 03:17:13',NULL,'Logic Add','Physical Add',NULL,NULL,NULL,NULL,NULL,NULL),(697,'2020MACH001','máy hủy tài liệu ',1,10,1,163,NULL,'','',0,'tqvinh','2020-01-10 02:23:27',NULL,NULL,NULL,NULL,NULL,NULL,NULL,NULL,NULL),(698,'2020-LK-023','RAM DD3',1,28,1,164,'302d1c79-a428-4ef2-9fa3-b262c3059726','Chiếc','note',6,'ttqminh','2020-01-31 02:52:32','2021-02-27 02:52:36',NULL,NULL,NULL,NULL,NULL,NULL,'2020-01-20 16:37:33','mhduong'),(699,'2020-LK-024','RAM DD3',1,28,1,165,'9cc841f7-53ce-47c2-bf9f-f7efd18f392c','Chiếc','note',6,'nthung','2020-01-10 09:23:20',NULL,NULL,NULL,NULL,NULL,NULL,NULL,'2020-01-13 12:19:46','mhduong'),(700,'2020-BT-002','Bảng từ',1,1,NULL,166,NULL,'Chiếc',NULL,3,'mhduong',NULL,NULL,NULL,NULL,NULL,NULL,NULL,NULL,NULL,NULL),(702,'2020SOFT018','BKAV\nEdited by Phuong',3,47,NULL,178,'eb3ee9cf-d74d-4180-b703-594a2c153fc4',NULL,'BKAV',6,'aaronwilliams','2020-01-07 02:08:02',NULL,'','',NULL,NULL,NULL,NULL,NULL,NULL),(704,'2020SVC-001','service service service service ',4,48,NULL,NULL,'578afdb0-892e-4013-8eaf-c63d53fcf195',NULL,'sss',9,'mhduong',NULL,NULL,NULL,NULL,NULL,NULL,NULL,NULL,'2020-01-20 16:37:33','mhduong'),(705,'2020SOFT019','CMS',3,47,NULL,NULL,NULL,NULL,NULL,9,'mhduong',NULL,NULL,NULL,NULL,NULL,NULL,NULL,NULL,NULL,NULL),(706,'2020SOFT020','cyber',3,47,NULL,NULL,NULL,NULL,NULL,6,'nttdung1','2020-01-17 07:11:03',NULL,NULL,NULL,NULL,NULL,NULL,NULL,NULL,NULL),(707,'2020PRIN001','test phycical',1,18,1,167,NULL,'','',0,'tqvinh','2020-01-13 11:27:49',NULL,NULL,NULL,NULL,NULL,NULL,NULL,NULL,NULL),(708,'2020SOFT021','test software 2',3,47,NULL,NULL,'fdc8912c-a360-4c49-99ce-265d7b2acde9',NULL,'notes ',9,'mhduong',NULL,NULL,NULL,NULL,NULL,NULL,NULL,NULL,'2020-01-08 09:03:13','mhduong'),(710,'2020-LK-025','RAM DD3',1,28,1,169,NULL,'Chiếc','note',6,'ndvan','2020-01-14 03:50:48',NULL,NULL,NULL,NULL,NULL,NULL,NULL,'2020-01-14 03:51:07','mhduong'),(711,'2020-LK-026','RAM DD3',1,28,2,170,'af94e9ea-4483-4e82-9866-3b4a752f24c0','Chiếc','note',6,'nthung','2020-01-13 06:53:30',NULL,NULL,NULL,NULL,NULL,NULL,NULL,'2020-01-13 15:52:35','mhduong'),(712,'2020-BT-003','dell 2020',1,1,1,171,NULL,'','',6,'ndvan','2020-01-08 03:27:45',NULL,NULL,NULL,NULL,NULL,NULL,NULL,NULL,NULL),(713,'2020-LK-027','GAO',1,28,1,172,NULL,'Chiếc','note',6,'ndvan','2020-01-08 03:27:45',NULL,NULL,NULL,NULL,NULL,NULL,NULL,NULL,NULL),(714,'2020-LK-028','RAM DD3',1,28,1,173,NULL,'Chiếc','note',6,'ndvan','2020-01-14 03:50:48',NULL,NULL,NULL,NULL,NULL,NULL,NULL,'2020-01-14 03:51:07','mhduong'),(715,'2020-LK-029','RAM DD3',1,28,1,174,NULL,'Chiếc','note',6,'nthung','2020-01-09 07:25:15',NULL,NULL,NULL,NULL,NULL,NULL,NULL,NULL,NULL),(716,'2020SOFT022','add',3,47,NULL,NULL,'4dcb74ea-cc81-4ab8-9c13-900512b8648b',NULL,'',9,'mhduong',NULL,NULL,NULL,NULL,NULL,NULL,NULL,NULL,NULL,NULL),(718,'2020-BT-004','ssd 250',1,1,3,175,'21e2b6dd-7358-41ae-a4a3-a053107f9825','','',0,'ldhai','2020-01-12 20:59:48',NULL,NULL,NULL,NULL,NULL,NULL,NULL,'2020-01-10 12:24:25','mhduong'),(719,'2020-BT-007','bảng',1,1,1,176,'286d1bfd-7094-4593-9d09-02cfa122ce50','','',0,'tqvinh','2020-01-10 02:23:27',NULL,NULL,NULL,NULL,NULL,NULL,NULL,'2020-01-10 07:07:24','mhduong'),(720,'2020-CN-003','máy tính',1,45,NULL,177,'9f253001-f48e-477e-8b28-8ebdb17562d9','unit','note',7,'nthung',NULL,NULL,NULL,NULL,NULL,NULL,NULL,NULL,'2020-01-10 01:49:45','mhduong'),(721,'2020PRIN002','Máy in',1,18,1,179,'a10d15d8-cc6b-49b6-8eda-94a88f4d66cd','','dương dương hải',6,'aaronwilliams','2020-01-08 07:04:49',NULL,NULL,NULL,NULL,NULL,NULL,NULL,NULL,NULL),(722,'2020-BT-006','bảng',1,1,NULL,180,'1cd8450d-e461-47e2-b02c-87bae57f2dd9','','',2,NULL,NULL,NULL,NULL,NULL,'2020-01-08 04:59:31',NULL,NULL,'mhduong','2020-02-11 14:20:56','mhduong'),(730,'2020CAME001','duongmh',1,2,NULL,181,NULL,'chiếc','',3,'mhduong',NULL,NULL,NULL,NULL,'2020-01-09 06:35:13',NULL,NULL,'mhduong',NULL,NULL),(731,'2020-CN-004','aaaaaa',1,45,NULL,182,'736a169e-6d62-4400-8daf-998803199e60','','',7,'nttdung1',NULL,NULL,NULL,NULL,'2020-01-09 07:21:55',NULL,NULL,'mhduong','2020-01-10 01:49:18','mhduong'),(733,'2020GUES003','tét',1,44,NULL,183,NULL,'','',7,'nthung',NULL,NULL,NULL,NULL,'2020-01-09 22:25:06',NULL,NULL,'mhduong',NULL,NULL),(734,'2020LAP-039','Máy tinh cá nhân - 1',1,7,2,184,'9d007f12-a7fc-47ca-a3af-ffda94da5dd3','','',6,'mhduong','2020-01-15 03:56:27',NULL,NULL,NULL,'2020-01-10 01:16:22',NULL,NULL,'mhduong','2020-01-20 16:37:33','mhduong'),(735,'2020GUES004','USB',1,44,NULL,185,'200a2527-ab2b-484f-a72e-90bb6f86436c','','',3,NULL,NULL,NULL,NULL,NULL,'2020-01-10 01:18:57',NULL,NULL,'mhduong','2020-01-20 16:37:33','mhduong'),(736,'2020LAP-040','aaa',1,7,1,186,'8261bee8-7287-4e72-acf3-4c360910a042','','',4,'tqvinh','2020-01-10 02:15:00',NULL,NULL,NULL,'2020-01-10 02:15:00',NULL,NULL,'mhduong','2020-01-10 07:24:40','mhduong'),(737,'2020CAP-002','name',1,3,6,187,'593c0a7a-ba40-4a90-9d2c-f0fa75f1ab4b','unit','',6,'ndvan','2020-01-10 09:13:46',NULL,NULL,NULL,'2020-01-10 02:34:22',NULL,NULL,'mhduong','2020-01-10 09:24:42','mhduong'),(738,'2020GUES005','Iphone',1,44,NULL,188,NULL,'','',7,'nthung',NULL,NULL,NULL,NULL,'2020-01-10 02:37:04',NULL,NULL,'mhduong',NULL,NULL),(740,'2020LAP-041','Laptop core i5 ',1,7,1,189,NULL,'Chiếc','Mua mới',6,'nthung','2020-01-22 08:07:12',NULL,NULL,NULL,'2020-01-10 03:05:21',NULL,NULL,'mhduong',NULL,NULL),(741,'2020CAP-003','tes1',1,3,2,190,NULL,'','',0,'tqvinh','2020-01-10 04:20:45',NULL,NULL,NULL,'2020-01-10 03:22:27',NULL,NULL,'mhduong',NULL,NULL),(742,'2020TELE002','test2',1,4,2,191,'31fb6a0e-d832-4535-b5ea-86efeb1a9f86','','',0,'tqvinh','2020-01-10 04:20:45',NULL,NULL,NULL,'2020-01-10 03:22:59',NULL,NULL,'mhduong','2020-01-10 09:12:37','mhduong'),(743,'2020LAP-042','Laptop core i7',1,7,2,192,'00ad4148-1ef2-4d18-99e5-92401220af30','','',0,'tqvinh','2020-01-10 04:20:45',NULL,NULL,NULL,'2020-01-10 04:10:22',NULL,NULL,'mhduong','2020-01-10 09:15:00','mhduong'),(744,'2020LAP-043','Laptop ram 8GB',1,7,2,193,NULL,'','',0,'tqvinh','2020-01-10 04:20:45',NULL,NULL,NULL,'2020-01-10 04:14:39',NULL,NULL,'mhduong',NULL,NULL),(745,'2020SOFT023','phần mềm',3,47,NULL,NULL,NULL,NULL,'',1,'mhduong',NULL,NULL,'','','2020-01-10 04:17:08',NULL,NULL,'mhduong',NULL,NULL),(746,'2020GUES006','Macbook',1,44,NULL,194,'9e99c811-8ca2-4596-b0ed-df9552b6767e','','',7,'nttdung1',NULL,NULL,NULL,NULL,'2020-01-10 04:22:55',NULL,NULL,'mhduong','2020-01-10 09:25:37','mhduong'),(747,'2020-BT-008','physical ',1,1,1,195,'192a30f3-d693-4a05-83c4-087d5b49ca7d','unit','note',1,'ndvan','2020-01-10 11:55:24',NULL,NULL,NULL,'2020-01-10 04:38:22',NULL,NULL,'mhduong','2020-01-11 01:12:42','mhduong'),(748,'2020SOFT024','software',3,47,NULL,NULL,NULL,NULL,'note',1,'mhduong',NULL,NULL,'Logic Add','Physical Add','2020-01-10 04:39:06',NULL,NULL,'mhduong',NULL,NULL),(749,'2020SOFT025','name',3,47,NULL,NULL,NULL,NULL,'note',9,'mhduong','2020-01-10 11:48:24',NULL,NULL,NULL,'2020-01-10 04:39:43',NULL,NULL,'mhduong',NULL,NULL),(750,'2020-BT-009','Bảng',1,1,6,196,'90a3a5be-f8e7-47bd-bfc2-7bd44fd9d37d','','',1,'nthung','2020-01-21 04:04:20',NULL,NULL,NULL,'2020-01-10 08:20:29',NULL,NULL,'mhduong','2020-01-21 16:05:32','mhduong'),(751,'2020-CN-005','Laptop i3 ram 8GB',1,45,NULL,197,'39ef629b-f4b2-4842-8030-98f2e233c3da','Chiếc','Mua mới',7,'ndvan',NULL,NULL,NULL,NULL,'2020-01-13 09:25:23',NULL,NULL,'mhduong','2020-01-13 14:35:56','mhduong'),(752,'2020MON-001','Màn hình',1,11,2,215,'0afec19e-6d23-45b9-a2e5-29aecaacf93d','','',0,'tqvinh','2020-01-31 15:49:42',NULL,NULL,NULL,'2020-01-13 11:53:00',NULL,NULL,'mhduong','2020-01-31 20:49:42','mhduong'),(753,'2020SOFT026','Phần mềm',3,47,NULL,220,'9d19ca24-aa58-4916-93a4-7c29d86bf680',NULL,'',1,'mhduong',NULL,NULL,'','','2020-01-13 02:27:01',NULL,NULL,'mhduong','2020-01-13 07:30:45','mhduong'),(754,'2020SOFT027','Phần mềm',3,47,NULL,222,'416bdfc7-224b-4a86-8556-0f45af178f9f',NULL,'',9,NULL,NULL,NULL,NULL,NULL,'2020-01-13 02:31:11',NULL,NULL,'mhduong','2020-01-20 16:37:33','mhduong'),(755,'2020ing001','mai hai duong',1,2,6,226,NULL,'chiec','',6,'ndvan','2020-01-14 03:50:48',NULL,NULL,NULL,'2020-01-14 09:44:46',NULL,NULL,'mhduong','2020-01-14 03:51:07','mhduong'),(756,'2020ing002','mai hai duong',1,2,6,227,NULL,'chiec','',6,'ndvan','2020-01-14 03:50:48',NULL,NULL,NULL,'2020-01-14 09:45:59',NULL,NULL,'mhduong','2020-01-14 03:51:07','mhduong'),(757,'2020ing003','mai hai duong',1,2,6,228,NULL,'chiec','',6,'ndvan','2020-01-14 03:50:48',NULL,NULL,NULL,'2020-01-14 09:47:34',NULL,NULL,'mhduong','2020-01-14 03:51:07','mhduong'),(758,'2020igg001','mai hai duong 222222222',1,28,6,229,'36e19042-c20b-4c48-b5b2-531c63587ec4','','',6,'ndvan','2020-01-14 03:50:48',NULL,NULL,NULL,'2020-01-14 10:02:12',NULL,NULL,'mhduong','2020-01-20 16:37:33','mhduong'),(759,'2020igg002','mai hai duong',1,28,6,230,NULL,'','',6,'ndvan','2020-01-14 03:50:48',NULL,NULL,NULL,'2020-01-14 10:02:23',NULL,NULL,'mhduong','2020-01-14 03:51:07','mhduong'),(760,'2020igg003','mai hai duong',1,28,6,231,'068d9854-b840-47a0-b856-15661af68973','','',1,'ndvan','2020-01-14 03:50:48',NULL,NULL,NULL,'2020-01-14 10:08:07',NULL,NULL,'mhduong','2020-01-20 16:37:33','mhduong'),(761,'2020ihg001','name 8888',1,1,1,232,'0043e81f-85c2-46cf-b625-6896251fbc9b','unit','',0,'tqvinh','2020-01-14 13:25:46',NULL,NULL,NULL,'2020-01-13 22:50:12',NULL,NULL,'mhduong','2020-01-20 16:37:33','mhduong'),(762,'2020CAP-006','name 0000',1,3,1,233,'8752dfdc-b70a-42c0-9a35-61273586349e','unit','',0,'tqvinh','2020-01-14 18:00:32',NULL,NULL,NULL,'2020-01-13 22:55:14',NULL,NULL,'mhduong','2020-01-20 16:37:33','mhduong'),(763,'2020ing004','strin',1,2,NULL,234,'93acfd7e-b1ab-49a0-ab34-34f274b71a25','','',2,NULL,NULL,NULL,NULL,NULL,'2020-01-14 11:26:57',NULL,NULL,'mhduong','2020-01-20 16:37:33','mhduong'),(765,'2020CAP-005','name 7777',1,3,1,235,NULL,'unit','note',0,'tqvinh','2020-01-14 12:45:24',NULL,NULL,NULL,'2020-01-14 12:45:24',NULL,NULL,'mhduong',NULL,NULL),(766,'2020TELE003','name 666',1,4,1,236,'f0852c42-8824-4dde-ac45-f153db13b21c','','',0,'tqvinh','2020-01-14 18:00:32',NULL,NULL,NULL,'2020-01-14 12:45:48',NULL,NULL,'mhduong','2020-01-20 16:37:33','mhduong'),(768,'2020SOFT028','name 2',3,47,NULL,237,NULL,NULL,'',1,'mhduong',NULL,NULL,'','','2020-01-14 12:46:22',NULL,NULL,'mhduong',NULL,NULL),(769,'2020SOFT029','Phần mềm',3,47,NULL,238,NULL,NULL,'',1,'mhduong',NULL,NULL,'','','2020-01-14 14:00:46',NULL,NULL,'mhduong',NULL,NULL),(770,'2020SVC-002','Dịch vụ Dịch vụDịch vụDịch vụ',4,48,NULL,NULL,'b145f540-439d-4df8-b3ae-f4a95ed38f34',NULL,'',1,'mhduong',NULL,NULL,'Dịch vụ','Dịch vụ','2020-01-14 14:01:17',NULL,NULL,'mhduong','2020-01-20 16:37:33','mhduong'),(771,'2020INFO021','name',2,46,NULL,NULL,'0ad8d248-d96d-4dff-a6f8-6acf44208496','','note 2sss21',1,'ndvan','2020-01-21 04:40:40',NULL,'https://tms.cmcglobal.com.vn/main/request/index','Physical Add','2020-01-22 00:00:00',NULL,'2020-01-24 00:00:00','mhduong','2020-01-21 16:41:07','mhduong'),(772,'2020INFO022','Tài liệu dự án 0114',2,46,NULL,NULL,NULL,'',NULL,1,'mhduong',NULL,NULL,'','',NULL,NULL,NULL,'mhduong',NULL,NULL),(773,'2020INFO023','Tài liệu 123',2,46,NULL,NULL,NULL,'',NULL,1,'mhduong',NULL,NULL,'','',NULL,NULL,NULL,'mhduong',NULL,NULL),(774,'2020INFO024','name 22222',2,46,NULL,NULL,NULL,'',NULL,1,'mhduong',NULL,NULL,'','',NULL,NULL,NULL,'mhduong',NULL,NULL),(775,'2020SOFT030','name 9999',3,47,NULL,239,NULL,NULL,'',1,'mhduong',NULL,NULL,'','','2020-01-14 14:08:17',NULL,NULL,'mhduong',NULL,NULL),(776,'2020-CN-006','Iphone 11',1,45,13,240,'57ba0b92-7682-43f7-b373-d8f23be7cd45','','',1,'ntly','2020-02-11 03:38:30','2020-02-20 03:39:32',NULL,NULL,'2020-01-14 14:14:19',NULL,NULL,'mhduong','2020-02-11 15:40:58','mhduong'),(777,'2020SOFT031','Excel 2',3,47,NULL,241,'e9d2290e-2afc-4ca6-98c2-63b5a479a82f',NULL,'note',1,'mhduong',NULL,NULL,'','','2020-01-14 14:16:54',NULL,NULL,'mhduong','2020-01-20 16:37:33','mhduong'),(778,'2020INFO025','name 2',2,46,NULL,NULL,NULL,'',NULL,1,'mhduong',NULL,NULL,'','',NULL,NULL,NULL,'mhduong',NULL,NULL),(779,'2020INFO026','SRS',2,46,NULL,NULL,NULL,'',NULL,1,'mhduong',NULL,NULL,'','',NULL,NULL,NULL,'mhduong',NULL,NULL),(780,'2020GUES007','Laptop',1,44,NULL,242,NULL,'','',7,'nthung',NULL,NULL,NULL,NULL,'2020-01-14 14:26:19',NULL,NULL,'mhduong','2020-02-07 16:38:35','mhduong'),(781,'2020INFO027','SRS-1',2,46,NULL,NULL,NULL,'',NULL,1,'mhduong',NULL,NULL,'','',NULL,NULL,NULL,'mhduong',NULL,NULL),(782,'2020INFO028','SRS-gams',2,46,NULL,NULL,NULL,'',NULL,1,'mhduong',NULL,NULL,'','',NULL,NULL,NULL,'mhduong',NULL,NULL),(783,'2020INFO029','name',2,46,NULL,NULL,'a6b2048f-0e2e-411e-a321-75d8269f0539','',NULL,1,'mhduong',NULL,NULL,'','',NULL,NULL,NULL,'mhduong','2020-01-20 16:37:33','mhduong'),(784,'2020INFO030','srs',2,46,NULL,NULL,'c0d48186-dc33-41c9-807f-c93ead3ee3a0','',NULL,1,'mhduong',NULL,NULL,'','',NULL,NULL,NULL,'mhduong','2020-01-20 16:37:33','mhduong'),(785,'2020-LK-030','name link kien',1,1,1,243,'cd175322-abfe-4a85-8bf8-b440885dda49','','',0,'tqvinh','2020-01-21 10:32:37',NULL,NULL,NULL,'2020-01-14 15:16:16',NULL,NULL,'mhduong','2020-01-21 15:32:37','mhduong'),(786,'2020-LK-033','name 77',1,1,1,244,'77990489-f31e-438c-b860-2b5e520088c3','unit','new',6,'lthung','2020-01-16 04:03:45',NULL,NULL,NULL,'2020-01-14 17:21:51',NULL,NULL,'mhduong','2020-01-20 16:37:33','mhduong'),(787,'2020SOFT032','singapore',3,47,NULL,245,'bbd5ab14-7346-446b-8421-87340577321c',NULL,'note',1,'nthung','2020-01-15 07:33:42',NULL,'192.168.66.68','Physical Add','2020-01-14 17:25:14','22222',NULL,'mhduong','2020-01-20 16:37:33','mhduong'),(789,'2020-LK-035','Máy tính Dell',1,1,13,246,NULL,'','',0,'ntly','2020-02-10 17:40:56',NULL,NULL,NULL,'2020-01-16 14:34:00',NULL,NULL,'mhduong','2020-02-10 22:40:56','mhduong'),(790,'2020-LK-036','Máy tính Dell 2',1,1,3,247,'aad10fdc-a6f4-4b35-b295-739f76680dbb','','',0,'ldhai','2020-01-16 14:44:16',NULL,NULL,NULL,'2020-01-16 14:44:16',NULL,NULL,'mhduong','2020-01-20 16:37:33','mhduong'),(791,'2020OTH-008','name 5555',5,50,NULL,NULL,'bccf6246-b9bc-45d9-857b-2bb0eca83be7',NULL,NULL,NULL,'ndvan',NULL,NULL,NULL,NULL,'2020-01-16 17:02:02',NULL,NULL,'mhduong','2020-01-16 22:02:02','mhduong'),(792,'2020OTH-009','name 7777',5,50,NULL,NULL,'859a890b-5e7a-4456-be52-1c37cd279974',NULL,NULL,NULL,'ndvan',NULL,NULL,NULL,NULL,'2020-01-16 17:03:49',NULL,NULL,'mhduong','2020-01-16 22:03:49','mhduong'),(793,'2020OTH-010','lap top 9999',7,50,NULL,NULL,NULL,NULL,NULL,NULL,'ndvan',NULL,NULL,NULL,NULL,'2020-01-17 14:07:42',NULL,NULL,'mhduong','2020-01-17 19:07:42','mhduong'),(794,'2020OTH-011','laptop 30000',5,50,NULL,NULL,'fe7cc68a-7179-44ba-8ab5-a62b5472f424',NULL,NULL,NULL,'ndvan',NULL,NULL,NULL,NULL,'2020-01-20 10:07:56',NULL,NULL,'mhduong','2020-01-20 15:07:56','mhduong'),(795,'2020-LK-037','link kien abc',1,1,1,248,NULL,'','',6,'nthung','2020-01-21 04:04:20',NULL,NULL,NULL,NULL,NULL,NULL,'mhduong','2020-01-21 19:07:34',NULL),(796,'2020OTH-012','<b> abc </b> by Phuong',5,50,NULL,NULL,'0f731bca-9916-485b-ab42-eaa5b9482c72',NULL,NULL,NULL,'hvphuong',NULL,NULL,NULL,NULL,'2020-01-30 13:40:10',NULL,NULL,'mhduong','2020-01-30 18:40:10','mhduong'),(797,'2020OTH-013','11111',5,50,NULL,NULL,'843389bb-e983-4755-ba0c-1800957c76e0',NULL,NULL,NULL,'admin',NULL,NULL,NULL,NULL,'2020-01-30 15:00:26',NULL,NULL,'mhduong','2020-01-30 20:00:26','mhduong'),(798,'2020OTH-014','1',5,50,NULL,NULL,'f5c06ea7-a3fa-4291-b018-e73e6cf8f237',NULL,NULL,NULL,'mhduong',NULL,NULL,NULL,NULL,'2020-01-30 15:25:34',NULL,NULL,'mhduong','2020-01-30 20:25:34','mhduong'),(799,'2020LAP-045','Máy dell 1',1,7,13,249,'9da59a5d-8f3f-4c53-a8ad-4f88e8d20b59','','',0,'ntly','2020-02-10 17:40:56',NULL,NULL,NULL,NULL,NULL,NULL,'mhduong','2020-02-10 22:40:56','mhduong'),(800,'2020LAP-046','Laptop 1',1,7,1,250,'39cf97c3-ba76-4200-829d-cda700985d54','Chiếc','note',0,'tqvinh','2020-02-03 13:56:06',NULL,NULL,NULL,NULL,NULL,NULL,'mhduong','2020-02-03 18:56:06','mhduong'),(801,'2020LAP-047','laptop tét',1,7,NULL,251,'9e484ed8-786e-4a6c-834c-04d2aa94d641','','',2,NULL,NULL,NULL,NULL,NULL,NULL,NULL,NULL,'mhduong','2020-02-10 22:38:33','mhduong'),(802,'2020VPP-004','bút bi',1,2,13,252,NULL,'','',0,'ntly','2020-02-03 14:37:04',NULL,NULL,NULL,NULL,NULL,NULL,'mhduong','2020-02-03 19:37:04',NULL),(803,'2020-LK-038','RAM',1,1,13,253,NULL,'','',0,'ntly','2020-02-03 14:37:37',NULL,NULL,NULL,NULL,NULL,NULL,'mhduong','2020-02-03 19:37:37',NULL),(804,'2020-LK-039','RAM',1,1,13,254,'3d8f82d4-cd2c-4b31-b065-51daa0ba99d1','','',0,'ntly','2020-02-06 17:24:58',NULL,NULL,NULL,NULL,NULL,NULL,'mhduong','2020-02-10 20:18:21','mhduong'),(805,'2020-LK-040','Ổ cứng 1',1,1,NULL,255,'262156a3-beb7-4dfa-b14e-5f9222839311','chiếc','note',2,NULL,NULL,NULL,NULL,NULL,NULL,NULL,NULL,'mhduong','2020-02-07 18:47:42','mhduong'),(806,'2020LAP-048','Laptop 01',1,7,13,256,NULL,'','',6,'ntly','2020-02-06 09:14:51',NULL,NULL,NULL,NULL,NULL,NULL,'mhduong','2020-02-06 21:15:09','mhduong'),(807,'2020-LK-041','RAM-laptop01',1,1,13,257,'fd2ba0fb-75fb-4439-ae80-386fbb0ec730','','',0,'ntly','2020-02-03 14:51:26',NULL,NULL,NULL,NULL,NULL,NULL,'mhduong','2020-02-03 19:53:02','mhduong'),(808,'2020PRIN003','Máy in 1',1,18,6,258,'665090fd-1cd7-4910-8f24-f85bfe235c18','','',0,'hvphuong','2020-02-11 14:02:29',NULL,NULL,NULL,NULL,NULL,NULL,'mhduong','2020-02-11 19:02:29','mhduong'),(809,'2020-LK-042','Chuột CMS',1,1,13,259,'af2a5dcc-3afb-4074-969d-36698c5bad67','','',0,'ntly','2020-02-03 15:08:55',NULL,NULL,NULL,NULL,NULL,NULL,'mhduong','2020-02-03 20:09:23','mhduong'),(810,'2020-LK-043','Chuột máy tính',1,1,13,260,'4621e266-cfb4-4fb3-8498-5653a5e7634b','','',6,'ntly','2020-02-03 08:09:34',NULL,NULL,NULL,NULL,NULL,NULL,'mhduong','2020-02-03 20:21:28','mhduong'),(811,'2020-LK-044','Bàn phím',1,1,6,261,NULL,'','',0,'hvphuong','2020-02-11 14:02:29',NULL,NULL,NULL,NULL,NULL,NULL,'mhduong','2020-02-11 19:02:29','mhduong'),(812,'2020-LK-045','abc',1,1,6,262,'1544656e-1e9c-4c18-9a58-460e223c3e91','','',0,'hvphuong','2020-02-11 14:02:29',NULL,NULL,NULL,NULL,NULL,NULL,'mhduong','2020-02-11 19:02:29','mhduong'),(813,'2020-LK-046','name',1,1,13,263,NULL,'','',0,'ntly','2020-02-03 15:26:51',NULL,NULL,NULL,NULL,NULL,NULL,'mhduong','2020-02-03 20:26:51',NULL),(814,'2020-LK-047','abc',1,1,13,264,NULL,'','',0,'ntly','2020-02-03 15:27:24',NULL,NULL,NULL,NULL,NULL,NULL,'mhduong','2020-02-03 20:27:24',NULL),(815,'2020-LK-048','Bàn phím Dell 1',1,1,13,265,NULL,'','',0,'ntly','2020-02-03 15:31:28',NULL,NULL,NULL,NULL,NULL,NULL,'mhduong','2020-02-03 20:31:28',NULL),(816,'2020-LK-049','Bàn phím Dell 2',1,1,1,266,NULL,'','',0,'tqvinh','2020-02-03 15:32:26',NULL,NULL,NULL,NULL,NULL,NULL,'mhduong','2020-02-03 20:32:26',NULL),(817,'2020-LK-050','Bàn phím Dell 3',1,1,1,267,NULL,'','',0,'tqvinh','2020-02-03 15:33:12',NULL,NULL,NULL,NULL,NULL,NULL,'mhduong','2020-02-03 20:33:12',NULL),(818,'2020-LK-051','Bàn phím Dell 4',1,1,13,268,NULL,'','',0,'ntly','2020-02-03 15:35:14',NULL,NULL,NULL,NULL,NULL,NULL,'mhduong','2020-02-03 20:35:14',NULL),(819,'2020-LK-052','Bàn phím Dell 5',1,1,13,269,NULL,'','',0,'ntly','2020-02-03 15:36:11',NULL,NULL,NULL,NULL,NULL,NULL,'mhduong','2020-02-03 20:36:11',NULL),(820,'2020LAP-049','Bàn phím Dell 6',1,7,1,270,NULL,'','',0,'tqvinh','2020-02-03 15:36:41',NULL,NULL,NULL,NULL,NULL,NULL,'mhduong','2020-02-03 20:36:41',NULL),(821,'2020-LK-053','Bàn phím Dell 7',1,1,13,271,NULL,'','',0,'ntly','2020-02-03 15:37:11',NULL,NULL,NULL,NULL,NULL,NULL,'mhduong','2020-02-03 20:37:11',NULL),(822,'2020-LK-054','bàn phím dell 8',1,1,13,272,'69b9bf4a-9931-41ce-acde-8bb211063a67','','',1,'ntly','2020-02-11 03:38:30','2020-02-20 03:39:32',NULL,NULL,NULL,NULL,NULL,'mhduong','2020-02-11 15:40:58','mhduong'),(823,'2020-LK-055','bàn phím dell 9',1,1,NULL,273,NULL,'','',2,NULL,NULL,NULL,NULL,NULL,NULL,NULL,NULL,'mhduong','2020-02-11 15:19:44','mhduong'),(824,'2020-LK-056','bàn phím dell 10',1,1,NULL,274,NULL,'','',2,NULL,NULL,NULL,NULL,NULL,NULL,NULL,NULL,'mhduong','2020-02-11 15:25:00','mhduong'),(825,'2020-LK-057','bàn phím 11',1,1,2,275,NULL,'','',0,'tqvinh','2020-02-03 15:40:43',NULL,NULL,NULL,NULL,NULL,NULL,'mhduong','2020-02-03 20:40:43',NULL),(826,'2020-LK-058','Bàn phím 12',1,1,1,276,NULL,'','',0,'tqvinh','2020-02-03 15:42:04',NULL,NULL,NULL,NULL,NULL,NULL,'mhduong','2020-02-03 20:42:04',NULL),(827,'2020-LK-059','2121212',1,1,13,277,NULL,'','',0,'ntly','2020-02-03 15:42:56',NULL,NULL,NULL,NULL,NULL,NULL,'mhduong','2020-02-03 20:42:56',NULL),(828,'2020-LK-060','11212121',1,1,13,278,NULL,'','',0,'ntly','2020-02-03 15:43:54',NULL,NULL,NULL,NULL,NULL,NULL,'mhduong','2020-02-03 20:43:54',NULL),(829,'2020-LK-061','4343434',1,1,13,279,NULL,'','',0,'ntly','2020-02-03 15:45:25',NULL,NULL,NULL,NULL,NULL,NULL,'mhduong','2020-02-03 20:45:25',NULL),(830,'2020-LK-062','323232323',1,1,13,280,NULL,'','',0,'ntly','2020-02-03 15:46:43',NULL,NULL,NULL,NULL,NULL,NULL,'mhduong','2020-02-03 20:46:43',NULL),(831,'2020-LK-063','44443',1,1,2,281,NULL,'','',0,'tqvinh','2020-02-03 15:49:01',NULL,NULL,NULL,NULL,NULL,NULL,'mhduong','2020-02-03 20:49:01',NULL),(832,'2020-LK-064','3232',1,1,1,282,NULL,'','',0,'tqvinh','2020-02-03 15:49:44',NULL,NULL,NULL,NULL,NULL,NULL,'mhduong','2020-02-03 20:49:44',NULL),(833,'2020-LK-065','4443434',1,1,1,283,NULL,'','',0,'tqvinh','2020-02-03 15:50:44',NULL,NULL,NULL,NULL,NULL,NULL,'mhduong','2020-02-03 20:50:44',NULL),(834,'2020-LK-066','7777',1,1,3,284,NULL,'','',0,'ldhai','2020-02-03 15:53:43',NULL,NULL,NULL,NULL,NULL,NULL,'mhduong','2020-02-03 20:53:43',NULL),(835,'2020INFO031','TS thông tin',2,46,NULL,NULL,NULL,'',NULL,1,'mhduong',NULL,NULL,'','',NULL,NULL,NULL,'mhduong','2020-02-03 21:41:41',NULL),(836,'2020INFO032','TSTT 1',2,46,NULL,NULL,NULL,'note',NULL,1,'mhduong',NULL,NULL,'https://translate.google.com/','abc','2020-02-03 09:43:31',NULL,'2020-02-27 09:43:33','mhduong','2020-02-03 21:43:38',NULL),(837,'2020INFO033','TSTT 2',2,46,NULL,NULL,NULL,'ghi chú',NULL,1,'mhduong',NULL,NULL,'','',NULL,NULL,NULL,'mhduong','2020-02-03 21:46:13',NULL),(838,'2020SOFT033','TSPM',3,47,NULL,285,NULL,NULL,'ghi chú',1,'mhduong',NULL,NULL,'','',NULL,NULL,NULL,'mhduong','2020-02-03 21:50:16',NULL),(839,'2020SVC-003','TSDV',4,48,NULL,NULL,NULL,NULL,'ghi chú',1,'mhduong',NULL,NULL,'','',NULL,NULL,NULL,'mhduong','2020-02-03 21:50:53',NULL),(840,'2020SOFT034','TSPM 2',3,47,NULL,286,NULL,NULL,'ghi chú',1,'mhduong',NULL,NULL,'https://translate.google.com/','abc',NULL,NULL,NULL,'mhduong','2020-02-03 22:22:15',NULL),(841,'2020SVC-004','TSDV 2',4,48,NULL,NULL,NULL,NULL,'ghi chú',1,'mhduong',NULL,NULL,'https://translate.google.com/','23232',NULL,NULL,NULL,'mhduong','2020-02-03 22:28:43',NULL),(842,'2020SOFT035','TSPM 3',3,47,NULL,287,NULL,NULL,'',1,'mhduong',NULL,NULL,'','',NULL,NULL,NULL,'mhduong','2020-02-03 22:31:41',NULL),(843,'2020SVC-005','TSDV',4,48,NULL,NULL,NULL,NULL,'ghi chú',1,'mhduong',NULL,NULL,'https://translate.google.com/','23232',NULL,NULL,NULL,'mhduong','2020-02-03 22:36:03',NULL),(844,'2020INFO034','abc',2,46,NULL,NULL,'1f293766-ebfd-4069-ac19-8385e2c2a7d7','zzzzz','This is note',1,'mhduong',NULL,NULL,'bbbbb','eeee',NULL,NULL,NULL,'mhduong','2020-02-04 14:03:16','mhduong'),(845,'2020-LK-067','<b>abc</b>',1,1,1,288,NULL,'','',0,'tqvinh','2020-02-04 10:17:44',NULL,NULL,NULL,NULL,NULL,NULL,'mhduong','2020-02-04 15:17:44',NULL),(846,'2020INFO035','tài sản thông tin',2,46,NULL,NULL,NULL,'ghi chú',NULL,1,'mhduong',NULL,NULL,'','',NULL,NULL,NULL,'mhduong','2020-02-04 15:43:40',NULL),(847,'2020INFO036','tài sản tt',2,46,NULL,NULL,'4e9edf26-30ff-43c7-ac9e-85be87f20b2a','',NULL,1,'mhduong',NULL,NULL,'http://aaaaaaaaaaaaaaaaaaaaaaaaaaaaaaaaaaaaaaaaaaaaaaaaaaaaaaaaaaaaaaaaaaaaaaaaaaaaaaaaaaaaaaaaaaaaaaaaaaaaaaaaaaaaaaaaaaaaaaaaaaaaaaaaaaaaaaaaaaaaaaaaaaaaaaaaaaaaaaaaaaaaaaaaaaaaaaaaaaaaaaaaaaaaaaaaaabbbbbbbbbbbbbbbbbbbbbbbbbbbbbbbbbbbbbbbbbbbbbbbbb','','2020-02-05 02:09:44',NULL,NULL,'mhduong','2020-02-06 14:09:47',NULL),(848,'2020INFO037','name 3',2,46,NULL,NULL,NULL,'note 3',NULL,1,'mhduong',NULL,NULL,'','',NULL,NULL,NULL,'mhduong','2020-02-04 17:47:50',NULL),(849,'2020INFO038','name 4',2,46,NULL,NULL,NULL,NULL,'notes',1,'mhduong',NULL,NULL,'','',NULL,NULL,NULL,'mhduong','2020-02-04 17:49:07',NULL),(850,'2020-LK-068','333333',1,1,1,289,NULL,'','',0,'tqvinh','2020-02-04 12:52:17',NULL,NULL,NULL,NULL,NULL,NULL,'mhduong','2020-02-04 17:52:17',NULL),(851,'2020-LK-069','5555',1,1,11,290,NULL,'','',0,'mhduong','2020-02-04 12:58:43',NULL,NULL,NULL,NULL,NULL,NULL,'mhduong','2020-02-04 17:58:43',NULL),(852,'2020-LK-070','666666',1,1,3,291,NULL,'','',0,'ldhai','2020-02-04 12:58:58',NULL,NULL,NULL,NULL,NULL,NULL,'mhduong','2020-02-04 17:58:58',NULL),(853,'2020-LK-071','sssss',1,1,1,292,NULL,'','',0,'tqvinh','2020-02-04 13:02:02',NULL,NULL,NULL,NULL,NULL,NULL,'mhduong','2020-02-04 18:02:02',NULL),(854,'2020-LK-072','sssww',1,1,13,293,'70d0f5a8-2315-44c6-9131-e0f992cea8ae','','',1,'ntly','2020-02-11 03:38:30','2020-02-20 03:39:32',NULL,NULL,NULL,NULL,NULL,'mhduong','2020-02-11 15:40:58','mhduong'),(855,'2020INFO039','test 12',2,46,NULL,NULL,NULL,NULL,'notes',1,'mhduong',NULL,NULL,'','',NULL,NULL,NULL,'mhduong','2020-02-04 18:27:39',NULL),(856,'2020SOFT036','phần mềm nhân sự',3,47,NULL,294,'4ebc2566-fd02-45bb-bf54-419a0033f144',NULL,'',9,NULL,NULL,NULL,NULL,NULL,NULL,NULL,NULL,'mhduong','2020-02-06 20:45:58','mhduong'),(857,'2020VPP-005','Bút chì kim',1,2,13,295,'7b87bd94-58c2-4211-9594-f7dbe5e137d0','<b>abc</b>','',0,'ntly','2020-02-06 16:20:15',NULL,NULL,NULL,NULL,NULL,NULL,'mhduong','2020-02-06 21:27:39','mhduong'),(858,'2020-LK-073','3434343',1,1,1,296,NULL,'','',0,'tqvinh','2020-02-04 15:55:59',NULL,NULL,NULL,NULL,NULL,NULL,'mhduong','2020-02-04 20:55:59',NULL),(859,'2020INFO040','TSTT',2,46,NULL,NULL,'31fa8a70-b289-4d1f-bf8f-9ee028bc90a4',NULL,'',1,'mhduong',NULL,NULL,'https://www.google.com.vn/search?sxsrf=ACYBGNTBz8X2CmiCcXqOKxWg5Iiflv-i0A%3A1580885321254&source=hp&ei=SWU6XpCDDcPR-QaggKbICA&q=physical+activities&oq=physical+a&gs_l=psy-ab.3.0.0i203l8j0l2.2988.5626..6657...2.0..0.71.348.5......0....1','','2020-02-04 00:00:00',NULL,'2020-02-05 00:00:00','mhduong','2020-02-05 19:03:50','mhduong'),(860,'2020-LK-074','Chuột máy tính_edit',1,1,13,297,'752e16e0-5ec2-4faa-a36b-82d94d618d0b','Chiếc','ghi chú',0,'ntly','2020-02-05 09:31:55',NULL,NULL,NULL,NULL,NULL,NULL,'mhduong','2020-02-06 15:27:00','mhduong'),(861,'2020-LK-075','Chuột máy tính 1_edit',1,1,13,298,'47d53cca-8801-46a9-ad31-4ec53bf3624f','Chiếc','note',0,'ntly','2020-02-10 17:40:56',NULL,NULL,NULL,NULL,NULL,NULL,'mhduong','2020-02-10 22:40:56','mhduong'),(862,'2020-LK-076','Loa',1,1,13,299,'64fad2fa-6e74-4a50-8ab9-e03b3fca30ac','','',0,'ntly','2020-02-06 16:20:15',NULL,NULL,NULL,NULL,NULL,NULL,'mhduong','2020-02-06 21:20:15','mhduong'),(863,'2020-LK-078','<b>abc</b>',1,1,13,300,'0a95eeb3-4eb5-40b8-ab1d-df1b21fbb7c3','chiếc','',6,'ldhai','2019-12-20 04:27:06',NULL,NULL,NULL,NULL,NULL,NULL,'mhduong','2020-02-05 21:09:53','mhduong'),(864,'2020INFO041','Tài sản thông tin',2,46,NULL,NULL,'6a9d398d-1015-4e1a-94be-57bce5876b9c',NULL,'ghi chú',1,'mhduong',NULL,NULL,'https://wiki.cmcglobal.com.vn/display/GAMS/Database+Design','abc','2020-02-05 07:11:46','abc','2020-02-12 00:00:00','mhduong','2020-02-05 19:11:58','mhduong'),(865,'2020INFO042','Tài sản thông tin 2_edit',2,46,NULL,NULL,'b44e1f94-f6a2-4b0a-9815-57e69ddf5353',NULL,'ghi chú',1,'mhduong',NULL,NULL,'https://wiki.cmcglobal.com.vn/display/GAMS/Database+Design','123','2020-02-04 00:00:00','212121','2020-02-11 00:00:00','mhduong','2020-02-05 21:39:41','mhduong'),(866,'2020SOFT037','Tài sản phần mềm ',3,47,NULL,301,'e4d30fd5-f4f6-4acd-920d-4f41a4497595',NULL,'ghi chú',1,'mhduong',NULL,NULL,'https://wiki.cmcglobal.com.vn/display/GAMS/Database+Design','343',NULL,'abc',NULL,'mhduong','2020-02-05 19:21:36','mhduong'),(867,'2020SVC-006','Tài sản dịch vụ',4,48,NULL,NULL,NULL,NULL,'',1,'mhduong',NULL,NULL,'','',NULL,NULL,NULL,'mhduong','2020-02-05 19:39:54',NULL),(868,'2020SVC-007','Tài sản dịch vụ 1',4,48,NULL,NULL,NULL,NULL,'ghi chú',1,'mhduong',NULL,NULL,'http://abc','abc',NULL,NULL,NULL,'mhduong','2020-02-05 19:42:39',NULL),(869,'2020SVC-008','Tài sản dịch vụ 2',4,48,NULL,NULL,'27935049-94db-4bda-946e-44a2141d0555',NULL,'ghi chú',1,'mhduong',NULL,NULL,'','123',NULL,'323332',NULL,'mhduong','2020-02-05 22:24:51','mhduong'),(870,'2020SOFT038','Tài sản phần mềm 2',3,47,NULL,302,'8fa082ae-6f3e-4aa8-9694-bd3ab8474112',NULL,'',1,'mhduong',NULL,NULL,'dđ','',NULL,NULL,NULL,'mhduong','2020-02-06 14:24:42','mhduong'),(871,'2020SVC-009','dịch vụ',4,48,NULL,NULL,NULL,NULL,'',1,'mhduong',NULL,NULL,'','',NULL,NULL,NULL,'mhduong','2020-02-05 19:47:00',NULL),(872,'2020SVC-010','dịch vụ 2',4,48,NULL,NULL,NULL,NULL,'ghi chú',1,'mhduong',NULL,NULL,'https://wiki.cmcglobal.com.vn/display/GAMS/Database+Design','32332',NULL,NULL,NULL,'mhduong','2020-02-05 19:50:28',NULL),(873,'2020OTH-015','Laptop',5,50,NULL,NULL,'b3116650-1495-4413-941c-f70528fcbf1c',NULL,NULL,NULL,'admin',NULL,NULL,NULL,NULL,'2020-02-05 15:15:29',NULL,NULL,'mhduong','2020-02-05 20:15:29','mhduong'),(874,'2020OTH-016','Laptop',5,50,NULL,NULL,NULL,NULL,NULL,NULL,'admin',NULL,NULL,NULL,NULL,'2020-02-05 15:15:51',NULL,NULL,'mhduong','2020-02-05 20:15:51','mhduong'),(875,'2020OTH-017','fddddddddddddddđffffffffffffffffffffffffffffffff',5,50,NULL,NULL,NULL,NULL,NULL,NULL,'admin',NULL,NULL,NULL,NULL,'2020-02-05 15:18:03',NULL,NULL,'mhduong','2020-02-05 20:18:03','mhduong'),(876,'2020OTH-018','<b>abc</b>',5,50,NULL,NULL,NULL,NULL,NULL,NULL,'admin',NULL,NULL,NULL,NULL,'2020-02-05 15:18:40',NULL,NULL,'mhduong','2020-02-05 20:18:40','mhduong'),(877,'2020OTH-019','May tinh bo tui',5,50,NULL,NULL,'85619ebb-fdca-450a-b889-efea82a7fe0f',NULL,NULL,NULL,'tqvinh',NULL,NULL,NULL,NULL,'2020-02-05 16:20:33',NULL,NULL,'mhduong','2020-02-05 21:20:33','mhduong'),(878,'2020OTH-020','fdbdfbgd',5,50,NULL,NULL,'f9f9f5b4-10fb-40d2-a56f-40131a05d951',NULL,NULL,NULL,'admin',NULL,NULL,NULL,NULL,'2020-02-05 16:43:50',NULL,NULL,'mhduong','2020-02-05 21:43:50','mhduong'),(879,'2020OTH-021','CNNGA',5,50,NULL,NULL,'2a503172-ae54-4274-882c-a0fd918fbca6',NULL,NULL,NULL,'bmthin',NULL,NULL,NULL,NULL,'2020-02-05 16:49:17',NULL,NULL,'mhduong','2020-02-05 21:49:17','mhduong'),(880,'2020OTH-022','CNNGA1',5,50,NULL,NULL,NULL,NULL,NULL,NULL,'admin',NULL,NULL,NULL,NULL,'2020-02-05 16:50:06',NULL,NULL,'mhduong','2020-02-05 21:50:06','mhduong'),(881,'2020INFO043','Tài sản thông tin',2,46,NULL,NULL,'60c94e90-9244-4e2d-9177-f858f890f37e',NULL,'',1,'mhduong',NULL,NULL,'','',NULL,NULL,NULL,'mhduong','2020-02-05 22:38:10','mhduong'),(896,'2020OTH-023','Máy Scan Toshiba',5,50,NULL,NULL,'3162f664-5dce-4c74-96bb-d3e5230cde27',NULL,NULL,NULL,'tqvinh',NULL,NULL,NULL,NULL,'2020-02-06 09:19:21',NULL,NULL,NULL,'2020-02-06 14:19:21',NULL),(897,'2020-LK-079','a',1,1,11,317,NULL,'','',0,'mhduong','2020-02-06 09:20:14',NULL,NULL,NULL,NULL,NULL,NULL,'mhduong','2020-02-06 14:20:14',NULL),(898,'2020-LK-080','name',1,1,NULL,318,NULL,'','',3,NULL,NULL,NULL,NULL,NULL,NULL,NULL,NULL,'mhduong','2020-02-10 22:03:22','mhduong'),(899,'2020INFO044','name',2,46,NULL,NULL,NULL,NULL,'',8,NULL,NULL,NULL,NULL,NULL,NULL,NULL,NULL,'mhduong','2020-02-11 20:36:06','mhduong'),(900,'2020SOFT039','name',3,47,NULL,319,NULL,NULL,'',1,'mhduong',NULL,NULL,'','',NULL,NULL,NULL,'mhduong','2020-02-06 14:24:31',NULL),(901,'2020MON-002','Màn hình',1,11,13,320,NULL,'','',6,'ntly','2020-02-06 04:35:16',NULL,NULL,NULL,NULL,NULL,NULL,'mhduong','2020-02-06 16:36:10','mhduong'),(902,'2020-LK-081','Chuột',1,1,13,321,NULL,'','',6,'ntly','2020-02-06 04:35:16',NULL,NULL,NULL,NULL,NULL,NULL,'mhduong','2020-02-06 16:36:10','mhduong'),(903,'2020OTH-024','GAMS-483',5,50,NULL,NULL,'dac3a7c5-82f4-460e-8547-6c2daafc19b0',NULL,NULL,NULL,'tqvinh',NULL,NULL,NULL,NULL,'2020-02-06 10:46:58',NULL,NULL,'mhduong','2020-02-06 15:46:58','mhduong'),(906,'2020-LK-082','1',1,1,NULL,322,'ab3739a5-98ef-4288-81db-7c7cbdaafbb7','','',3,NULL,NULL,NULL,NULL,NULL,NULL,NULL,NULL,'mhduong','2020-02-07 15:56:37','mhduong'),(907,'2020-LK-083','2',1,1,13,323,'ac77fe9b-cfeb-4d36-9d21-3c632e77e173','','',0,'ntly','2020-02-10 17:40:56',NULL,NULL,NULL,NULL,NULL,NULL,'mhduong','2020-02-10 22:40:56','mhduong'),(908,'2020-LK-084','3',1,1,13,324,'9a81af5e-c0f2-471a-ab37-343b257028dd','','',0,'ntly','2020-02-10 17:40:56',NULL,NULL,NULL,NULL,NULL,NULL,'mhduong','2020-02-10 22:40:56','mhduong'),(909,'2020-LK-085','sa',1,1,13,325,NULL,'','',0,'ntly','2020-02-06 11:48:21',NULL,NULL,NULL,NULL,NULL,NULL,'mhduong','2020-02-06 16:48:21',NULL),(910,'2020-LK-086','sad 22',1,1,13,326,NULL,'','',0,'ntly','2020-02-06 13:23:41',NULL,NULL,NULL,NULL,NULL,NULL,'mhduong','2020-02-06 18:23:41',NULL),(911,'2020-LK-087','sad 222',1,1,15,327,'dd6dc52f-002a-42db-9fcd-49672fff673c','','',0,'ntly','2020-02-06 14:44:38',NULL,NULL,NULL,NULL,NULL,NULL,'mhduong','2020-02-06 19:57:52','mhduong'),(912,'2020-LK-088','Check history',1,1,NULL,328,NULL,'','',3,NULL,NULL,NULL,NULL,NULL,NULL,NULL,NULL,'mhduong','2020-02-06 19:02:45','mhduong'),(913,'2020-LK-089','check lịch sử',1,1,NULL,329,NULL,'','',2,NULL,NULL,NULL,NULL,NULL,NULL,NULL,NULL,'mhduong','2020-02-06 19:03:53','mhduong'),(914,'2020INFO045','tái sản thông tin',2,46,NULL,NULL,NULL,NULL,'',8,NULL,NULL,NULL,NULL,NULL,NULL,NULL,NULL,'mhduong','2020-02-06 19:05:54','mhduong'),(915,'2020-CN-008','Laptop',1,45,NULL,330,'b508d3e7-8f17-49e1-8cad-01716d2d98bf','','',7,'ntly',NULL,NULL,NULL,NULL,NULL,NULL,NULL,'mhduong','2020-02-07 16:37:12','mhduong'),(916,'2020SVC-011','test service',4,48,NULL,NULL,NULL,NULL,'',1,'mhduong',NULL,NULL,'','',NULL,NULL,NULL,'mhduong','2020-02-06 19:35:27',NULL),(917,'2020SVC-012','name test',4,48,NULL,NULL,NULL,NULL,'',1,'mhduong',NULL,NULL,'','',NULL,NULL,NULL,'mhduong','2020-02-06 19:36:14',NULL),(918,'2020-LK-090','o cung',1,1,13,331,'ff4b2bf0-c13c-4f12-8dbc-c601c5c97d9b','','',0,'ntly','2020-02-06 16:03:41',NULL,NULL,NULL,NULL,NULL,NULL,'mhduong','2020-02-06 21:04:07','mhduong'),(919,'2020-LK-091','Tai nghe',1,1,NULL,332,'403c4132-fbe6-441f-b1f8-87f6f028e6f4','','',2,NULL,NULL,NULL,NULL,NULL,NULL,NULL,NULL,'mhduong','2020-02-11 13:38:04','mhduong'),(920,'2020INFO046','aaaaaaaaaaa',2,46,NULL,NULL,'cd0fe472-eab5-4283-83dd-7fa0484f41ec',NULL,'a',8,NULL,NULL,NULL,NULL,NULL,NULL,NULL,NULL,'mhduong','2020-02-10 21:55:32','mhduong'),(921,'2020-LK-104','Màn hình 1',1,1,NULL,333,'32b50326-e1d8-4aa7-b0c4-c92d6c4f8146','','',2,NULL,NULL,NULL,NULL,NULL,NULL,NULL,NULL,'mhduong','2020-02-11 13:38:04','mhduong'),(922,'2020-LK-102','Mành hình_return',1,1,13,334,'bcc76f5c-e88e-49c3-8301-40fc25badb0f','','',1,'ntly','2020-02-11 03:38:30','2020-02-20 03:39:32',NULL,NULL,NULL,NULL,NULL,'mhduong','2020-02-11 15:40:58','mhduong'),(923,'2020-LK-092','Bàn phím',1,1,13,335,'37ece2c1-17d5-4e4f-b777-cd1942394e74','','',1,'ntly','2020-02-11 03:38:30','2020-02-20 03:39:32',NULL,NULL,NULL,NULL,NULL,'mhduong','2020-02-11 15:40:58','mhduong'),(924,'2020-LK-093','Chuột',1,1,13,336,'70ef18df-9d2c-4bf5-8a1b-671c82f9817b','','',0,'ntly','2020-02-10 17:40:56',NULL,NULL,NULL,NULL,NULL,NULL,'mhduong','2020-02-10 22:40:56','mhduong'),(925,'2020VPP-007','VPP',1,2,NULL,337,NULL,'','',2,NULL,NULL,NULL,NULL,NULL,NULL,NULL,NULL,'mhduong','2020-02-07 18:47:42','mhduong'),(926,'2020-LK-095','ban phim 2',1,1,NULL,338,'c7009c7d-1a77-4d79-ad7c-81862056ccc7','','',2,NULL,NULL,NULL,NULL,NULL,NULL,NULL,NULL,'mhduong','2020-02-07 16:46:40','mhduong'),(927,'2020OTH-025','sa',5,50,NULL,NULL,'daff693b-3fce-4699-a5a2-9e8e80dddb45',NULL,NULL,NULL,'ndvan',NULL,NULL,NULL,NULL,'2020-02-07 11:30:45',NULL,NULL,'mhduong','2020-02-07 16:30:45','mhduong'),(928,'2020OTH-026','sa',5,50,NULL,NULL,NULL,NULL,NULL,NULL,'ndvan',NULL,NULL,NULL,NULL,'2020-02-07 11:37:20',NULL,NULL,'mhduong','2020-02-07 16:37:20','mhduong'),(929,'2020OTH-027','sa',5,50,NULL,NULL,NULL,NULL,NULL,NULL,'ndvan',NULL,NULL,NULL,NULL,'2020-02-07 11:38:46',NULL,NULL,'mhduong','2020-02-07 16:38:46','mhduong'),(930,'2020OTH-028','sa',5,50,NULL,NULL,NULL,NULL,NULL,NULL,'ndvan',NULL,NULL,NULL,NULL,'2020-02-07 11:39:32',NULL,NULL,'mhduong','2020-02-07 16:39:32','mhduong'),(931,'2020OTH-029','sa',5,50,NULL,NULL,'64b4878d-bbe9-4f0b-b4df-1398a2187050',NULL,NULL,NULL,'ndvan',NULL,NULL,NULL,NULL,'2020-02-07 11:41:33',NULL,NULL,'mhduong','2020-02-07 16:41:33','mhduong'),(932,'2020OTH-030','sa',5,50,NULL,NULL,'d6fa98a1-b578-4c8c-b035-45b94f6b34b5',NULL,NULL,NULL,'ndvan',NULL,NULL,NULL,NULL,'2020-02-07 11:45:43',NULL,NULL,'mhduong','2020-02-07 16:45:43','mhduong'),(933,'2020OTH-031','sasa',5,50,NULL,NULL,'dc41682b-fe60-452a-b37b-8a35cf265454',NULL,NULL,NULL,'ndvan',NULL,NULL,NULL,NULL,'2020-02-07 11:46:58',NULL,NULL,'mhduong','2020-02-07 16:46:58','mhduong'),(934,'2020OTH-032','sa',5,50,NULL,NULL,NULL,NULL,NULL,NULL,'ndvan',NULL,NULL,NULL,NULL,'2020-02-07 12:37:21',NULL,NULL,'mhduong','2020-02-07 17:37:21','mhduong'),(935,'2020INFO047','TSTT 1',2,46,NULL,NULL,NULL,NULL,'',8,NULL,NULL,NULL,NULL,NULL,'2020-02-06 06:49:16',NULL,'2020-02-07 06:49:18','mhduong','2020-02-07 20:31:08','mhduong'),(936,'2020VPP-009','bút bi',1,2,NULL,339,NULL,'','',2,NULL,NULL,NULL,NULL,NULL,NULL,NULL,NULL,'mhduong','2020-02-07 19:12:19','mhduong'),(937,'2020MON-005','Màn hình',1,11,NULL,340,NULL,'','',2,NULL,NULL,NULL,NULL,NULL,NULL,NULL,NULL,'mhduong','2020-02-07 19:29:18','mhduong'),(938,'2020-LK-096','Bàn phím',1,1,NULL,341,NULL,'','',2,NULL,NULL,NULL,NULL,NULL,NULL,NULL,NULL,'mhduong','2020-02-07 19:29:18','mhduong'),(939,'2020-LK-097','Chuột',1,1,13,342,'0175a39d-79c0-4f66-bf14-1edd9a8b8143','','',1,'ntly','2020-02-11 03:38:30','2020-02-20 03:39:32',NULL,NULL,NULL,NULL,NULL,'mhduong','2020-02-11 15:40:58','mhduong'),(940,'2020SOFT040','phần mềm nhân sự',3,47,NULL,343,NULL,NULL,'',9,NULL,NULL,NULL,NULL,NULL,NULL,NULL,NULL,'mhduong','2020-02-11 20:34:27','mhduong'),(941,'2020VPP-010','bút chì',1,2,13,344,'7ba91f93-44c8-4a6e-b50b-0046f52e622f','','',1,'ntly','2020-02-11 03:38:30','2020-02-20 03:39:32',NULL,NULL,NULL,NULL,NULL,'mhduong','2020-02-11 15:40:58','mhduong'),(942,'2020-LK-098','ram 32g',1,1,13,345,NULL,'','',0,'ntly','2020-02-07 16:46:00',NULL,NULL,NULL,NULL,NULL,NULL,'mhduong','2020-02-07 21:46:00',NULL),(944,'2020VPP-011','bút chì kim',1,2,13,347,'b52586fd-81d7-41c0-8b2c-8ad6fd76a046','','',1,'ntly','2020-02-11 03:38:30','2020-02-20 03:39:32',NULL,NULL,NULL,NULL,NULL,'mhduong','2020-02-11 15:40:58','mhduong'),(945,'2020OTH-033','     qevevv',5,50,NULL,NULL,NULL,NULL,NULL,NULL,'aleksandarjelic',NULL,NULL,NULL,NULL,'2020-02-07 17:17:18',NULL,NULL,'mhduong','2020-02-07 22:17:18','mhduong'),(946,'2020VPP-012','bút mực',1,2,13,348,'c3fd7429-490a-4f5a-9af4-afa5b98a3c0b','','',1,'ntly','2020-02-11 03:38:30','2020-02-20 03:39:32',NULL,NULL,NULL,NULL,NULL,'mhduong','2020-02-11 15:40:58','mhduong'),(947,'2020OTH-034','ndvan 2222',5,50,NULL,NULL,NULL,NULL,NULL,NULL,'ndvan',NULL,NULL,NULL,NULL,'2020-02-07 18:20:38',NULL,NULL,'mhduong','2020-02-07 23:20:38','mhduong'),(948,'2020OTH-035','sa',5,50,NULL,NULL,NULL,NULL,NULL,NULL,'ndvan',NULL,NULL,NULL,NULL,'2020-02-10 08:40:30',NULL,NULL,'mhduong','2020-02-10 13:40:30','mhduong'),(949,'2020OTH-036','ndvan 2',5,50,NULL,NULL,NULL,NULL,NULL,NULL,'ndvan',NULL,NULL,NULL,NULL,'2020-02-10 09:02:46',NULL,NULL,'mhduong','2020-02-10 14:02:46','mhduong'),(950,'2020OTH-037','name van',5,50,NULL,NULL,NULL,NULL,NULL,NULL,'ndvan',NULL,NULL,NULL,NULL,'2020-02-10 09:25:02',NULL,NULL,'mhduong','2020-02-10 14:25:02','mhduong'),(951,'2020OTH-038','van 23',5,50,NULL,NULL,NULL,NULL,NULL,NULL,'ndvan',NULL,NULL,NULL,NULL,'2020-02-10 09:26:52',NULL,NULL,'mhduong','2020-02-10 14:26:52','mhduong'),(952,'2020OTH-039','may scan ',5,50,NULL,NULL,'f4c060d1-9303-4999-a4ef-e6d73653a525',NULL,NULL,NULL,'ndvan',NULL,NULL,NULL,NULL,'2020-02-10 09:29:58',NULL,NULL,'mhduong','2020-02-10 14:29:58','mhduong'),(953,'2020OTH-040','camera 2',5,50,NULL,NULL,NULL,NULL,NULL,NULL,'ndvan',NULL,NULL,NULL,NULL,'2020-02-10 09:31:32',NULL,NULL,'mhduong','2020-02-10 14:31:32','mhduong'),(954,'2020OTH-041','Cây nước nóng lạnh 2',5,50,NULL,NULL,NULL,NULL,NULL,NULL,'ndvan',NULL,NULL,NULL,NULL,'2020-02-10 09:39:41',NULL,NULL,'mhduong','2020-02-10 14:39:41','mhduong'),(955,'2020OTH-042','camera 3',5,50,NULL,NULL,'a99922ff-1994-4463-9fa6-501b881f2c0f',NULL,NULL,NULL,'ndvan',NULL,NULL,NULL,NULL,'2020-02-10 09:40:38',NULL,NULL,'mhduong','2020-02-10 14:40:38','mhduong'),(956,'2020OTH-043','aa',5,50,NULL,NULL,'14fed2b0-bfd6-4937-a06f-292598d23b73',NULL,NULL,NULL,'ndvan',NULL,NULL,NULL,NULL,'2020-02-10 09:42:22',NULL,NULL,'mhduong','2020-02-10 14:42:22','mhduong'),(957,'2020OTH-044','sa 3',5,50,NULL,NULL,NULL,NULL,NULL,NULL,'ndvan',NULL,NULL,NULL,NULL,'2020-02-10 09:54:30',NULL,NULL,'mhduong','2020-02-10 14:54:30','mhduong'),(958,'2020VPP-013','Sổ',1,2,13,349,NULL,'','ghi chú',0,'ntly','2020-02-10 10:27:43',NULL,NULL,NULL,NULL,NULL,NULL,'mhduong','2020-02-10 15:27:43',NULL),(959,'2020CAP-007','linh kiện',1,3,13,350,'0fcc071b-1355-428b-9955-869ea0c76b8b','','',0,'ntly','2020-02-10 17:40:56',NULL,NULL,NULL,NULL,NULL,NULL,'mhduong','2020-02-10 22:40:56','mhduong'),(960,'2020SOFT041','TSDVssa',3,47,NULL,351,'2d2e6901-e40b-4373-a694-80aa4568369b',NULL,'ghi chú',9,NULL,NULL,NULL,NULL,NULL,NULL,NULL,NULL,'mhduong','2020-02-10 21:59:57','mhduong'),(961,'2020INFO048','TSTT',2,46,NULL,NULL,'df2d7cc8-b061-49f7-bebd-d28dc7248ca3',NULL,'',8,NULL,NULL,NULL,NULL,NULL,NULL,NULL,NULL,'mhduong','2020-02-10 20:25:16','mhduong'),(962,'2020OTH-045','s',5,50,NULL,NULL,NULL,NULL,NULL,NULL,'ndvan',NULL,NULL,NULL,NULL,'2020-02-10 11:34:49',NULL,NULL,'mhduong','2020-02-10 16:34:49','mhduong'),(963,'2020OTH-046','sa',5,50,NULL,NULL,NULL,NULL,NULL,NULL,'ndvan',NULL,NULL,NULL,NULL,'2020-02-10 11:42:33',NULL,NULL,'mhduong','2020-02-10 16:42:33','mhduong'),(964,'2020OTH-047','ndvan 345',5,50,NULL,NULL,NULL,NULL,NULL,NULL,'bdlong',NULL,NULL,NULL,NULL,'2020-02-10 11:42:38',NULL,NULL,'mhduong','2020-02-10 16:42:38','mhduong'),(965,'2020-LK-100','TS quá overdue',1,1,13,352,NULL,'','',0,'ntly','2020-02-11 10:38:20',NULL,NULL,NULL,NULL,NULL,NULL,'mhduong','2020-02-11 15:38:20','mhduong'),(966,'2020-LK-101','TS sắp hạn overdue',1,1,NULL,353,NULL,'','',2,NULL,NULL,NULL,NULL,NULL,NULL,NULL,NULL,'mhduong','2020-02-11 14:55:23','mhduong'),(967,'2020OTH-048','fddddddddddddddđfffffffffffffffffffffffffffffff',5,50,NULL,NULL,NULL,NULL,NULL,NULL,'admin',NULL,NULL,NULL,NULL,'2020-02-10 16:04:59',NULL,NULL,'mhduong','2020-02-10 21:04:59','mhduong'),(968,'2020OTH-049','CNNGAfddddddddddddddđffffffffffffffffffff by ha van phuong test a bc aaa cccc ddd eee',5,50,NULL,NULL,NULL,NULL,NULL,NULL,'admin',NULL,NULL,NULL,NULL,'2020-02-10 16:05:33',NULL,NULL,'mhduong','2020-02-10 21:05:33','mhduong'),(969,'2020VPP-014','TSLK_cha',1,2,13,354,NULL,'','',0,'ntly','2020-02-10 16:09:22',NULL,NULL,NULL,NULL,NULL,NULL,'mhduong','2020-02-10 21:09:22',NULL),(970,'2020-LK-103','TSLK_con',1,1,13,355,NULL,'','',0,'ntly','2020-02-10 16:09:44',NULL,NULL,NULL,NULL,NULL,NULL,'mhduong','2020-02-10 21:09:44',NULL),(971,'2020GUES008','Máy tính',1,44,NULL,356,NULL,'','',7,'ntly',NULL,NULL,NULL,NULL,NULL,NULL,NULL,'mhduong','2020-02-10 22:12:39','mhduong'),(972,'2020-CN-009','Laptop cá nhân',1,45,NULL,357,NULL,'','',7,'ntly',NULL,NULL,NULL,NULL,NULL,NULL,NULL,'mhduong','2020-02-10 22:13:50','mhduong'),(973,'2020-CN-010','TS cá nhân',1,45,NULL,358,NULL,'','',7,'ntly',NULL,NULL,NULL,NULL,NULL,NULL,NULL,'mhduong','2020-02-10 22:15:28','mhduong'),(974,'2020-CN-011','ca nhan ',1,45,NULL,359,NULL,'','',2,NULL,NULL,NULL,NULL,NULL,NULL,NULL,NULL,'mhduong','2020-02-11 14:52:43','mhduong'),(975,'2020OTH-050','NGA dnbfxnfn dfhbdn bfgn dbdn f dbdfbdb dfbdfbdb fndndn b dfbddf dfbdfbdfb dfdfndb dfndtejh edfhetjeth ehetjtj egbejnrtj rhnehered ertjnretjrtnr beherherher ',5,50,NULL,NULL,NULL,NULL,NULL,NULL,'admin',NULL,NULL,NULL,NULL,'2020-02-11 09:29:38',NULL,NULL,'mhduong','2020-02-11 14:29:38','mhduong'),(976,'2020SOFT042','CMC',3,47,NULL,360,'185891a7-80ea-4121-8497-e4d2143b0a2c',NULL,'',9,NULL,NULL,NULL,NULL,NULL,NULL,NULL,NULL,'mhduong','2020-02-11 16:02:17','mhduong'),(977,'2020INFO049','TSTT',2,46,NULL,NULL,'5e6cd736-6d12-45b9-940c-b6dc1edd0612',NULL,'',1,'mhduong',NULL,NULL,'https://pms.cmcglobal.com.vn/issues/?jql=project%20%3D%20GAMS%20AND%20issuetype%20in%20(Task%2C%20Sub-task)%20AND%20status%20%3D%20%22To%20Do%22%20AND%20assignee%20in%20(currentUser())%20ORDER%20BY%20priority%20DESC%2C%20updated%20DESC','',NULL,NULL,NULL,'mhduong','2020-02-11 19:18:59','mhduong'),(978,'2020INFO050','TSTT 1',2,46,NULL,NULL,NULL,NULL,'',8,NULL,NULL,NULL,NULL,NULL,NULL,NULL,NULL,'mhduong','2020-02-11 15:01:52','mhduong'),(979,'2020-CN-012','ca nhan 2',1,45,NULL,361,NULL,'','',2,NULL,NULL,NULL,NULL,NULL,NULL,NULL,NULL,'mhduong','2020-02-11 14:58:08','mhduong'),(980,'2020-LK-105','Site Nhật bản',1,1,NULL,362,NULL,'','',3,NULL,NULL,NULL,NULL,NULL,NULL,NULL,NULL,'mhduong','2020-02-11 20:31:33','mhduong'),(981,'2020-LK-106','Site China',1,1,13,363,NULL,'','',0,'ntly','2020-02-11 10:38:20',NULL,NULL,NULL,NULL,NULL,NULL,'mhduong','2020-02-11 15:38:20','mhduong'),(982,'2020-LK-107','Name',1,1,NULL,364,'9665a431-ff67-48ba-a303-c3c6353760af','','',2,NULL,NULL,NULL,NULL,NULL,NULL,NULL,NULL,'mhduong','2020-02-11 20:28:17','mhduong'),(983,'2020-CN-013','TS cá nhân',1,45,NULL,365,NULL,'','',7,'ntly',NULL,NULL,NULL,NULL,NULL,NULL,NULL,'mhduong','2020-02-11 20:30:10','mhduong'),(984,'2020-CN-014','TS cá nhân 1',1,45,NULL,366,NULL,'','',7,'ntly',NULL,NULL,NULL,NULL,NULL,NULL,NULL,'mhduong','2020-02-11 19:54:19','mhduong'),(985,'2020INFO051','sa',2,46,NULL,NULL,NULL,NULL,'',1,'mhduong',NULL,NULL,'','','2020-02-11 07:56:19',NULL,NULL,'mhduong','2020-02-11 19:58:52',NULL),(990,'2020OTH-051','dâv',5,50,NULL,NULL,NULL,NULL,NULL,NULL,'admin',NULL,NULL,NULL,NULL,'2020-02-11 15:25:04',NULL,NULL,'mhduong','2020-02-11 20:25:04','mhduong'),(991,'2020OTH-052','CNNGA',5,50,NULL,NULL,NULL,NULL,NULL,NULL,'bbtruong',NULL,NULL,NULL,NULL,'2020-02-11 15:28:00',NULL,NULL,'mhduong','2020-02-11 20:28:00','mhduong'),(992,'2020OTH-053','1234',5,50,NULL,NULL,NULL,NULL,NULL,NULL,'admin',NULL,NULL,NULL,NULL,'2020-02-11 15:31:03',NULL,NULL,'mhduong','2020-02-11 20:31:03','mhduong');
/*!40000 ALTER TABLE `Asset` ENABLE KEYS */;
UNLOCK TABLES;

--
-- Table structure for table `Asset_Group`
--

DROP TABLE IF EXISTS `Asset_Group`;
/*!40101 SET @saved_cs_client     = @@character_set_client */;
/*!50503 SET character_set_client = utf8mb4 */;
CREATE TABLE `Asset_Group` (
  `id` int(11) NOT NULL AUTO_INCREMENT,
  `asset_grp_name` varchar(250) NOT NULL,
  `asset_type` smallint(3) NOT NULL,
  `abbreviation` varchar(45) NOT NULL,
  `can_be_associated` tinyint(4) NOT NULL,
  PRIMARY KEY (`id`),
  UNIQUE KEY `abbreviation_UNIQUE` (`abbreviation`)
) ENGINE=InnoDB AUTO_INCREMENT=56 DEFAULT CHARSET=utf8mb4 COLLATE=utf8mb4_0900_ai_ci;
/*!40101 SET character_set_client = @saved_cs_client */;

--
-- Dumping data for table `Asset_Group`
--

LOCK TABLES `Asset_Group` WRITE;
/*!40000 ALTER TABLE `Asset_Group` DISABLE KEYS */;
INSERT INTO `Asset_Group` VALUES (1,'Linh kiện',1,'-LK-',1),(2,'Văn phòng phẩm',1,'VPP-',0),(3,'Cáp chuyển',1,'CAP-',0),(4,'Điện thoại bàn',1,'TELE',0),(5,'Firewall',1,'FIWE',0),(6,'Két sắt',1,'KET-',0),(7,'Laptop',1,'LAP-',1),(9,'Loa',1,'LOA-',0),(10,'Màn chiếu',1,'MACH',0),(11,'Màn hình',1,'MON-',0),(15,'Máy đếm tiền',1,'DEMT',0),(16,'Máy hút bụi',1,'HUT-',0),(17,'Máy hủy tài liệu',1,'MHUY',0),(18,'Máy in',1,'PRIN',0),(19,'Máy scan',1,'SCAN',0),(20,'Thiết bị test',1,'MOBI',0),(21,'Modem',1,'MODE',0),(22,'NAS',1,'NAS-',0),(26,'PC',1,'-PC-',0),(27,'Quạt',1,'QUAT',0),(28,'Đồ bảo vệ văn phòng',1,'DBV-',0),(30,'Switch',1,'SWIT',0),(35,'Tủ mạng',1,'RACK',0),(42,'Cây nước nóng lạnh',1,'CANU',0),(44,'Khách hàng',1,'GUES',0),(45,'Cá nhân',1,'-CN-',0),(46,'Information Asset ',2,'INFO',0),(47,'Software Asset ',3,'SOFT',0),(48,'Service Asset',4,'SVC-',0),(50,'Other',5,'OTH-',0);
/*!40000 ALTER TABLE `Asset_Group` ENABLE KEYS */;
UNLOCK TABLES;

--
-- Table structure for table `Asset_History`
--

DROP TABLE IF EXISTS `Asset_History`;
/*!40101 SET @saved_cs_client     = @@character_set_client */;
/*!50503 SET character_set_client = utf8mb4 */;
CREATE TABLE `Asset_History` (
  `id` int(11) NOT NULL AUTO_INCREMENT,
  `actor` varchar(45) NOT NULL,
  `action` varchar(45) NOT NULL,
  `occour_date` datetime NOT NULL,
  `asset` int(11) NOT NULL,
  `assignee` varchar(45) DEFAULT NULL,
  `status` tinyint(2) DEFAULT NULL,
  `site_id` int(11) DEFAULT NULL,
  PRIMARY KEY (`id`),
  KEY `asset_history_employee_fk_idx` (`actor`),
  KEY `asset_history_asset_fk_idx` (`asset`),
  CONSTRAINT `asset_history_asset_fk` FOREIGN KEY (`asset`) REFERENCES `Asset` (`asset_id`),
  CONSTRAINT `asset_history_employee_fk` FOREIGN KEY (`actor`) REFERENCES `Employee` (`user_name`)
) ENGINE=InnoDB AUTO_INCREMENT=1448 DEFAULT CHARSET=utf8mb4 COLLATE=utf8mb4_0900_ai_ci;
/*!40101 SET character_set_client = @saved_cs_client */;

--
-- Dumping data for table `Asset_History`
--

LOCK TABLES `Asset_History` WRITE;
/*!40000 ALTER TABLE `Asset_History` DISABLE KEYS */;
INSERT INTO `Asset_History` VALUES (3,'ldhai','Assign','2019-12-18 14:19:46',9,NULL,NULL,1),(4,'ldhai','Assign','2019-12-18 14:19:47',10,NULL,NULL,1),(5,'ldhai','Assign','2019-12-18 14:21:42',11,NULL,NULL,1),(6,'ldhai','Assign','2019-12-18 14:21:42',12,NULL,NULL,1),(7,'tqvinh','Assign','2019-12-19 11:07:20',1,NULL,1,1),(8,'ldhai','Assign','2019-12-19 13:03:58',1,NULL,2,1),(9,'tqvinh','Assign','0001-01-01 00:00:00',1,NULL,1,1),(10,'tqvinh','Assign','0001-01-01 00:00:00',2,NULL,2,1),(11,'tqvinh','Assign','0001-01-01 00:00:00',3,NULL,NULL,1),(12,'ldhai','Malfunctioning','0001-01-01 00:00:00',1,NULL,NULL,1),(13,'ldhai','Malfunctioning','0001-01-01 00:00:00',2,NULL,NULL,1),(14,'ldhai','Malfunctioning','0001-01-01 00:00:00',3,NULL,NULL,1),(15,'tqvinh','Malfunctioning','2019-12-19 13:14:32',1,NULL,NULL,1),(16,'tqvinh','Malfunctioning','2019-12-19 13:14:32',2,NULL,NULL,1),(17,'tqvinh','Malfunctioning','2019-12-19 13:17:30',1,NULL,NULL,1),(18,'tqvinh','Malfunctioning','2019-12-19 13:17:30',2,NULL,NULL,1),(19,'tqvinh','Malfunctioning','2019-12-19 13:17:30',3,NULL,NULL,1),(20,'tqvinh','Malfunctioning','2019-12-19 13:19:19',1,NULL,NULL,1),(21,'tqvinh','Malfunctioning','2019-12-19 13:19:19',2,NULL,NULL,1),(23,'tqvinh','Lost Report','2019-12-19 13:48:46',522,NULL,NULL,1),(24,'hvphuong','Malfunctioning Report','2019-12-19 14:08:22',1,NULL,NULL,1),(25,'hvphuong','Malfunctioning Report','2019-12-19 14:24:14',1,NULL,NULL,1),(26,'hvphuong','Malfunctioning Report','2019-12-19 14:24:15',2,NULL,NULL,1),(27,'hvphuong','Malfunctioning Report','2019-12-19 14:24:15',3,NULL,NULL,1),(28,'tqvinh','Lost Report','2019-12-19 14:24:52',521,NULL,NULL,1),(29,'tqvinh','Lost Report','2019-12-19 14:25:37',521,NULL,NULL,1),(30,'tqvinh','Lost Report','2019-12-19 14:27:04',521,NULL,NULL,1),(31,'nthung','Assign','2019-12-19 05:33:35',326,NULL,NULL,NULL),(32,'nthung','Assign','2019-12-19 05:36:49',324,NULL,NULL,NULL),(33,'nthung','Assign','2019-12-19 05:37:19',324,NULL,NULL,NULL),(34,'nthung','Assign','2019-12-19 05:54:47',326,NULL,NULL,NULL),(35,'nthung','Assign','2019-12-19 05:55:33',324,NULL,NULL,NULL),(36,'nthung','Assign','2019-12-19 06:34:44',328,NULL,NULL,NULL),(37,'nthung','Assign','2019-12-20 09:16:42',1,NULL,NULL,NULL),(38,'nthung','Assign','2019-12-19 21:19:13',329,NULL,NULL,NULL),(39,'lthung','Assign','2019-12-19 21:32:21',324,NULL,NULL,NULL),(40,'nthung','Assign','2019-12-19 21:54:19',325,NULL,NULL,NULL),(41,'ldhai','Assign','2019-12-20 10:09:01',1,NULL,NULL,NULL),(42,'nthung','Assign','2019-12-19 22:09:10',324,NULL,NULL,NULL),(43,'ldhai','Assign','2019-12-20 10:43:11',1,NULL,NULL,NULL),(44,'ldhai','Assign','2019-12-20 11:04:35',1,NULL,NULL,NULL),(45,'nthung','Assign','2019-12-19 23:10:13',1,NULL,NULL,NULL),(46,'nthung','Assign','2019-12-19 23:10:14',2,NULL,NULL,NULL),(47,'nthung','Assign','2019-12-19 23:10:14',3,NULL,NULL,NULL),(48,'nthung1','Assign','2019-12-19 23:10:26',1,NULL,NULL,NULL),(49,'nthung1','Assign','2019-12-19 23:10:26',2,NULL,NULL,NULL),(50,'nthung1','Assign','2019-12-19 23:10:26',3,NULL,NULL,NULL),(51,'lthung','Assign','2019-12-19 23:28:31',424,NULL,NULL,NULL),(52,'bmthin','Malfunctioning Report','2019-12-20 02:05:55',324,NULL,5,NULL),(53,'bmthin','Malfunctioning Report','2019-12-20 02:06:12',326,NULL,5,NULL),(54,'bmthin','Malfunctioning Report','2019-12-20 02:06:33',327,NULL,5,NULL),(55,'bmthin','Lost Report','2019-12-20 02:07:08',328,NULL,2,NULL),(56,'dnthien','Assign','2019-12-20 02:18:58',329,NULL,NULL,NULL),(57,'nthung','Assign','2019-12-20 02:19:14',329,NULL,NULL,NULL),(58,'bmthin','Lost Report','2019-12-20 06:10:35',329,NULL,2,NULL),(59,'bmthin','Malfunctioning Report','2019-12-20 06:10:45',332,NULL,5,NULL),(60,'bmthin','Lost Report','2019-12-23 02:16:31',332,NULL,2,NULL),(61,'bmthin','Malfunctioning Report','2019-12-23 22:39:21',337,NULL,5,NULL),(62,'nthung','Assign','2019-12-23 23:01:44',338,NULL,NULL,NULL),(63,'nthung','Assign','2019-12-23 23:02:08',338,NULL,NULL,NULL),(64,'bmthin','Site Transfer','2019-12-24 11:23:52',1,NULL,0,3),(65,'bmthin','Check out','2019-12-24 15:31:51',1,NULL,7,NULL),(66,'bmthin','Check out','2019-12-24 16:06:05',1,NULL,7,NULL),(67,'bmthin','Expire','2019-12-24 16:08:26',1,NULL,2,NULL),(68,'bmthin','Site Transfer','2019-12-24 05:39:25',327,NULL,0,3),(69,'bmthin','Site Transfer','2019-12-24 05:40:12',327,NULL,0,2),(70,'bmthin','Site Transfer','2019-12-25 14:54:44',336,NULL,0,3),(71,'bmthin','Site Transfer','2019-12-25 15:00:11',331,NULL,0,2),(72,'bmthin','Site Transfer','2019-12-25 15:00:22',326,NULL,0,3),(73,'bmthin','Site Transfer','2019-12-25 15:00:56',327,NULL,0,3),(74,'bmthin','Site Transfer','2019-12-25 15:01:05',326,NULL,0,3),(75,'bmthin','Site Transfer','2019-12-25 15:02:38',327,NULL,0,2),(76,'bmthin','Site Transfer','2019-12-25 16:01:21',336,NULL,0,2),(77,'bmthin','Site Transfer','2019-12-25 16:26:03',338,NULL,0,3),(78,'bmthin','Site Transfer','2019-12-25 16:30:55',341,NULL,0,2),(79,'bmthin','Site Transfer','2019-12-25 16:32:20',420,NULL,0,2),(80,'bmthin','Site Transfer','2019-12-25 16:33:21',420,NULL,0,2),(81,'bmthin','Site Transfer','2019-12-25 16:34:06',20,NULL,0,3),(82,'ndvan','Assign','2019-12-25 16:35:04',331,NULL,NULL,NULL),(83,'ldhai','Assign','2019-12-25 18:11:31',1,NULL,NULL,NULL),(84,'ldhai','Assign','2019-12-25 18:12:32',1,NULL,NULL,NULL),(85,'ldhai','Assign','2019-12-25 18:14:20',1,NULL,NULL,NULL),(86,'ldhai','Assign','2019-12-25 18:17:35',1,NULL,NULL,NULL),(87,'tqvinh','Assign','2019-12-25 17:43:45',333,NULL,NULL,NULL),(88,'bhduc','Assign','2019-12-25 17:50:07',425,NULL,NULL,NULL),(89,'ldhai','Assign','2019-12-25 18:36:49',1,NULL,NULL,NULL),(90,'ldhai','Assign','2019-12-25 18:38:36',1,NULL,NULL,NULL),(91,'bmthin','Site Transfer','2019-12-26 08:13:50',326,NULL,0,3),(92,'bmthin','Site Transfer','2019-12-26 08:14:43',326,NULL,0,3),(93,'bmthin','Site Transfer','2019-12-26 08:15:05',326,NULL,0,2),(94,'bmthin','Site Transfer','2019-12-26 08:15:15',327,NULL,0,2),(95,'bmthin','Site Transfer','2019-12-26 08:15:46',326,NULL,0,3),(96,'bmthin','Site Transfer','2019-12-26 08:16:18',326,NULL,0,3),(97,'bmthin','Site Transfer','2019-12-26 08:26:59',327,NULL,0,3),(98,'bmthin','Site Transfer','2019-12-26 08:28:01',327,NULL,0,2),(99,'bmthin','Site Transfer','2019-12-26 08:35:43',326,NULL,0,2),(100,'bmthin','Site Transfer','2019-12-26 08:35:52',327,NULL,0,3),(101,'bmthin','Site Transfer','2019-12-26 08:41:04',326,NULL,0,2),(102,'bmthin','Site Transfer','2019-12-26 08:41:13',326,NULL,0,3),(103,'bmthin','Site Transfer','2019-12-26 08:42:20',326,NULL,0,2),(104,'bmthin','Site Transfer','2019-12-26 08:44:21',327,NULL,0,2),(105,'bmthin','Site Transfer','2019-12-26 08:45:08',327,NULL,0,3),(106,'bmthin','Site Transfer','2019-12-26 08:45:54',327,NULL,0,3),(107,'bmthin','Site Transfer','2019-12-26 08:52:10',326,NULL,0,2),(108,'bmthin','Site Transfer','2019-12-26 08:52:50',326,NULL,0,1),(109,'bmthin','Site Transfer','2019-12-26 08:54:22',326,NULL,0,2),(110,'bmthin','Site Transfer','2019-12-26 08:54:55',327,NULL,0,1),(111,'bmthin','Site Transfer','2019-12-26 08:56:13',326,NULL,0,1),(112,'bmthin','Site Transfer','2019-12-26 08:56:44',326,NULL,0,2),(113,'bmthin','Site Transfer','2019-12-26 08:58:33',326,NULL,0,1),(114,'bmthin','Site Transfer','2019-12-26 09:00:56',326,NULL,0,3),(115,'ldhai','Assign','2019-12-26 11:00:38',1,'ldhai',6,NULL),(116,'bmthin','Site Transfer','2019-12-26 09:03:01',327,NULL,0,1),(117,'ldhai','Assign','2019-12-26 11:02:59',1,'ldhai',6,NULL),(118,'ldhai','Assign','2019-12-26 11:06:12',1,'ldhai',6,NULL),(119,'bmthin','Site Transfer','2019-12-26 09:08:05',326,NULL,0,3),(120,'bmthin','Site Transfer','2019-12-26 09:08:59',326,NULL,0,1),(121,'bmthin','Site Transfer','2019-12-26 09:09:46',326,NULL,0,2),(122,'ldhai','Assign','2019-12-26 11:10:09',1,'ldhai',6,NULL),(123,'bmthin','Site Transfer','2019-12-26 09:10:49',326,NULL,0,2),(124,'bmthin','Site Transfer','2019-12-26 09:11:24',326,NULL,0,1),(125,'bmthin','Site Transfer','2019-12-26 09:15:24',326,NULL,0,2),(126,'bmthin','Site Transfer','2019-12-26 09:16:07',326,NULL,0,1),(127,'bmthin','Site Transfer','2019-12-26 09:17:52',326,NULL,0,1),(128,'bmthin','Site Transfer','2019-12-26 09:19:19',326,NULL,0,1),(129,'ldhai','Assign','2019-12-26 11:24:59',1,'ldhai',6,NULL),(130,'ldhai','Assign','2019-12-26 11:33:22',1,'ldhai',6,NULL),(131,'ldhai','Assign','2019-12-26 11:34:42',1,'ldhai',6,NULL),(132,'bmthin','Expire','2019-12-26 09:33:25',458,NULL,10,NULL),(133,'nthung','Assign','2019-12-26 09:34:15',1,NULL,NULL,NULL),(134,'nthung','Assign','2019-12-26 09:34:15',2,NULL,NULL,NULL),(135,'nthung','Assign','2019-12-26 09:34:15',3,NULL,NULL,NULL),(136,'bmthin','Site Transfer','2019-12-26 09:50:53',326,NULL,0,1),(137,'ldhai','Assign','2019-12-26 12:06:26',1,'ldhai',6,NULL),(138,'bmthin','Expire','2019-12-27 05:17:50',537,NULL,10,NULL),(139,'lthung','Assign','2019-12-27 05:51:53',326,NULL,NULL,NULL),(140,'nthung','Assign','2019-12-27 05:53:34',326,'nthung',6,NULL),(141,'nthung','Assign','2019-12-27 05:54:02',326,'nthung',6,NULL),(142,'nthung','Assign','2019-12-27 05:54:33',327,'nthung',6,NULL),(143,'lthung','Assign','2019-12-27 05:54:41',327,'lthung',6,NULL),(144,'ntphuong5','Assign','2019-12-27 05:55:34',326,'ntphuong5',6,NULL),(145,'nthung','Assign','2019-12-27 05:56:17',327,'nthung',6,NULL),(146,'ntphuong5','Assign','2019-12-27 05:56:45',327,'ntphuong5',6,NULL),(147,'nthung','Assign','2019-12-27 05:57:52',327,'nthung',6,NULL),(148,'nthung','Assign','2019-12-27 05:58:36',327,'nthung',6,NULL),(149,'nthung','Assign','2019-12-27 05:58:48',326,'nthung',6,NULL),(150,'ntphuong3','Assign','2019-12-27 06:02:51',326,'ntphuong3',6,NULL),(151,'bmthin','Return','2019-12-27 06:29:46',342,NULL,0,3),(152,'bmthin','Site Transfer','2019-12-27 06:30:48',342,NULL,0,1),(153,'bmthin','Site Transfer','2019-12-27 06:31:09',326,NULL,0,3),(154,'bmthin','Return','2019-12-27 06:31:19',333,NULL,0,4),(155,'bmthin','Site Transfer','2019-12-27 06:31:29',333,NULL,0,2),(156,'bmthin','Return','2019-12-27 06:32:01',375,NULL,0,2),(157,'bmthin','Site Transfer','2019-12-27 06:32:10',375,NULL,0,3),(160,'bmthin','Site Transfer','2019-12-27 12:24:21',327,NULL,0,2),(161,'bmthin','Site Transfer','2019-12-27 12:24:21',326,NULL,0,2),(162,'bmthin','Site Transfer','2019-12-27 12:25:11',327,NULL,0,1),(163,'bmthin','Site Transfer','2019-12-27 12:25:11',326,NULL,0,1),(165,'nthung1','Assign','2019-12-27 12:34:13',376,'nthung1',6,NULL),(166,'nthung1','Assign','2019-12-27 12:34:13',377,'nthung1',6,NULL),(167,'nthung','Assign','2019-12-27 12:35:47',376,'nthung',6,NULL),(168,'nthung1','Assign','2019-12-27 12:36:24',376,'nthung1',6,NULL),(169,'bmthin','Return','2019-12-27 12:37:18',376,NULL,0,2),(170,'bmthin','Return','2019-12-27 12:37:18',377,NULL,0,2),(171,'ldhai','Assign','2019-12-27 17:45:59',1,'ldhai',6,NULL),(172,'ldhai','Assign','2019-12-27 17:46:45',1,'ldhai',6,NULL),(173,'bmthin','Site Transfer','2019-12-30 03:31:46',375,NULL,0,2),(174,'bmthin','Lost Report','2019-12-30 03:32:22',375,NULL,2,NULL),(176,'bmthin','Malfunctioning Report','2019-12-30 03:44:18',376,NULL,5,NULL),(177,'bmthin','Malfunctioning Report','2019-12-30 03:44:29',377,NULL,5,NULL),(178,'bmthin','Lost Report','2019-12-30 03:46:41',322,NULL,2,NULL),(179,'bmthin','Lost Report','2019-12-30 03:46:50',321,NULL,2,NULL),(180,'bmthin','Return','2019-12-30 05:29:56',374,NULL,0,2),(181,'bmthin','Return','2019-12-30 05:30:09',373,NULL,0,1),(182,'bmthin','Assign','2019-12-30 05:32:05',362,'bmthin',6,NULL),(183,'bxtrung','Assign','2019-12-30 05:32:38',326,'bxtrung',6,NULL),(184,'bmchau','Assign','2019-12-30 05:33:36',326,'bmchau',6,NULL),(185,'bmchau','Assign','2019-12-30 05:33:55',326,'bmchau',6,NULL),(186,'bmthin','Lost Report','2019-12-30 06:04:31',331,NULL,2,NULL),(187,'nttdung1','Assign','2019-12-30 23:37:05',326,'nttdung1',6,NULL),(188,'bmthin','Site Transfer','2019-12-30 23:37:59',326,NULL,0,1),(189,'bmthin','Site Transfer','2019-12-30 23:38:12',327,NULL,0,3),(190,'nttdung1','Assign','2019-12-31 02:02:03',334,'nttdung1',6,NULL),(191,'nttdung1','Assign','2019-12-31 02:02:03',334,'nttdung1',6,NULL),(194,'nttdung1','Assign','2020-01-02 05:16:38',631,'nttdung1',6,NULL),(195,'nttdung1','Assign','2020-01-02 05:16:38',631,'nttdung1',6,NULL),(196,'nthung','Assign','2020-01-02 05:18:38',631,'nthung',6,NULL),(197,'nthung','Assign','2020-01-02 05:18:38',631,'nthung',6,NULL),(198,'bmthin','Site Transfer','2020-01-02 05:18:50',636,NULL,0,2),(199,'bmthin','Site Transfer','2020-01-02 05:19:01',636,NULL,0,3),(200,'bmthin','Malfunctioning Report','2020-01-02 05:19:10',636,NULL,5,NULL),(201,'nthuong4','Assign','2020-01-02 05:19:21',631,'nthuong4',6,NULL),(202,'nthuong4','Assign','2020-01-02 05:19:21',631,'nthuong4',6,NULL),(203,'bmthin','Return','2020-01-02 05:19:42',82,NULL,0,2),(204,'bmthin','Lost Report','2020-01-02 05:21:00',632,NULL,2,NULL),(205,'nthung','Assign','2020-01-02 17:25:21',1,'nthung',6,NULL),(206,'bmthin','Site Transfer','2020-01-02 05:26:08',316,NULL,0,1),(207,'bmthin','Site Transfer','2020-01-02 05:26:36',517,NULL,0,2),(208,'nthung','Assign','2020-01-02 05:27:00',1,'nthung',6,NULL),(209,'bmthin','Site Transfer','2020-01-02 05:28:58',633,NULL,0,2),(210,'nthung','Assign','2020-01-02 17:29:24',1,'nthung',6,NULL),(211,'bmthin','Site Transfer','2020-01-02 05:33:28',587,NULL,0,7),(212,'bmthin','Return','2020-01-02 05:37:28',450,NULL,0,1),(213,'bmthin','Return','2020-01-02 05:38:10',449,NULL,0,3),(237,'bmthin','Malfunctioning Report','2020-01-02 05:47:04',640,NULL,5,NULL),(238,'bmthin','Malfunctioning Report','2020-01-02 05:47:18',628,NULL,5,NULL),(239,'bmthin','Malfunctioning Report','2020-01-02 05:48:00',107,NULL,5,NULL),(240,'bmthin','Lost Report','2020-01-02 05:49:29',107,NULL,2,NULL),(241,'bmthin','Lost Report','2020-01-02 05:53:02',122,NULL,2,NULL),(245,'ldhai','Repair','2020-01-02 18:02:31',1,NULL,4,NULL),(246,'ldhai','Assign','2020-01-02 18:10:09',2,'ldhai',6,NULL),(247,'ldhai','Liquidate','2020-01-02 18:29:54',1,NULL,3,NULL),(248,'ldhai','Liquidate','2020-01-02 18:34:08',2,NULL,3,NULL),(249,'ldhai','Assign','2020-01-02 18:42:26',1,'ldhai',6,NULL),(250,'ldhai','Assign','2020-01-02 18:46:49',1,'ldhai',6,NULL),(257,'bmthin','Lost Report','2020-01-02 20:40:20',637,NULL,2,NULL),(258,'bmthin','Lost Report','2020-01-02 20:40:41',639,NULL,2,NULL),(259,'bmthin','Lost Report','2020-01-02 21:17:18',638,NULL,2,NULL),(266,'ldhai','Assign','2020-01-03 10:28:40',1,'ldhai',6,NULL),(277,'bmthin','Return','2020-01-03 02:19:23',515,NULL,0,2),(278,'bmthin','Lost Report','2020-01-03 02:20:29',515,NULL,2,NULL),(279,'nttdung1','Assign','2020-01-03 02:52:28',666,'nttdung1',6,NULL),(280,'nttdung1','Assign','2020-01-03 02:52:28',666,'nttdung1',6,NULL),(281,'bmthin','Malfunctioning Report','2020-01-03 02:53:32',666,NULL,5,NULL),(284,'bmthin','Check Out','2020-01-03 02:53:44',666,NULL,7,NULL),(285,'nttdung1','Assign','2020-01-03 02:57:38',667,'nttdung1',6,NULL),(286,'nttdung1','Assign','2020-01-03 02:57:38',667,'nttdung1',6,NULL),(287,'bmthin','Malfunctioning Report','2020-01-03 02:57:52',667,NULL,5,NULL),(294,'bmthin','Return','2020-01-03 03:31:32',522,NULL,0,1),(295,'bmthin','Check Out','2020-01-03 03:31:50',666,NULL,7,NULL),(298,'bmthin','Return','2020-01-03 03:34:25',446,NULL,0,1),(311,'bmthin','Lost Report','2020-01-03 03:59:37',668,NULL,2,NULL),(312,'bmthin','Lost Report','2020-01-03 03:59:50',130,NULL,2,NULL),(313,'bmthin','Lost Report','2020-01-03 04:00:06',111,NULL,2,NULL),(317,'bmthin','Check Out','2020-01-03 04:04:08',670,NULL,7,NULL),(318,'bmthin','Check Out','2020-01-03 04:05:36',670,NULL,7,NULL),(319,'bmthin','Expire','2020-01-03 04:12:23',663,NULL,9,NULL),(320,'bmthin','Return','2020-01-03 05:17:26',521,NULL,0,3),(321,'bmthin','Return','2020-01-03 05:17:26',520,NULL,0,3),(322,'bmthin','Return','2020-01-03 05:17:42',519,NULL,0,3),(323,'bmthin','Return','2020-01-03 05:17:42',518,NULL,0,3),(324,'bmthin','Return','2020-01-03 05:18:18',514,NULL,0,7),(325,'bmthin','Return','2020-01-03 05:18:18',513,NULL,0,7),(326,'bmthin','Return','2020-01-03 05:20:22',512,NULL,0,2),(327,'bmthin','Return','2020-01-03 05:20:22',511,NULL,0,2),(328,'bmthin','Return','2020-01-03 05:23:59',510,NULL,0,2),(329,'bmthin','Return','2020-01-03 05:23:59',509,NULL,0,2),(330,'bmthin','Malfunctioning Report','2020-01-03 05:24:58',665,NULL,5,NULL),(331,'bmthin','Malfunctioning Report','2020-01-03 05:24:58',587,NULL,5,NULL),(332,'bmthin','Return','2020-01-03 05:25:11',508,NULL,0,3),(333,'bmthin','Return','2020-01-03 05:25:11',507,NULL,0,3),(334,'bmthin','Malfunctioning Report','2020-01-03 05:26:57',664,NULL,5,NULL),(335,'bmthin','Malfunctioning Report','2020-01-03 05:26:57',587,NULL,5,NULL),(336,'bmthin','Check Out','2020-01-03 05:59:04',671,NULL,7,NULL),(337,'bmthin','Malfunctioning Report','2020-01-05 21:16:06',683,NULL,5,NULL),(338,'bmthin','Malfunctioning Report','2020-01-05 21:16:21',681,NULL,5,NULL),(339,'bmthin','Malfunctioning Report','2020-01-05 21:16:53',679,NULL,5,NULL),(340,'ldhai','Repair','2020-01-05 21:18:12',679,NULL,4,NULL),(341,'ldhai','Repair','2020-01-05 21:18:44',667,NULL,4,NULL),(342,'ldhai','Assign','2020-01-05 21:58:38',1,'ldhai',6,NULL),(343,'ldhai','Assign','2020-01-05 21:59:55',7,'ldhai',6,NULL),(344,'ldhai','Assign','2020-01-05 21:59:56',7,'ldhai',6,NULL),(345,'ldhai','Assign','2020-01-05 22:11:30',8,'ldhai',6,NULL),(346,'ldhai','Assign','2020-01-05 22:12:02',8,'ldhai',6,NULL),(347,'ldhai','Assign','2020-01-05 22:22:23',8,'ldhai',6,NULL),(348,'ldhai','Repair','2020-01-05 22:49:52',636,NULL,4,NULL),(349,'bmthin','Return','2020-01-05 23:05:43',301,NULL,0,1),(350,'bmthin','Return','2020-01-05 23:05:43',271,NULL,0,1),(351,'bmthin','Return','2020-01-05 23:06:40',102,NULL,0,3),(352,'bmthin','Return','2020-01-05 23:06:40',56,NULL,0,3),(353,'bmthin','Return','2020-01-05 23:07:41',391,NULL,0,1),(354,'bmthin','Return','2020-01-05 23:07:41',247,NULL,0,1),(355,'bmthin','Return','2020-01-05 23:10:48',78,NULL,0,6),(356,'bmthin','Return','2020-01-05 23:10:48',129,NULL,0,6),(357,'bmthin','Return','2020-01-05 23:10:48',128,NULL,0,6),(358,'ldhai','Liquidate','2020-01-05 23:53:28',674,NULL,3,NULL),(359,'nttdung1','Assign','2020-01-06 01:17:36',697,'nttdung1',6,NULL),(360,'bmthin','Return','2020-01-06 01:17:52',697,NULL,0,2),(361,'bmthin','Malfunctioning Report','2020-01-06 01:17:58',697,NULL,5,NULL),(362,'ldhai','Repair','2020-01-06 01:19:24',697,NULL,4,NULL),(363,'ldhai','Repair','2020-01-06 01:19:29',697,NULL,4,NULL),(364,'bmthin','Return','2020-01-06 01:19:42',697,NULL,0,1),(365,'nttdung1','Assign','2020-01-06 01:19:59',697,'nttdung1',6,NULL),(366,'bmthin','Expire','2020-01-06 04:25:53',537,NULL,9,NULL),(367,'bmthin','Add','2020-01-06 18:23:35',698,NULL,6,1),(368,'bmthin','Add','2020-01-06 18:25:03',699,NULL,0,1),(369,'mhduong','Add','2020-01-06 06:53:34',700,'nthung',0,1),(371,'mhduong','Add','2020-01-06 06:55:12',702,'mhduong',1,NULL),(372,'aaronwilliams','Assign','2020-01-06 21:09:06',702,'aaronwilliams',6,NULL),(373,'ldhai','Liquidate','2020-01-07 09:33:05',1,NULL,3,NULL),(374,'ldhai','Liquidate','2020-01-07 09:33:23',1,NULL,3,NULL),(375,'ldhai','Liquidate','2020-01-07 09:33:26',1,NULL,3,NULL),(376,'ldhai','Assign','2020-01-07 10:01:52',20,'ldhai',6,NULL),(377,'ldhai','Assign','2020-01-07 10:05:09',20,'ldhai',6,NULL),(378,'ldhai','Assign','2020-01-07 10:10:46',20,'ldhai',6,NULL),(380,'ldhai','Assign','2020-01-07 11:02:28',20,'ldhai',6,NULL),(381,'ldhai','Assign','2020-01-07 11:03:54',20,'ldhai',6,NULL),(382,'bmthin','Site Transfer','2020-01-06 23:15:24',700,NULL,0,6),(383,'bmthin','Site Transfer','2020-01-06 23:15:24',3,NULL,0,6),(384,'ldhai','Assign','2020-01-07 11:34:13',20,'ldhai',6,NULL),(386,'mhduong','Add','2020-01-07 01:32:33',704,'mhduong',1,NULL),(387,'bmthin','Malfunctioning Report','2020-01-07 01:38:37',700,NULL,5,NULL),(388,'bmthin','Malfunctioning Report','2020-01-07 01:38:37',3,NULL,5,NULL),(389,'mhduong','Add','2020-01-07 01:41:19',705,'mhduong',1,NULL),(390,'mhduong','Add','2020-01-07 01:42:41',706,'mhduong',1,NULL),(392,'nttdung1','Assign','2020-01-07 02:11:18',706,'nttdung1',6,NULL),(393,'ldhai','Assign','2020-01-07 14:20:28',20,'ldhai',6,NULL),(394,'ldhai','Assign','2020-01-07 14:21:39',20,'ldhai',6,NULL),(395,'ldhai','Assign','2020-01-07 14:21:39',21,'ldhai',6,NULL),(396,'ldhai','Assign','2020-01-07 14:28:00',20,'ldhai',6,NULL),(397,'ldhai','Assign','2020-01-07 14:28:00',21,'ldhai',6,NULL),(398,'ldhai','Assign','2020-01-07 14:30:01',20,'ldhai',6,NULL),(399,'ldhai','Assign','2020-01-07 14:30:01',21,'ldhai',6,NULL),(400,'ldhai','Assign','2020-01-07 14:31:39',20,'ldhai',6,NULL),(401,'ldhai','Assign','2020-01-07 14:31:39',21,'ldhai',6,NULL),(402,'ldhai','Assign','2020-01-07 14:34:03',20,'ldhai',6,NULL),(403,'ldhai','Assign','2020-01-07 14:34:03',21,'ldhai',6,NULL),(404,'ldhai','Assign','2020-01-07 14:35:50',20,'ldhai',6,NULL),(405,'ldhai','Assign','2020-01-07 14:35:51',21,'ldhai',6,NULL),(406,'ldhai','Assign','2020-01-07 14:37:28',20,'ldhai',6,NULL),(407,'ldhai','Assign','2020-01-07 14:37:28',21,'ldhai',6,NULL),(408,'ldhai','Assign','2020-01-07 14:38:18',20,'ldhai',6,NULL),(409,'ldhai','Assign','2020-01-07 14:38:18',21,'ldhai',6,NULL),(410,'ldhai','Assign','2020-01-07 14:39:48',20,'ldhai',6,NULL),(411,'ldhai','Assign','2020-01-07 14:39:48',21,'ldhai',6,NULL),(412,'ldhai','Assign','2020-01-07 14:41:12',20,'ldhai',6,NULL),(413,'ldhai','Assign','2020-01-07 14:41:12',21,'ldhai',6,NULL),(414,'ldhai','Assign','2020-01-07 14:43:34',20,'ldhai',6,NULL),(415,'ldhai','Assign','2020-01-07 14:43:34',21,'ldhai',6,NULL),(416,'ldhai','Assign','2020-01-07 14:47:39',20,'ldhai',6,NULL),(417,'ldhai','Assign','2020-01-07 14:47:39',21,'ldhai',6,NULL),(418,'ldhai','Assign','2020-01-07 14:50:01',20,'ldhai',6,NULL),(419,'ldhai','Assign','2020-01-07 14:50:01',21,'ldhai',6,NULL),(420,'mhduong','Add','2020-01-07 02:50:02',707,'hvphuong',0,2),(421,'mhduong','Add','2020-01-07 02:51:42',708,'mhduong',1,NULL),(422,'ldhai','Assign','2020-01-07 15:12:13',20,'ldhai',6,NULL),(423,'ldhai','Assign','2020-01-07 15:12:13',21,'ldhai',6,NULL),(424,'mhduong','Add','2020-01-07 15:12:30',710,'mhduong',6,1),(425,'mhduong','Add','2020-01-07 15:12:54',711,'nthung',0,1),(426,'ldhai','Assign','2020-01-07 15:14:26',20,'ldhai',6,NULL),(427,'ldhai','Assign','2020-01-07 15:14:26',21,'ldhai',6,NULL),(428,'mhduong','Add','2020-01-07 03:16:22',712,'nthung',0,1),(429,'ldhai','Assign','2020-01-07 15:16:30',20,'ldhai',6,NULL),(430,'ldhai','Assign','2020-01-07 15:16:30',21,'ldhai',6,NULL),(431,'ldhai','Assign','2020-01-07 15:19:19',20,'ldhai',1,NULL),(432,'ldhai','Assign','2020-01-07 15:19:19',21,'ldhai',1,NULL),(433,'mhduong','Add','2020-01-07 15:19:54',713,'nthung',0,1),(434,'mhduong','Add','2020-01-07 15:22:29',714,'mhduong',6,1),(435,'mhduong','Add','2020-01-07 15:23:12',715,'nthung',0,1),(436,'mhduong','Add','2020-01-07 03:26:30',716,'mhduong',1,NULL),(437,'mhduong','Assign','2020-01-07 16:45:18',7,'mhduong',6,NULL),(438,'mhduong','Assign','2020-01-07 16:46:12',7,'mhduong',6,NULL),(439,'mhduong','Assign','2020-01-07 16:46:12',8,'mhduong',6,NULL),(440,'mhduong','Assign','2020-01-07 16:46:12',9,'mhduong',6,NULL),(441,'mhduong','Assign','2020-01-07 16:46:43',7,'mhduong',1,NULL),(442,'mhduong','Assign','2020-01-07 16:46:43',8,'mhduong',1,NULL),(443,'mhduong','Assign','2020-01-07 16:46:43',9,'mhduong',1,NULL),(445,'mhduong','Add','2020-01-07 20:26:36',718,'nthung',0,1),(446,'ldhai','Assign','2020-01-07 20:27:09',707,'ldhai',6,NULL),(447,'ldhai','Assign','2020-01-07 20:27:09',718,'ldhai',6,NULL),(449,'mhduong','Add','2020-01-07 20:45:21',719,'hvphuong',0,2),(450,'mhduong','Add','2020-01-07 20:47:24',720,'nthung',0,1),(451,'mhduong','Check Out','2020-01-07 20:47:42',720,NULL,7,NULL),(452,'nttdung1','Assign','2020-01-07 22:18:30',361,'nttdung1',6,NULL),(453,'ndvan','Assign','2020-01-07 22:25:18',715,'ndvan',6,NULL),(454,'ndvan','Assign','2020-01-07 22:26:44',719,'ndvan',6,NULL),(455,'ndvan','Assign','2020-01-07 22:29:16',713,'ndvan',6,NULL),(456,'ndvan','Assign','2020-01-07 22:29:16',712,'ndvan',6,NULL),(457,'mhduong','Add','2020-01-08 02:05:27',721,'nthung',0,1),(458,'aaronwilliams','Assign','2020-01-08 02:34:34',721,'aaronwilliams',6,NULL),(459,'nttdung1','Assign','2020-01-08 02:38:58',129,'nttdung1',6,NULL),(460,'nttdung1','Assign','2020-01-08 02:38:58',711,'nttdung1',6,NULL),(461,'mhduong','Return','2020-01-08 02:39:50',667,NULL,0,1),(462,'mhduong','Return','2020-01-08 02:39:50',79,NULL,0,1),(463,'mhduong','Add','2020-01-08 04:59:31',722,'nthung',0,1),(464,'nttdung1','Assign','2020-01-08 05:01:26',722,'nttdung1',6,NULL),(465,'mhduong','Return','2020-01-08 06:14:55',722,NULL,0,1),(466,'mhduong','Assign','2020-01-08 18:38:24',20,'ldhai',6,NULL),(467,'mhduong','Assign','2020-01-08 18:38:24',21,'ldhai',6,NULL),(468,'mhduong','Malfunctioning Report','2020-01-08 06:52:05',722,NULL,5,NULL),(469,'mhduong','Repair','2020-01-08 06:52:21',722,NULL,4,NULL),(470,'mhduong','Assign','2020-01-09 10:12:24',20,'ldhai',6,NULL),(471,'mhduong','Assign','2020-01-09 10:12:24',21,'ldhai',6,NULL),(472,'mhduong','Assign','2020-01-09 10:15:17',20,'ldhai',6,NULL),(473,'mhduong','Assign','2020-01-09 10:15:17',21,'ldhai',6,NULL),(474,'mhduong','Assign','2020-01-08 23:22:14',699,'ndvan',6,NULL),(475,'mhduong','Assign','2020-01-08 23:22:14',627,'ndvan',6,NULL),(476,'mhduong','Assign','2020-01-09 11:33:09',699,'ldhai',6,NULL),(477,'mhduong','Assign','2020-01-09 11:33:09',627,'ldhai',6,NULL),(478,'mhduong','Assign','2020-01-09 11:34:36',699,'ldhai',1,NULL),(479,'mhduong','Assign','2020-01-09 11:34:36',627,'ldhai',1,NULL),(480,'mhduong','Assign','2020-01-08 23:42:07',667,'ndvan',6,NULL),(481,'mhduong','Assign','2020-01-08 23:43:56',667,'ndvan',1,NULL),(482,'mhduong','Assign','2020-01-09 02:25:40',715,'nthung',6,NULL),(484,'mhduong','Add','2020-01-09 06:35:13',730,'nthung',0,1),(485,'mhduong','Malfunctioning Report','2020-01-09 06:36:44',730,NULL,5,NULL),(486,'mhduong','Repair','2020-01-09 06:36:47',730,NULL,4,NULL),(487,'mhduong','Lost Report','2020-01-09 06:36:57',730,NULL,2,NULL),(488,'mhduong','Liquidate','2020-01-09 06:37:01',730,NULL,3,NULL),(490,'mhduong','Liquidate','2020-01-09 06:46:28',633,NULL,3,NULL),(493,'mhduong','Assign','2020-01-09 06:52:46',522,'nttdung1',6,NULL),(494,'mhduong','Assign','2020-01-09 06:52:46',521,'nttdung1',6,NULL),(495,'mhduong','Return','2020-01-09 07:04:54',667,NULL,0,1),(496,'mhduong','Return','2020-01-09 07:04:54',506,NULL,0,1),(497,'mhduong','Return','2020-01-09 07:04:54',505,NULL,0,1),(498,'mhduong','Malfunctioning Report','2020-01-09 07:10:50',505,NULL,5,NULL),(499,'mhduong','Malfunctioning Report','2020-01-09 07:18:48',667,NULL,5,NULL),(500,'mhduong','Repair','2020-01-09 07:19:10',667,NULL,4,NULL),(501,'mhduong','Liquidate','2020-01-09 07:21:12',517,NULL,3,NULL),(502,'mhduong','Add','2020-01-09 07:21:55',731,'nthung',0,1),(503,'mhduong','Assign','2020-01-09 07:22:19',731,'nttdung1',6,NULL),(504,'mhduong','Check Out','2020-01-09 07:22:46',731,NULL,7,NULL),(507,'mhduong','Lost Report','2020-01-09 07:24:01',520,NULL,2,NULL),(508,'mhduong','Expire','2020-01-09 07:25:57',716,NULL,9,NULL),(509,'mhduong','Assign','2020-01-09 19:41:15',519,'ndvan',6,NULL),(510,'mhduong','Assign','2020-01-09 19:42:27',519,'ndvan',1,NULL),(516,'mhduong','Lost Report','2020-01-09 20:15:48',518,NULL,2,NULL),(517,'mhduong','Lost Report','2020-01-09 20:17:34',514,NULL,2,NULL),(518,'mhduong','Lost Report','2020-01-09 20:17:56',474,NULL,2,NULL),(519,'mhduong','Lost Report','2020-01-09 20:18:22',513,NULL,2,NULL),(520,'mhduong','Lost Report','2020-01-09 20:23:01',506,NULL,2,NULL),(521,'mhduong','Liquidate','2020-01-09 20:26:15',510,NULL,3,NULL),(522,'mhduong','Expire','2020-01-09 20:29:22',704,NULL,9,NULL),(523,'mhduong','Repair','2020-01-09 21:34:40',535,NULL,4,NULL),(524,'mhduong','Assign','2020-01-09 21:37:09',534,'nthung',6,NULL),(525,'mhduong','Assign','2020-01-09 21:41:07',534,'nthung',6,NULL),(526,'mhduong','Assign','2020-01-09 21:43:42',534,'nthung',6,NULL),(527,'mhduong','Assign','2020-01-09 21:44:18',534,'nthung',6,NULL),(528,'mhduong','Assign','2020-01-09 21:44:39',534,'nthung',6,NULL),(529,'mhduong','Repair','2020-01-09 21:47:00',508,NULL,4,NULL),(530,'mhduong','Return','2020-01-09 21:52:53',508,NULL,0,2),(531,'mhduong','Site Transfer','2020-01-09 21:53:03',508,NULL,0,6),(532,'mhduong','Site Transfer','2020-01-09 21:54:22',508,NULL,0,1),(533,'mhduong','Assign','2020-01-09 21:54:37',508,'nthung',6,NULL),(534,'mhduong','Return','2020-01-09 21:59:20',722,NULL,0,2),(535,'mhduong','Site Transfer','2020-01-09 21:59:29',722,NULL,0,1),(536,'mhduong','Assign','2020-01-09 21:59:44',722,'ldhai',6,NULL),(537,'mhduong','Malfunctioning Report','2020-01-09 22:00:09',237,NULL,5,NULL),(538,'mhduong','Repair','2020-01-09 22:00:13',237,NULL,4,NULL),(539,'mhduong','Return','2020-01-09 22:00:19',237,NULL,0,2),(540,'mhduong','Lost Report','2020-01-09 22:00:34',237,NULL,2,NULL),(541,'mhduong','Repair','2020-01-09 22:01:15',511,NULL,4,NULL),(542,'mhduong','Repair','2020-01-09 22:01:41',528,NULL,4,NULL),(544,'mhduong','Expire','2020-01-09 22:03:16',705,NULL,9,NULL),(545,'mhduong','Return','2020-01-09 22:06:36',722,NULL,0,6),(546,'mhduong','Malfunctioning Report','2020-01-09 22:06:51',722,NULL,5,NULL),(547,'mhduong','Repair','2020-01-09 22:06:56',722,NULL,4,NULL),(552,'mhduong','Liquidate','2020-01-09 22:18:20',3,NULL,3,NULL),(553,'mhduong','Liquidate','2020-01-09 22:18:20',1,NULL,3,NULL),(554,'mhduong','Liquidate','2020-01-09 22:18:20',327,NULL,3,NULL),(555,'mhduong','Liquidate','2020-01-09 22:18:20',661,NULL,3,NULL),(556,'mhduong','Liquidate','2020-01-09 22:18:20',700,NULL,3,NULL),(557,'mhduong','Return','2020-01-09 22:18:57',718,NULL,0,2),(558,'mhduong','Return','2020-01-09 22:18:57',707,NULL,0,2),(559,'mhduong','Add','2020-01-09 22:25:06',733,'nthung',0,1),(560,'mhduong','Check Out','2020-01-09 22:36:49',733,NULL,7,NULL),(561,'mhduong','Assign','2020-01-09 23:42:29',718,'nttdung1',6,NULL),(562,'mhduong','Assign','2020-01-09 23:42:29',707,'nttdung1',6,NULL),(563,'mhduong','Assign','2020-01-09 23:42:46',718,'nttdung1',1,NULL),(564,'mhduong','Assign','2020-01-09 23:42:46',707,'nttdung1',1,NULL),(565,'mhduong','Return','2020-01-10 01:09:37',718,NULL,0,1),(566,'mhduong','Return','2020-01-10 01:09:38',707,NULL,0,1),(567,'mhduong','Site Transfer','2020-01-10 01:11:55',718,NULL,0,2),(568,'mhduong','Site Transfer','2020-01-10 01:11:55',707,NULL,0,2),(569,'mhduong','Malfunctioning Report','2020-01-10 01:12:33',718,NULL,5,NULL),(570,'mhduong','Malfunctioning Report','2020-01-10 01:12:33',707,NULL,5,NULL),(571,'mhduong','Repair','2020-01-10 01:12:47',718,NULL,4,NULL),(572,'mhduong','Repair','2020-01-10 01:12:47',707,NULL,4,NULL),(573,'mhduong','Return','2020-01-10 01:12:58',718,NULL,0,1),(574,'mhduong','Return','2020-01-10 01:12:58',707,NULL,0,1),(575,'mhduong','Site Transfer','2020-01-10 01:13:46',718,NULL,0,3),(576,'mhduong','Site Transfer','2020-01-10 01:13:46',707,NULL,0,3),(581,'mhduong','Add','2020-01-10 01:16:22',734,'nthung',0,1),(582,'mhduong','Add','2020-01-10 01:18:57',735,'nthung',0,1),(583,'mhduong','Assign','2020-01-10 01:19:27',735,'nttdung1',6,NULL),(584,'mhduong','Assign','2020-01-10 01:19:41',735,'nttdung1',1,NULL),(585,'mhduong','Liquidate','2020-01-10 01:23:23',675,NULL,3,NULL),(586,'mhduong','Expire','2020-01-10 01:23:48',708,NULL,9,NULL),(587,'mhduong','Return','2020-01-10 01:29:59',519,NULL,0,1),(588,'mhduong','Return','2020-01-10 01:29:59',504,NULL,0,1),(589,'mhduong','Assign','2020-01-10 02:07:04',719,'nttdung1',6,NULL),(590,'mhduong','Assign','2020-01-10 02:07:45',719,'nttdung1',1,NULL),(591,'mhduong','Assign','2020-01-10 02:09:39',301,'nttdung1',6,NULL),(592,'mhduong','Assign','2020-01-10 02:10:01',301,'nttdung1',1,NULL),(593,'mhduong','Assign','2020-01-10 02:11:23',718,'nttdung1',6,NULL),(594,'mhduong','Assign','2020-01-10 02:11:23',707,'nttdung1',6,NULL),(595,'mhduong','Assign','2020-01-10 02:11:23',734,'nttdung1',6,NULL),(596,'mhduong','Assign','2020-01-10 02:12:00',718,'nttdung1',1,NULL),(597,'mhduong','Assign','2020-01-10 02:12:00',707,'nttdung1',1,NULL),(598,'mhduong','Assign','2020-01-10 02:12:00',734,'nttdung1',1,NULL),(599,'mhduong','Add','2020-01-10 02:15:00',736,'nthung',0,1),(600,'mhduong','Return','2020-01-10 02:23:27',735,NULL,0,1),(601,'mhduong','Return','2020-01-10 02:23:27',734,NULL,0,1),(602,'mhduong','Return','2020-01-10 02:23:27',718,NULL,0,1),(603,'mhduong','Return','2020-01-10 02:23:27',719,NULL,0,1),(604,'mhduong','Return','2020-01-10 02:23:27',707,NULL,0,1),(605,'mhduong','Return','2020-01-10 02:23:27',711,NULL,0,1),(606,'mhduong','Return','2020-01-10 02:23:27',697,NULL,0,1),(607,'mhduong','Return','2020-01-10 02:23:27',522,NULL,0,1),(608,'mhduong','Return','2020-01-10 02:23:27',521,NULL,0,1),(609,'mhduong','Return','2020-01-10 02:23:27',361,NULL,0,1),(610,'mhduong','Return','2020-01-10 02:23:27',301,NULL,0,1),(611,'mhduong','Return','2020-01-10 02:23:27',129,NULL,0,1),(612,'mhduong','Return','2020-01-10 02:23:27',30,NULL,0,1),(615,'mhduong','Add','2020-01-10 02:34:22',737,'ldhai',0,6),(616,'mhduong','Add','2020-01-10 02:37:04',738,'nthung',0,1),(617,'mhduong','Check Out','2020-01-10 02:37:13',738,NULL,7,NULL),(620,'mhduong','Add','2020-01-10 03:05:21',740,'nthung',0,1),(621,'mhduong','Assign','2020-01-10 03:05:42',740,'ndvan',6,NULL),(622,'mhduong','Assign','2020-01-10 03:06:39',740,'nthung',6,NULL),(623,'mhduong','Assign','2020-01-10 03:07:14',740,'nthung',6,NULL),(624,'mhduong','Add','2020-01-10 03:22:27',741,'nthung',0,1),(625,'mhduong','Add','2020-01-10 03:22:59',742,'hvphuong',0,2),(627,'mhduong','Add','2020-01-10 04:10:22',743,'nthung',0,1),(628,'mhduong','Add','2020-01-10 04:14:39',744,'nthung',0,1),(629,'mhduong','Add','2020-01-10 04:17:08',745,'mhduong',1,NULL),(630,'mhduong','Assign','2020-01-10 04:17:38',744,'ndvan',6,NULL),(631,'mhduong','Assign','2020-01-10 04:17:38',743,'ndvan',6,NULL),(632,'mhduong','Assign','2020-01-10 04:17:38',741,'ndvan',6,NULL),(633,'mhduong','Assign','2020-01-10 04:17:38',742,'ndvan',6,NULL),(634,'mhduong','Assign','2020-01-10 04:17:38',737,'ndvan',6,NULL),(635,'mhduong','Assign','2020-01-10 04:17:38',734,'ndvan',6,NULL),(636,'mhduong','Assign','2020-01-10 04:17:38',718,'ndvan',6,NULL),(637,'mhduong','Return','2020-01-10 04:18:37',380,NULL,0,1),(638,'mhduong','Site Transfer','2020-01-10 04:19:09',380,NULL,0,3),(639,'mhduong','Malfunctioning Report','2020-01-10 04:19:20',380,NULL,5,NULL),(640,'mhduong','Repair','2020-01-10 04:19:24',380,NULL,4,NULL),(641,'mhduong','Return','2020-01-10 04:19:32',380,NULL,0,1),(642,'mhduong','Liquidate','2020-01-10 04:20:14',380,NULL,3,NULL),(643,'mhduong','Lost Report','2020-01-10 04:20:27',419,NULL,2,NULL),(644,'mhduong','Return','2020-01-10 04:20:45',744,NULL,0,2),(645,'mhduong','Return','2020-01-10 04:20:45',742,NULL,0,2),(646,'mhduong','Return','2020-01-10 04:20:45',741,NULL,0,2),(647,'mhduong','Return','2020-01-10 04:20:45',743,NULL,0,2),(648,'mhduong','Return','2020-01-10 04:21:31',718,NULL,0,3),(649,'mhduong','Return','2020-01-10 04:21:31',734,NULL,0,3),(650,'mhduong','Return','2020-01-10 04:21:31',420,NULL,0,3),(651,'mhduong','Add','2020-01-10 04:22:55',746,'nthung',0,1),(652,'mhduong','Assign','2020-01-10 04:23:30',746,'nttdung1',6,NULL),(653,'mhduong','Assign','2020-01-10 04:23:51',746,'nttdung1',1,NULL),(654,'mhduong','Check Out','2020-01-10 04:24:10',746,NULL,7,NULL),(655,'mhduong','Assign','2020-01-10 04:24:58',627,'nthung',6,NULL),(656,'mhduong','Assign','2020-01-10 04:24:58',699,'nthung',6,NULL),(658,'mhduong','Repair','2020-01-10 04:38:18',736,NULL,4,NULL),(659,'mhduong','Repair','2020-01-10 04:38:18',545,NULL,4,NULL),(660,'mhduong','Add','2020-01-10 04:38:22',747,'nthung',0,1),(661,'mhduong','Add','2020-01-10 04:39:06',748,'mhduong',1,NULL),(662,'mhduong','Add','2020-01-10 04:39:43',749,'mhduong',1,NULL),(663,'mhduong','Assign','2020-01-10 05:12:56',747,'ndvan',6,NULL),(664,'mhduong','Assign','2020-01-10 05:13:28',747,'ndvan',1,NULL),(665,'mhduong','Assign','2020-01-10 05:54:46',747,'nttdung1',6,NULL),(666,'mhduong','Assign','2020-01-10 05:55:27',747,'nttdung1',1,NULL),(667,'mhduong','Return','2020-01-10 05:56:25',747,NULL,0,1),(668,'mhduong','Malfunctioning Report','2020-01-10 06:02:35',718,NULL,5,NULL),(669,'mhduong','Malfunctioning Report','2020-01-10 06:02:35',734,NULL,5,NULL),(670,'mhduong','Malfunctioning Report','2020-01-10 06:02:35',420,NULL,5,NULL),(671,'mhduong','Repair','2020-01-10 06:02:39',718,NULL,4,NULL),(672,'mhduong','Repair','2020-01-10 06:02:39',734,NULL,4,NULL),(673,'mhduong','Repair','2020-01-10 06:02:39',420,NULL,4,NULL),(674,'mhduong','Return','2020-01-10 06:02:53',718,NULL,0,1),(675,'mhduong','Return','2020-01-10 06:02:53',734,NULL,0,1),(676,'mhduong','Return','2020-01-10 06:02:53',420,NULL,0,1),(677,'mhduong','Assign','2020-01-10 06:45:23',425,'nttdung1',6,NULL),(678,'mhduong','Assign','2020-01-10 06:45:59',425,'nttdung1',1,NULL),(679,'mhduong','Assign','2020-01-10 06:48:45',749,'ndvan',6,NULL),(680,'mhduong','Assign','2020-01-10 06:49:48',749,'ndvan',1,NULL),(681,'mhduong','Assign','2020-01-10 06:55:43',747,'ndvan',6,NULL),(682,'mhduong','Assign','2020-01-10 06:56:37',747,'ndvan',1,NULL),(683,'mhduong','Return','2020-01-10 19:04:23',1,NULL,0,1),(684,'mhduong','Return','2020-01-10 19:04:23',2,NULL,0,1),(685,'mhduong','Return','2020-01-10 19:04:23',3,NULL,0,1),(686,'mhduong','Return','2020-01-10 19:04:42',8,NULL,0,1),(687,'mhduong','Return','2020-01-10 08:03:22',9,NULL,0,1),(688,'mhduong','Return','2020-01-10 08:03:22',677,NULL,0,1),(689,'mhduong','Add','2020-01-10 08:20:29',750,'nthung',0,1),(690,'mhduong','Site Transfer','2020-01-12 20:59:48',718,NULL,0,3),(691,'mhduong','Site Transfer','2020-01-12 20:59:48',734,NULL,0,3),(692,'mhduong','Site Transfer','2020-01-12 20:59:48',420,NULL,0,3),(693,'mhduong','Add','2020-01-13 09:25:23',751,'nthung',0,1),(694,'mhduong','Assign','2020-01-13 09:42:50',751,'nttdung1',6,NULL),(695,'mhduong','Assign','2020-01-12 21:45:28',751,'nttdung1',1,NULL),(696,'mhduong','Assign','2020-01-13 09:50:24',751,'mhduong',6,NULL),(697,'mhduong','Return','2020-01-13 09:51:45',751,NULL,0,1),(698,'mhduong','Malfunctioning Report','2020-01-13 09:52:28',751,NULL,5,NULL),(699,'mhduong','Repair','2020-01-13 09:56:11',751,NULL,4,NULL),(700,'mhduong','Return','2020-01-13 09:56:30',751,NULL,0,1),(701,'mhduong','Site Transfer','2020-01-13 10:01:33',751,NULL,0,3),(702,'mhduong','Check Out','2020-01-13 10:07:48',751,NULL,7,NULL),(703,'mhduong','Assign','2020-01-13 10:17:12',696,'nttdung1',6,NULL),(704,'mhduong','Expire','2020-01-13 10:21:16',749,NULL,9,NULL),(705,'mhduong','Assign','2020-01-13 10:25:43',68,'nttdung1',6,NULL),(706,'mhduong','Assign','2020-01-13 10:25:43',319,'nttdung1',6,NULL),(707,'mhduong','Assign','2020-01-13 10:26:53',68,'nttdung1',1,NULL),(708,'mhduong','Assign','2020-01-13 10:26:53',319,'nttdung1',1,NULL),(709,'mhduong','Return','2020-01-13 10:28:42',425,NULL,0,1),(710,'mhduong','Return','2020-01-13 10:28:42',319,NULL,0,1),(711,'mhduong','Return','2020-01-13 10:33:30',197,NULL,0,1),(712,'mhduong','Return','2020-01-13 10:33:30',174,NULL,0,1),(713,'mhduong','Site Transfer','2020-01-13 10:41:54',102,NULL,0,6),(714,'mhduong','Site Transfer','2020-01-13 10:41:54',56,NULL,0,6),(715,'mhduong','Site Transfer','2020-01-13 10:41:54',292,NULL,0,6),(716,'mhduong','Assign','2020-01-13 11:27:29',707,'nttdung1',6,NULL),(717,'mhduong','Return','2020-01-13 11:27:49',707,NULL,0,1),(718,'mhduong','Add','2020-01-13 11:53:00',752,'nthung',0,1),(719,'mhduong','Assign','2020-01-13 01:10:46',544,'nthung',6,NULL),(720,'mhduong','Site Transfer','2020-01-13 13:15:26',734,NULL,0,2),(721,'mhduong','Site Transfer','2020-01-13 13:20:22',752,NULL,0,2),(722,'mhduong','Return','2020-01-13 01:47:07',711,NULL,0,3),(723,'mhduong','Site Transfer','2020-01-13 01:48:39',711,NULL,0,2),(724,'mhduong','Assign','2020-01-13 01:53:40',711,'nthung',6,NULL),(725,'mhduong','Site Transfer','2020-01-13 13:59:48',1,NULL,0,6),(726,'mhduong','Site Transfer','2020-01-13 13:59:48',2,NULL,0,6),(727,'mhduong','Site Transfer','2020-01-13 13:59:48',3,NULL,0,6),(728,'mhduong','Site Transfer','2020-01-13 02:24:54',2,NULL,0,11),(729,'mhduong','Site Transfer','2020-01-13 02:24:54',1,NULL,0,11),(730,'mhduong','Site Transfer','2020-01-13 02:24:54',3,NULL,0,11),(731,'mhduong','Add','2020-01-13 02:27:01',753,'mhduong',1,NULL),(732,'mhduong','Assign','2020-01-13 14:30:03',20,'ldhai',6,NULL),(733,'mhduong','Assign','2020-01-13 14:30:03',21,'ldhai',6,NULL),(734,'mhduong','Assign','2020-01-13 14:30:03',547,'ldhai',6,NULL),(735,'mhduong','Add','2020-01-13 02:31:11',754,'mhduong',1,NULL),(736,'mhduong','Assign','2020-01-13 14:34:23',20,'ldhai',6,NULL),(737,'mhduong','Assign','2020-01-13 14:34:23',21,'ldhai',6,NULL),(738,'mhduong','Assign','2020-01-13 14:34:23',547,'ldhai',6,NULL),(739,'mhduong','Assign','2020-01-13 14:43:33',20,'ldhai',6,NULL),(740,'mhduong','Assign','2020-01-13 14:43:33',21,'ldhai',6,NULL),(741,'mhduong','Assign','2020-01-13 14:43:33',547,'ldhai',6,NULL),(742,'mhduong','Assign','2020-01-13 02:44:15',20,'ldhai',1,NULL),(743,'mhduong','Assign','2020-01-13 02:44:15',21,'ldhai',1,NULL),(744,'mhduong','Assign','2020-01-13 15:35:42',20,'ldhai',6,NULL),(745,'mhduong','Assign','2020-01-13 15:35:42',21,'ldhai',6,NULL),(746,'mhduong','Assign','2020-01-13 15:35:42',547,'ldhai',6,NULL),(747,'mhduong','Assign','2020-01-13 03:36:39',20,'ldhai',1,NULL),(748,'mhduong','Assign','2020-01-13 03:36:39',21,'ldhai',1,NULL),(749,'mhduong','Assign','2020-01-13 15:38:54',20,'ldhai',6,NULL),(750,'mhduong','Assign','2020-01-13 15:38:54',21,'ldhai',6,NULL),(751,'mhduong','Assign','2020-01-13 15:38:54',547,'ldhai',6,NULL),(752,'mhduong','Assign','2020-01-13 15:40:12',20,'ldhai',6,NULL),(753,'mhduong','Assign','2020-01-13 15:40:12',21,'ldhai',6,NULL),(754,'mhduong','Assign','2020-01-13 15:40:12',547,'ldhai',6,NULL),(755,'mhduong','Add','2020-01-14 09:44:46',755,'mhduong',6,6),(756,'mhduong','Add','2020-01-14 09:46:14',756,'mhduong',6,6),(757,'mhduong','Add','2020-01-14 09:47:34',757,'mhduong',6,6),(758,'mhduong','Add','2020-01-14 10:02:12',758,'mhduong',6,6),(759,'mhduong','Add','2020-01-14 10:02:23',759,'mhduong',6,6),(760,'mhduong','Assign','2020-01-13 22:02:57',759,'mhduong',1,NULL),(761,'mhduong','Add','2020-01-14 10:08:07',760,'mhduong',6,6),(762,'mhduong','Assign','2020-01-13 22:44:17',167,'nttdung1',6,NULL),(763,'mhduong','Assign','2020-01-13 22:45:10',167,'nttdung1',1,NULL),(764,'mhduong','Add','2020-01-13 22:50:12',761,'hvphuong',0,2),(765,'mhduong','Assign','2020-01-13 22:51:07',759,'ndvan',6,NULL),(766,'mhduong','Assign','2020-01-13 22:51:07',757,'ndvan',6,NULL),(767,'mhduong','Assign','2020-01-13 22:51:07',13,'ndvan',6,NULL),(768,'mhduong','Assign','2020-01-13 22:51:07',40,'ndvan',6,NULL),(769,'mhduong','Assign','2020-01-13 22:51:07',549,'ndvan',6,NULL),(770,'mhduong','Assign','2020-01-13 22:51:07',550,'ndvan',6,NULL),(771,'mhduong','Assign','2020-01-13 22:51:07',551,'ndvan',6,NULL),(772,'mhduong','Assign','2020-01-13 22:51:07',552,'ndvan',6,NULL),(773,'mhduong','Assign','2020-01-13 22:51:07',553,'ndvan',6,NULL),(774,'mhduong','Assign','2020-01-13 22:51:07',672,'ndvan',6,NULL),(775,'mhduong','Assign','2020-01-13 22:51:07',684,'ndvan',6,NULL),(776,'mhduong','Assign','2020-01-13 22:51:07',685,'ndvan',6,NULL),(777,'mhduong','Assign','2020-01-13 22:51:07',686,'ndvan',6,NULL),(778,'mhduong','Assign','2020-01-13 22:51:07',687,'ndvan',6,NULL),(779,'mhduong','Assign','2020-01-13 22:51:07',688,'ndvan',6,NULL),(780,'mhduong','Assign','2020-01-13 22:51:07',689,'ndvan',6,NULL),(781,'mhduong','Assign','2020-01-13 22:51:07',690,'ndvan',6,NULL),(782,'mhduong','Assign','2020-01-13 22:51:07',691,'ndvan',6,NULL),(783,'mhduong','Assign','2020-01-13 22:51:07',692,'ndvan',6,NULL),(784,'mhduong','Assign','2020-01-13 22:51:07',693,'ndvan',6,NULL),(785,'mhduong','Assign','2020-01-13 22:51:07',698,'ndvan',6,NULL),(786,'mhduong','Assign','2020-01-13 22:51:07',710,'ndvan',6,NULL),(787,'mhduong','Assign','2020-01-13 22:51:07',714,'ndvan',6,NULL),(788,'mhduong','Assign','2020-01-13 22:51:07',755,'ndvan',6,NULL),(789,'mhduong','Assign','2020-01-13 22:51:07',756,'ndvan',6,NULL),(790,'mhduong','Assign','2020-01-13 22:51:07',758,'ndvan',6,NULL),(791,'mhduong','Assign','2020-01-13 22:51:07',760,'ndvan',6,NULL),(792,'mhduong','Assign','2020-01-13 22:52:08',167,'mhduong',6,NULL),(793,'mhduong','Assign','2020-01-13 22:52:49',760,'ndvan',1,NULL),(794,'mhduong','Assign','2020-01-13 22:52:49',13,'ndvan',1,NULL),(795,'mhduong','Add','2020-01-13 22:55:14',762,'ldhai',0,6),(796,'mhduong','Assign','2020-01-13 22:55:43',734,'nttdung1',6,NULL),(797,'mhduong','Assign','2020-01-13 22:56:00',762,'ndvan',6,NULL),(798,'mhduong','Assign','2020-01-13 22:56:28',762,'ndvan',1,NULL),(799,'mhduong','Assign','2020-01-13 22:56:40',734,'mhduong',6,NULL),(800,'mhduong','Add','2020-01-14 11:26:57',763,'ldhai',0,6),(802,'mhduong','Assign','2020-01-13 23:28:57',51,'nttdung1',6,NULL),(803,'mhduong','Assign','2020-01-13 23:28:57',373,'nttdung1',6,NULL),(804,'mhduong','Assign','2020-01-13 23:30:00',51,'nttdung1',1,NULL),(805,'mhduong','Assign','2020-01-13 23:30:00',373,'nttdung1',1,NULL),(806,'mhduong','Assign','2020-01-13 23:52:04',752,'nttdung1',6,NULL),(807,'mhduong','Expire','2020-01-14 12:04:22',754,NULL,9,NULL),(808,'mhduong','Site Transfer','2020-01-14 12:08:49',763,NULL,0,1),(809,'mhduong','Malfunctioning Report','2020-01-14 12:10:28',761,NULL,5,NULL),(810,'mhduong','Repair','2020-01-14 12:10:39',761,NULL,4,NULL),(811,'mhduong','Liquidate','2020-01-14 12:11:46',735,NULL,3,NULL),(812,'mhduong','Lost Report','2020-01-14 12:12:12',763,NULL,2,NULL),(813,'mhduong','Lost Report','2020-01-14 12:13:29',2,NULL,2,NULL),(814,'mhduong','Liquidate','2020-01-14 12:14:20',3,NULL,3,NULL),(815,'mhduong','Liquidate','2020-01-14 12:14:20',1,NULL,3,NULL),(816,'mhduong','Add','2020-01-14 12:45:24',765,'nthung',0,1),(817,'mhduong','Add','2020-01-14 12:45:48',766,'ldhai',0,6),(819,'mhduong','Add','2020-01-14 12:46:22',768,'mhduong',1,NULL),(820,'mhduong','Site Transfer','2020-01-14 13:11:29',766,NULL,0,1),(821,'mhduong','Site Transfer','2020-01-14 13:15:44',766,NULL,0,1),(822,'mhduong','Site Transfer','2020-01-14 13:16:25',766,NULL,0,6),(823,'mhduong','Site Transfer','2020-01-14 13:18:48',766,NULL,0,1),(824,'mhduong','Site Transfer','2020-01-14 13:24:36',766,NULL,0,1),(825,'mhduong','Site Transfer','2020-01-14 13:24:42',766,NULL,0,2),(826,'mhduong','Return','2020-01-14 13:25:46',761,NULL,0,1),(827,'mhduong','Return','2020-01-14 13:25:56',167,NULL,0,11),(828,'mhduong','Malfunctioning Report','2020-01-14 13:26:04',167,NULL,5,NULL),(829,'mhduong','Return','2020-01-14 13:26:33',750,NULL,0,2),(830,'mhduong','Add','2020-01-14 14:00:46',769,'mhduong',1,NULL),(831,'mhduong','Add','2020-01-14 14:01:17',770,'mhduong',1,NULL),(832,'mhduong','Add','2020-01-14 14:02:27',771,'mhduong',1,NULL),(833,'mhduong','Add','2020-01-14 14:04:17',772,'mhduong',1,NULL),(834,'mhduong','Add','2020-01-14 14:05:21',773,'mhduong',1,NULL),(835,'mhduong','Add','2020-01-14 14:06:47',774,'mhduong',1,NULL),(836,'mhduong','Add','2020-01-14 14:08:17',775,'mhduong',1,NULL),(837,'mhduong','Add','2020-01-14 14:14:19',776,'nthung',0,1),(838,'mhduong','Assign','2020-01-14 14:14:48',776,'nttdung1',6,NULL),(839,'mhduong','Assign','2020-01-14 14:15:07',776,'nttdung1',1,NULL),(840,'mhduong','Assign','2020-01-14 14:16:10',29,'nttdung1',6,NULL),(841,'mhduong','Assign','2020-01-14 14:16:27',29,'nttdung1',1,NULL),(842,'mhduong','Add','2020-01-14 14:16:54',777,'mhduong',1,NULL),(843,'mhduong','Add','2020-01-14 14:18:17',778,'mhduong',1,NULL),(844,'mhduong','Add','2020-01-14 14:17:32',779,'mhduong',1,NULL),(845,'mhduong','Return','2020-01-14 14:18:03',762,NULL,0,2),(846,'mhduong','Add','2020-01-14 14:26:19',780,'nthung',0,1),(847,'mhduong','Add','2020-01-14 14:28:09',781,'mhduong',1,NULL),(848,'mhduong','Add','2020-01-14 14:31:12',782,'mhduong',1,NULL),(849,'mhduong','Add','2020-01-14 14:43:49',783,'mhduong',1,NULL),(850,'mhduong','Add','2020-01-14 14:44:07',784,'mhduong',1,NULL),(851,'mhduong','Return','2020-01-14 14:50:03',776,NULL,0,1),(852,'mhduong','Add','2020-01-14 15:16:16',785,'ndvan',6,1),(853,'mhduong','Add','2020-01-14 17:21:51',786,'nthung',0,1),(854,'mhduong','Add','2020-01-14 17:25:14',787,'mhduong',1,NULL),(855,'mhduong','Site Transfer','2020-01-14 18:00:32',762,NULL,0,1),(856,'mhduong','Site Transfer','2020-01-14 18:00:32',766,NULL,0,1),(857,'mhduong','Assign','2020-01-15 08:48:08',530,'tqvinh',6,NULL),(858,'mhduong','Assign','2020-01-15 08:48:33',530,'tqvinh',1,NULL),(859,'mhduong','Assign','2020-01-15 08:51:43',534,'tqvinh',6,NULL),(860,'mhduong','Assign','2020-01-15 08:51:50',534,'tqvinh',1,NULL),(861,'mhduong','Return','2020-01-15 09:33:06',534,NULL,0,1),(862,'mhduong','Site Transfer','2020-01-15 09:33:14',534,NULL,0,1),(863,'mhduong','Assign','2020-01-15 13:44:02',534,'tqvinh',6,NULL),(864,'mhduong','Return','2020-01-15 13:44:54',534,NULL,0,1),(865,'mhduong','Assign','2020-01-15 14:34:53',787,'nthung',6,NULL),(866,'mhduong','Assign','2020-01-15 14:34:53',771,'nthung',6,NULL),(867,'mhduong','Assign','2020-01-15 14:34:53',15,'nthung',6,NULL),(868,'mhduong','Assign','2020-01-15 14:34:53',16,'nthung',6,NULL),(869,'mhduong','Assign','2020-01-15 14:35:39',787,'nthung',1,NULL),(870,'mhduong','Assign','2020-01-15 14:35:39',771,'nthung',1,NULL),(871,'mhduong','Assign','2020-01-15 14:35:39',15,'nthung',1,NULL),(872,'mhduong','Assign','2020-01-15 14:35:39',16,'nthung',1,NULL),(873,'mhduong','Assign','2020-01-15 15:59:57',750,'tnduc',6,NULL),(874,'mhduong','Assign','2020-01-15 15:59:57',15,'tnduc',6,NULL),(875,'mhduong','Assign','2020-01-15 16:01:52',750,'tnduc',1,NULL),(876,'mhduong','Assign','2020-01-15 16:01:52',15,'tnduc',1,NULL),(877,'mhduong','Assign','2020-01-16 09:51:06',16,'ttqminh',6,NULL),(878,'mhduong','Assign','2020-01-16 09:51:52',698,'ttqminh',6,NULL),(879,'mhduong','Assign','2020-01-16 11:03:33',534,'lthung',6,NULL),(880,'mhduong','Assign','2020-01-16 11:03:46',630,'lthung',6,NULL),(881,'mhduong','Assign','2020-01-16 11:03:46',786,'lthung',6,NULL),(882,'mhduong','Add','2020-01-16 14:34:00',789,'ldhai',6,3),(883,'mhduong','Add','2020-01-16 14:44:16',790,'ndvan',0,3),(884,'mhduong','Return','2020-01-20 17:29:58',13,NULL,0,3),(885,'mhduong','Return','2020-01-20 17:29:58',785,NULL,0,3),(886,'mhduong','Return','2020-01-20 17:30:58',29,NULL,0,2),(887,'mhduong','Return','2020-01-21 10:19:36',750,NULL,0,2),(888,'mhduong','Return','2020-01-21 10:19:36',15,NULL,0,2),(889,'mhduong','Site Transfer','2020-01-21 10:32:37',13,NULL,0,1),(890,'mhduong','Site Transfer','2020-01-21 10:32:37',785,NULL,0,1),(891,'mhduong','Assign','2020-01-21 10:47:43',29,'nthung',6,NULL),(892,'mhduong','Return','2020-01-21 10:49:26',29,NULL,0,2),(893,'mhduong','Site Transfer','2020-01-21 10:49:45',29,NULL,0,1),(894,'mhduong','Site Transfer','2020-01-21 10:51:51',29,NULL,0,6),(895,'mhduong','Assign','2020-01-21 10:52:08',29,'nthung',6,NULL),(896,'mhduong','Return','2020-01-21 10:53:03',29,NULL,0,6),(897,'mhduong','Site Transfer','2020-01-21 10:53:22',29,NULL,0,3),(898,'mhduong','Assign','2020-01-21 10:55:55',29,'nthung',6,NULL),(899,'mhduong','Repair','2020-01-21 10:56:57',128,NULL,4,NULL),(900,'mhduong','Lost Report','2020-01-21 10:57:18',129,NULL,2,NULL),(901,'mhduong','Return','2020-01-21 10:59:21',29,NULL,0,6),(902,'mhduong','Malfunctioning Report','2020-01-21 10:59:39',29,NULL,5,NULL),(903,'mhduong','Repair','2020-01-21 11:00:10',29,NULL,4,NULL),(904,'mhduong','Return','2020-01-21 11:00:22',29,NULL,0,6),(905,'mhduong','Site Transfer','2020-01-21 11:04:41',15,NULL,0,6),(906,'mhduong','Site Transfer','2020-01-21 11:04:41',750,NULL,0,6),(907,'mhduong','Assign','2020-01-21 11:05:00',15,'nthung',6,NULL),(908,'mhduong','Assign','2020-01-21 11:05:00',750,'nthung',6,NULL),(909,'mhduong','Assign','2020-01-21 11:05:32',15,'nthung',1,NULL),(910,'mhduong','Assign','2020-01-21 11:05:32',750,'nthung',1,NULL),(911,'mhduong','Assign','2020-01-21 11:40:54',771,'ndvan',6,NULL),(912,'mhduong','Assign','2020-01-21 11:41:07',771,'ndvan',1,NULL),(913,'mhduong','Add','2020-01-21 14:07:34',795,'nthung',6,1),(914,'mhduong','Assign','2020-01-21 15:12:40',780,'dnthien',6,NULL),(915,'mhduong','Assign','2020-01-21 15:14:27',780,'nthung',6,NULL),(916,'mhduong','Assign','2020-01-21 17:46:04',780,'nthung',6,NULL),(917,'mhduong','Assign','2020-01-21 17:50:50',780,'admin',6,NULL),(918,'mhduong','Assign','2020-01-30 15:16:32',20,'ldhai',6,NULL),(919,'mhduong','Assign','2020-01-30 15:16:32',21,'ldhai',6,NULL),(920,'mhduong','Add','2020-01-31 14:40:53',799,'nthung',0,1),(921,'mhduong','Site Transfer','2020-01-31 15:31:43',11,NULL,0,2),(922,'mhduong','Site Transfer','2020-01-31 15:46:44',752,NULL,0,2),(923,'mhduong','Site Transfer','2020-01-31 15:46:44',5,NULL,0,2),(924,'mhduong','Site Transfer','2020-01-31 15:49:42',752,NULL,0,2),(925,'mhduong','Site Transfer','2020-01-31 15:49:42',5,NULL,0,2),(926,'mhduong','Site Transfer','2020-01-31 16:04:22',4,NULL,0,2),(927,'mhduong','Site Transfer','2020-01-31 16:04:22',51,NULL,0,2),(928,'mhduong','Site Transfer','2020-01-31 16:31:49',373,NULL,0,2),(929,'mhduong','Site Transfer','2020-01-31 16:31:49',530,NULL,0,2),(930,'mhduong','Assign','2020-02-03 08:27:15',780,'nthung',6,NULL),(931,'mhduong','Assign','2020-02-03 08:28:05',780,'nthung',6,NULL),(932,'mhduong','Assign','2020-02-03 08:47:00',780,'nthung',6,NULL),(933,'mhduong','Assign','2020-02-03 08:50:32',780,'nthung',6,NULL),(934,'mhduong','Assign','2020-02-03 08:51:39',780,'nthung',6,NULL),(935,'mhduong','Assign','2020-02-03 09:05:15',373,'nthung',6,NULL),(936,'mhduong','Assign','2020-02-03 09:05:30',373,'nthung',1,NULL),(937,'mhduong','Assign','2020-02-03 09:20:37',780,'nthung',6,NULL),(938,'mhduong','Assign','2020-02-03 10:26:13',373,'nthung',6,NULL),(939,'mhduong','Assign','2020-02-03 10:26:48',373,'nthung',6,NULL),(940,'mhduong','Assign','2020-02-03 10:28:13',373,'nthung',6,NULL),(941,'mhduong','Assign','2020-02-03 10:28:26',373,'nthung',6,NULL),(942,'mhduong','Assign','2020-02-03 10:28:42',373,'nthung',6,NULL),(943,'mhduong','Site Transfer','2020-02-03 10:54:07',5,NULL,0,1),(944,'mhduong','Site Transfer','2020-02-03 11:24:15',799,NULL,0,2),(945,'mhduong','Site Transfer','2020-02-03 11:26:01',799,NULL,0,1),(946,'mhduong','Site Transfer','2020-02-03 11:27:30',799,NULL,0,2),(947,'mhduong','Add','2020-02-03 11:28:17',800,'ntly',0,13),(948,'mhduong','Site Transfer','2020-02-03 11:28:40',799,NULL,0,1),(949,'mhduong','Site Transfer','2020-02-03 11:28:56',799,NULL,0,2),(950,'mhduong','Site Transfer','2020-02-03 11:35:18',799,NULL,0,1),(951,'mhduong','Site Transfer','2020-02-03 11:36:27',799,NULL,0,6),(952,'mhduong','Site Transfer','2020-02-03 11:37:05',799,NULL,0,1),(953,'mhduong','Site Transfer','2020-02-03 11:38:18',799,NULL,0,2),(954,'mhduong','Site Transfer','2020-02-03 11:38:43',799,NULL,0,1),(955,'mhduong','Site Transfer','2020-02-03 11:40:17',29,NULL,0,1),(956,'mhduong','Site Transfer','2020-02-03 11:42:36',29,NULL,0,2),(957,'mhduong','Site Transfer','2020-02-03 11:43:06',29,NULL,0,1),(958,'mhduong','Site Transfer','2020-02-03 11:48:50',29,NULL,0,2),(959,'mhduong','Site Transfer','2020-02-03 11:56:20',29,NULL,0,1),(960,'mhduong','Site Transfer','2020-02-03 11:57:22',29,NULL,0,2),(961,'mhduong','Site Transfer','2020-02-03 12:00:13',29,NULL,0,1),(962,'mhduong','Site Transfer','2020-02-03 12:01:12',29,NULL,0,2),(963,'mhduong','Site Transfer','2020-02-03 13:20:53',29,NULL,0,1),(964,'mhduong','Site Transfer','2020-02-03 13:21:39',29,NULL,0,2),(965,'mhduong','Site Transfer','2020-02-03 13:22:15',29,NULL,0,1),(966,'mhduong','Site Transfer','2020-02-03 13:24:43',29,NULL,0,2),(967,'mhduong','Site Transfer','2020-02-03 13:24:55',29,NULL,0,1),(968,'mhduong','Site Transfer','2020-02-03 13:53:48',29,NULL,0,2),(969,'mhduong','Site Transfer','2020-02-03 13:54:00',29,NULL,0,1),(970,'mhduong','Site Transfer','2020-02-03 13:54:21',29,NULL,0,2),(971,'mhduong','Site Transfer','2020-02-03 13:56:06',800,NULL,0,1),(972,'mhduong','Site Transfer','2020-02-03 13:56:06',82,NULL,0,1),(973,'mhduong','Assign','2020-02-03 13:58:29',20,'ldhai',6,NULL),(974,'mhduong','Assign','2020-02-03 13:58:29',21,'ldhai',6,NULL),(975,'mhduong','Add','2020-02-03 14:12:33',801,'tqvinh',0,1),(976,'mhduong','Add','2020-02-03 14:37:04',802,'ntly',0,13),(977,'mhduong','Add','2020-02-03 14:37:37',803,'ntly',0,13),(978,'mhduong','Add','2020-02-03 14:40:09',804,'ntly',0,13),(979,'mhduong','Add','2020-02-03 14:45:50',805,'ldhai',6,13),(980,'mhduong','Add','2020-02-03 14:49:33',806,'ntly',0,13),(981,'mhduong','Add','2020-02-03 14:51:26',807,'ntly',0,13),(982,'mhduong','Add','2020-02-03 14:58:32',808,'ntly',0,13),(983,'mhduong','Add','2020-02-03 15:08:55',809,'ntly',0,13),(984,'mhduong','Assign','2020-02-03 15:09:49',808,'ntly',6,NULL),(985,'mhduong','Assign','2020-02-03 15:10:12',808,'ntly',1,NULL),(986,'mhduong','Add','2020-02-03 15:12:14',810,'ntly',6,13),(987,'mhduong','Add','2020-02-03 15:22:33',811,'ntly',6,1),(988,'mhduong','Add','2020-02-03 15:25:24',812,'ntly',0,13),(989,'mhduong','Add','2020-02-03 15:26:51',813,'ntly',0,13),(990,'mhduong','Add','2020-02-03 15:27:24',814,'ntly',0,13),(991,'mhduong','Add','2020-02-03 15:31:28',815,'ntly',0,13),(992,'mhduong','Add','2020-02-03 15:32:26',816,'tqvinh',0,1),(993,'mhduong','Add','2020-02-03 15:33:12',817,'tqvinh',0,1),(994,'mhduong','Add','2020-02-03 15:35:14',818,'ntly',0,13),(995,'mhduong','Add','2020-02-03 15:36:11',819,'ntly',0,13),(996,'mhduong','Add','2020-02-03 15:36:41',820,'tqvinh',0,1),(997,'mhduong','Add','2020-02-03 15:37:11',821,'ntly',0,13),(998,'mhduong','Add','2020-02-03 15:38:09',822,'ntly',0,13),(999,'mhduong','Add','2020-02-03 15:39:05',823,'ntly',0,13),(1000,'mhduong','Add','2020-02-03 15:39:56',824,'tqvinh',0,1),(1001,'mhduong','Add','2020-02-03 15:40:43',825,'ldhai',0,2),(1002,'mhduong','Add','2020-02-03 15:42:04',826,'tqvinh',0,1),(1003,'mhduong','Add','2020-02-03 15:42:56',827,'ntly',0,13),(1004,'mhduong','Add','2020-02-03 15:43:54',828,'ntly',0,13),(1005,'mhduong','Add','2020-02-03 15:45:25',829,'ntly',0,13),(1006,'mhduong','Add','2020-02-03 15:46:43',830,'ntly',0,13),(1007,'mhduong','Add','2020-02-03 15:49:01',831,'ldhai',0,2),(1008,'mhduong','Add','2020-02-03 15:49:44',832,'tqvinh',0,1),(1009,'mhduong','Add','2020-02-03 15:50:44',833,'tqvinh',0,1),(1010,'mhduong','Add','2020-02-03 15:53:43',834,'ldhai',0,3),(1011,'mhduong','Add','2020-02-03 16:41:41',835,'mhduong',1,NULL),(1012,'mhduong','Add','2020-02-03 16:43:38',836,'mhduong',1,NULL),(1013,'mhduong','Add','2020-02-03 16:46:13',837,'mhduong',1,NULL),(1014,'mhduong','Add','2020-02-03 16:50:16',838,'mhduong',1,NULL),(1015,'mhduong','Add','2020-02-03 16:50:53',839,'mhduong',1,NULL),(1016,'mhduong','Add','2020-02-03 17:22:15',840,'mhduong',1,NULL),(1017,'mhduong','Add','2020-02-03 17:28:43',841,'mhduong',1,NULL),(1018,'mhduong','Add','2020-02-03 17:31:41',842,'mhduong',1,NULL),(1019,'mhduong','Add','2020-02-03 17:36:03',843,'mhduong',1,NULL),(1020,'mhduong','Add','2020-02-04 08:59:54',844,'mhduong',1,NULL),(1021,'mhduong','Add','2020-02-04 10:17:44',845,'tqvinh',0,1),(1022,'mhduong','Add','2020-02-04 10:43:40',846,'mhduong',1,NULL),(1023,'mhduong','Add','2020-02-04 11:16:00',847,'mhduong',1,NULL),(1024,'mhduong','Add','2020-02-04 12:47:50',848,'mhduong',1,NULL),(1025,'mhduong','Add','2020-02-04 12:49:07',849,'mhduong',1,NULL),(1026,'mhduong','Add','2020-02-04 12:52:17',850,'tqvinh',0,1),(1027,'mhduong','Add','2020-02-04 12:58:43',851,'mhduong',0,11),(1028,'mhduong','Add','2020-02-04 12:58:58',852,'ldhai',0,3),(1029,'mhduong','Add','2020-02-04 13:02:02',853,'tqvinh',0,1),(1030,'mhduong','Add','2020-02-04 13:03:19',854,'tqvinh',0,1),(1031,'mhduong','Add','2020-02-04 13:27:39',855,'mhduong',1,NULL),(1032,'mhduong','Add','2020-02-04 14:19:03',856,'mhduong',1,NULL),(1033,'mhduong','Add','2020-02-04 14:39:59',857,'ntly',0,13),(1034,'mhduong','Add','2020-02-04 15:55:59',858,'tqvinh',0,1),(1035,'mhduong','Add','2020-02-04 17:24:23',859,'mhduong',1,NULL),(1036,'mhduong','Add','2020-02-05 09:31:55',860,'ntly',0,13),(1037,'mhduong','Add','2020-02-05 09:35:32',861,'ntly',0,13),(1038,'mhduong','Add','2020-02-05 11:19:56',862,'ntly',0,13),(1039,'mhduong','Assign','2020-02-05 11:38:22',857,'ntly',6,NULL),(1040,'mhduong','Assign','2020-02-05 11:38:50',857,'ntly',1,NULL),(1041,'mhduong','Assign','2020-02-05 11:43:18',862,'ntly',1,NULL),(1042,'mhduong','Add','2020-02-05 13:36:47',863,'ntly',0,13),(1043,'mhduong','Add','2020-02-05 13:59:36',864,'mhduong',1,NULL),(1044,'mhduong','Add','2020-02-05 14:12:38',865,'mhduong',1,NULL),(1045,'mhduong','Add','2020-02-05 14:16:30',866,'mhduong',1,NULL),(1046,'mhduong','Add','2020-02-05 14:39:54',867,'mhduong',1,NULL),(1047,'mhduong','Add','2020-02-05 14:42:39',868,'mhduong',1,NULL),(1048,'mhduong','Add','2020-02-05 14:43:45',869,'mhduong',1,NULL),(1049,'mhduong','Add','2020-02-05 14:46:38',870,'mhduong',1,NULL),(1050,'mhduong','Add','2020-02-05 14:47:00',871,'mhduong',1,NULL),(1051,'mhduong','Add','2020-02-05 14:50:28',872,'mhduong',1,NULL),(1052,'mhduong','Add','2020-02-05 17:33:07',881,'mhduong',1,NULL),(1053,'mhduong','Add','2020-02-06 09:20:14',897,'mhduong',0,11),(1054,'mhduong','Add','2020-02-06 09:24:11',898,'tqvinh',0,1),(1055,'mhduong','Add','2020-02-06 09:24:20',899,'mhduong',1,NULL),(1056,'mhduong','Add','2020-02-06 09:24:31',900,'mhduong',1,NULL),(1057,'mhduong','Add','2020-02-06 09:28:39',901,'ntly',0,13),(1058,'mhduong','Add','2020-02-06 09:29:59',902,'tqvinh',0,1),(1059,'mhduong','Assign','2020-02-06 10:41:40',901,'ntly',6,NULL),(1060,'mhduong','Assign','2020-02-06 10:41:40',902,'ntly',6,NULL),(1061,'mhduong','Return','2020-02-06 10:47:38',901,NULL,0,13),(1062,'mhduong','Return','2020-02-06 10:47:38',902,NULL,0,13),(1063,'mhduong','Assign','2020-02-06 10:48:19',901,'ntly',6,NULL),(1064,'mhduong','Assign','2020-02-06 10:48:19',902,'ntly',6,NULL),(1065,'mhduong','Return','2020-02-06 10:49:39',901,NULL,0,13),(1066,'mhduong','Return','2020-02-06 10:49:39',902,NULL,0,13),(1067,'mhduong','Assign','2020-02-06 11:01:53',901,'ntly',6,NULL),(1068,'mhduong','Assign','2020-02-06 11:01:53',902,'ntly',6,NULL),(1069,'mhduong','Assign','2020-02-06 11:05:45',901,'ntly',1,NULL),(1070,'mhduong','Assign','2020-02-06 11:05:45',902,'ntly',1,NULL),(1071,'mhduong','Return','2020-02-06 11:07:01',901,NULL,0,13),(1072,'mhduong','Return','2020-02-06 11:07:01',902,NULL,0,13),(1073,'mhduong','Assign','2020-02-06 11:25:59',901,'ntly',6,NULL),(1074,'mhduong','Assign','2020-02-06 11:25:59',902,'ntly',6,NULL),(1075,'mhduong','Return','2020-02-06 11:26:46',901,NULL,0,13),(1076,'mhduong','Return','2020-02-06 11:26:46',902,NULL,0,13),(1077,'mhduong','Assign','2020-02-06 11:29:26',901,'ntly',6,NULL),(1078,'mhduong','Assign','2020-02-06 11:29:26',902,'ntly',6,NULL),(1079,'mhduong','Assign','2020-02-06 11:30:18',901,'btxthu',6,NULL),(1080,'mhduong','Assign','2020-02-06 11:30:18',902,'btxthu',6,NULL),(1081,'mhduong','Return','2020-02-06 11:31:06',901,NULL,0,13),(1082,'mhduong','Return','2020-02-06 11:31:06',902,NULL,0,13),(1083,'mhduong','Assign','2020-02-06 11:36:10',901,'ntly',6,NULL),(1084,'mhduong','Assign','2020-02-06 11:36:10',902,'ntly',6,NULL),(1085,'mhduong','Assign','2020-02-06 11:39:11',776,'ntly',6,NULL),(1086,'mhduong','Assign','2020-02-06 11:39:11',854,'ntly',6,NULL),(1087,'mhduong','Return','2020-02-06 11:39:57',776,NULL,0,1),(1088,'mhduong','Return','2020-02-06 11:39:57',854,NULL,0,1),(1089,'mhduong','Add','2020-02-06 11:43:03',906,'ldhai',6,13),(1090,'mhduong','Add','2020-02-06 11:43:14',907,'ntly',0,13),(1091,'mhduong','Add','2020-02-06 11:43:27',908,'ntly',0,13),(1092,'mhduong','Assign','2020-02-06 11:44:09',10,'ntly',6,NULL),(1093,'mhduong','Assign','2020-02-06 11:44:09',799,'ntly',6,NULL),(1094,'mhduong','Assign','2020-02-06 11:44:09',861,'ntly',6,NULL),(1095,'mhduong','Assign','2020-02-06 11:44:09',906,'ntly',6,NULL),(1096,'mhduong','Assign','2020-02-06 11:44:09',789,'ntly',6,NULL),(1097,'mhduong','Assign','2020-02-06 11:44:09',805,'ntly',6,NULL),(1098,'mhduong','Assign','2020-02-06 11:44:45',10,'ntly',1,NULL),(1099,'mhduong','Assign','2020-02-06 11:44:45',799,'ntly',1,NULL),(1100,'mhduong','Assign','2020-02-06 11:44:45',861,'ntly',1,NULL),(1101,'mhduong','Assign','2020-02-06 11:44:45',906,'ntly',1,NULL),(1102,'mhduong','Assign','2020-02-06 11:44:45',789,'ntly',1,NULL),(1103,'mhduong','Assign','2020-02-06 11:44:45',805,'ntly',1,NULL),(1104,'mhduong','Add','2020-02-06 11:48:21',909,'ntly',0,13),(1105,'mhduong','Add','2020-02-06 13:23:41',910,'ntly',0,13),(1106,'mhduong','Add','2020-02-06 13:31:40',911,'ntly',0,13),(1107,'mhduong','Add','2020-02-06 13:56:35',912,'ntly',0,13),(1108,'mhduong','Assign','2020-02-06 13:59:32',912,'ntly',6,NULL),(1109,'mhduong','Return','2020-02-06 14:02:06',912,NULL,0,13),(1110,'mhduong','Liquidate','2020-02-06 14:02:45',912,NULL,3,NULL),(1111,'mhduong','Add','2020-02-06 14:03:33',913,'ntly',0,13),(1112,'mhduong','Lost Report','2020-02-06 14:03:53',913,NULL,2,NULL),(1113,'mhduong','Add','2020-02-06 14:05:48',914,'mhduong',1,NULL),(1114,'mhduong','Destroy','2020-02-06 14:05:54',914,NULL,8,NULL),(1115,'mhduong','Add','2020-02-06 14:07:17',915,'ntly',0,13),(1116,'mhduong','Assign','2020-02-06 14:07:40',915,'ntly',6,NULL),(1117,'mhduong','Assign','2020-02-06 14:08:00',915,'ntly',1,NULL),(1118,'mhduong','Add','2020-02-06 14:35:27',916,'mhduong',1,NULL),(1119,'mhduong','Add','2020-02-06 14:36:14',917,'mhduong',1,NULL),(1120,'mhduong','Assign','2020-02-06 14:37:24',915,'ntly',6,NULL),(1121,'mhduong','Assign','2020-02-06 14:37:24',911,'ntly',6,NULL),(1122,'mhduong','Return','2020-02-06 14:41:20',911,NULL,0,13),(1123,'mhduong','Return','2020-02-06 14:41:20',915,NULL,0,13),(1124,'mhduong','Site Transfer','2020-02-06 14:44:38',911,NULL,0,15),(1125,'mhduong','Site Transfer','2020-02-06 14:44:38',915,NULL,0,15),(1126,'mhduong','Add','2020-02-06 14:58:14',918,'ntly',0,13),(1127,'mhduong','Repair','2020-02-06 15:27:32',918,NULL,4,NULL),(1128,'mhduong','Expire','2020-02-06 15:45:58',856,NULL,9,NULL),(1129,'mhduong','Return','2020-02-06 16:03:12',907,NULL,0,13),(1130,'mhduong','Return','2020-02-06 16:03:12',10,NULL,0,13),(1131,'mhduong','Return','2020-02-06 16:03:12',789,NULL,0,13),(1132,'mhduong','Return','2020-02-06 16:03:12',799,NULL,0,13),(1133,'mhduong','Return','2020-02-06 16:03:12',805,NULL,0,13),(1134,'mhduong','Return','2020-02-06 16:03:12',861,NULL,0,13),(1135,'mhduong','Return','2020-02-06 16:03:12',906,NULL,0,13),(1136,'mhduong','Return','2020-02-06 16:03:12',908,NULL,0,13),(1137,'mhduong','Return','2020-02-06 16:03:41',918,NULL,0,13),(1138,'mhduong','Return','2020-02-06 16:03:41',907,NULL,0,13),(1139,'mhduong','Return','2020-02-06 16:03:41',10,NULL,0,13),(1140,'mhduong','Return','2020-02-06 16:03:41',789,NULL,0,13),(1141,'mhduong','Return','2020-02-06 16:03:41',799,NULL,0,13),(1142,'mhduong','Return','2020-02-06 16:03:41',805,NULL,0,13),(1143,'mhduong','Return','2020-02-06 16:03:41',861,NULL,0,13),(1144,'mhduong','Return','2020-02-06 16:03:41',906,NULL,0,13),(1145,'mhduong','Return','2020-02-06 16:03:42',908,NULL,0,13),(1146,'mhduong','Assign','2020-02-06 16:04:18',908,'ntly',6,NULL),(1147,'mhduong','Assign','2020-02-06 16:04:18',10,'ntly',6,NULL),(1148,'mhduong','Assign','2020-02-06 16:04:18',789,'ntly',6,NULL),(1149,'mhduong','Assign','2020-02-06 16:04:18',799,'ntly',6,NULL),(1150,'mhduong','Assign','2020-02-06 16:04:18',805,'ntly',6,NULL),(1151,'mhduong','Assign','2020-02-06 16:04:18',861,'ntly',6,NULL),(1152,'mhduong','Assign','2020-02-06 16:04:18',906,'ntly',6,NULL),(1153,'mhduong','Assign','2020-02-06 16:04:18',907,'ntly',6,NULL),(1154,'mhduong','Return','2020-02-06 16:04:30',10,NULL,0,13),(1155,'mhduong','Return','2020-02-06 16:04:30',799,NULL,0,13),(1156,'mhduong','Return','2020-02-06 16:04:30',908,NULL,0,13),(1157,'mhduong','Return','2020-02-06 16:04:30',907,NULL,0,13),(1158,'mhduong','Return','2020-02-06 16:04:30',861,NULL,0,13),(1159,'mhduong','Return','2020-02-06 16:04:30',906,NULL,0,13),(1160,'mhduong','Return','2020-02-06 16:04:30',789,NULL,0,13),(1161,'mhduong','Return','2020-02-06 16:04:30',805,NULL,0,13),(1162,'mhduong','Return','2020-02-06 16:05:26',862,NULL,0,13),(1163,'mhduong','Return','2020-02-06 16:05:26',857,NULL,0,13),(1164,'mhduong','Return','2020-02-06 16:06:07',862,NULL,0,13),(1165,'mhduong','Return','2020-02-06 16:06:07',857,NULL,0,13),(1166,'mhduong','Assign','2020-02-06 16:15:09',806,'ntly',6,NULL),(1167,'mhduong','Assign','2020-02-06 16:18:59',857,'ntly',6,NULL),(1168,'mhduong','Assign','2020-02-06 16:18:59',862,'ntly',6,NULL),(1169,'mhduong','Assign','2020-02-06 16:19:37',857,'ntly',1,NULL),(1170,'mhduong','Assign','2020-02-06 16:19:37',862,'ntly',1,NULL),(1171,'mhduong','Return','2020-02-06 16:20:05',857,NULL,0,13),(1172,'mhduong','Return','2020-02-06 16:20:05',862,NULL,0,13),(1173,'mhduong','Return','2020-02-06 16:20:15',857,NULL,0,13),(1174,'mhduong','Return','2020-02-06 16:20:15',862,NULL,0,13),(1175,'mhduong','Add','2020-02-06 16:36:25',919,'ntly',0,13),(1176,'mhduong','Add','2020-02-06 16:37:44',920,'mhduong',1,NULL),(1177,'mhduong','Site Transfer','2020-02-06 17:03:50',919,NULL,0,15),(1178,'mhduong','Site Transfer','2020-02-06 17:05:42',804,NULL,0,15),(1179,'mhduong','Return','2020-02-06 17:08:03',804,NULL,0,15),(1180,'mhduong','Return','2020-02-06 17:08:03',166,NULL,0,15),(1181,'mhduong','Add','2020-02-06 17:08:40',921,'ntly',0,13),(1182,'mhduong','Site Transfer','2020-02-06 17:10:48',921,NULL,0,15),(1183,'mhduong','Site Transfer','2020-02-06 17:10:48',919,NULL,0,15),(1184,'mhduong','Site Transfer','2020-02-06 17:11:57',921,NULL,0,13),(1185,'mhduong','Site Transfer','2020-02-06 17:11:57',919,NULL,0,13),(1186,'mhduong','Site Transfer','2020-02-06 17:21:41',166,NULL,0,13),(1187,'mhduong','Site Transfer','2020-02-06 17:21:41',804,NULL,0,13),(1188,'mhduong','Assign','2020-02-06 17:23:42',166,'ntly',6,NULL),(1189,'mhduong','Assign','2020-02-06 17:23:42',804,'ntly',6,NULL),(1190,'mhduong','Return','2020-02-06 17:24:58',166,NULL,0,13),(1191,'mhduong','Return','2020-02-06 17:24:58',804,NULL,0,13),(1192,'mhduong','Return','2020-02-06 17:26:05',811,NULL,0,1),(1193,'mhduong','Return','2020-02-06 17:26:05',808,NULL,0,1),(1194,'mhduong','Return','2020-02-06 17:26:05',812,NULL,0,1),(1195,'mhduong','Add','2020-02-07 09:57:18',922,'ntly',0,13),(1196,'mhduong','Add','2020-02-07 09:57:39',923,'ntly',0,13),(1197,'mhduong','Assign','2020-02-07 10:15:56',922,'vkdung',6,NULL),(1198,'mhduong','Assign','2020-02-07 10:15:56',923,'vkdung',6,NULL),(1199,'mhduong','Return','2020-02-07 10:16:14',922,NULL,0,13),(1200,'mhduong','Return','2020-02-07 10:16:14',923,NULL,0,13),(1201,'mhduong','Assign','2020-02-07 10:16:53',922,'ntly',6,NULL),(1202,'mhduong','Assign','2020-02-07 10:16:53',923,'ntly',6,NULL),(1203,'mhduong','Add','2020-02-07 10:18:56',924,'ntly',0,15),(1204,'mhduong','Assign','2020-02-07 10:19:05',924,'ntly',6,NULL),(1205,'mhduong','Return','2020-02-07 10:19:25',924,NULL,0,15),(1206,'mhduong','Repair','2020-02-07 10:40:39',908,NULL,4,NULL),(1207,'mhduong','Repair','2020-02-07 10:40:39',906,NULL,4,NULL),(1208,'mhduong','Repair','2020-02-07 10:40:39',861,NULL,4,NULL),(1209,'mhduong','Repair','2020-02-07 10:40:39',805,NULL,4,NULL),(1210,'mhduong','Repair','2020-02-07 10:40:39',799,NULL,4,NULL),(1211,'mhduong','Repair','2020-02-07 10:40:39',789,NULL,4,NULL),(1212,'mhduong','Repair','2020-02-07 10:40:39',10,NULL,4,NULL),(1213,'mhduong','Repair','2020-02-07 10:40:39',907,NULL,4,NULL),(1214,'mhduong','Repair','2020-02-07 10:40:39',924,NULL,4,NULL),(1215,'mhduong','Return','2020-02-07 10:46:32',805,NULL,0,13),(1216,'mhduong','Malfunctioning Report','2020-02-07 10:46:36',805,NULL,5,NULL),(1217,'mhduong','Repair','2020-02-07 10:47:36',805,NULL,4,NULL),(1218,'mhduong','Return','2020-02-07 10:47:41',805,NULL,0,13),(1219,'mhduong','Add','2020-02-07 10:48:19',925,'ntly',0,13),(1220,'mhduong','Repair','2020-02-07 10:49:37',805,NULL,4,NULL),(1221,'mhduong','Repair','2020-02-07 10:49:37',925,NULL,4,NULL),(1222,'mhduong','Return','2020-02-07 10:49:59',805,NULL,0,13),(1223,'mhduong','Return','2020-02-07 10:49:59',925,NULL,0,13),(1224,'mhduong','Malfunctioning Report','2020-02-07 10:51:59',805,NULL,5,NULL),(1225,'mhduong','Malfunctioning Report','2020-02-07 10:51:59',925,NULL,5,NULL),(1226,'mhduong','Return','2020-02-07 10:55:45',906,NULL,0,13),(1227,'mhduong','Add','2020-02-07 10:56:27',926,'ntly',0,13),(1228,'mhduong','Liquidate','2020-02-07 10:56:37',906,NULL,3,NULL),(1229,'mhduong','Check Out','2020-02-07 11:36:07',915,NULL,7,NULL),(1230,'mhduong','Check Out','2020-02-07 11:38:35',780,NULL,7,NULL),(1231,'mhduong','Lost Report','2020-02-07 11:46:40',926,NULL,2,NULL),(1232,'mhduong','Repair','2020-02-07 13:46:39',805,NULL,4,NULL),(1233,'mhduong','Repair','2020-02-07 13:46:39',925,NULL,4,NULL),(1234,'mhduong','Return','2020-02-07 13:46:45',805,NULL,0,13),(1235,'mhduong','Return','2020-02-07 13:46:45',925,NULL,0,13),(1236,'mhduong','Lost Report','2020-02-07 13:47:42',805,NULL,2,NULL),(1237,'mhduong','Lost Report','2020-02-07 13:47:42',925,NULL,2,NULL),(1238,'mhduong','Add','2020-02-07 13:49:19',935,'mhduong',1,NULL),(1239,'mhduong','Assign','2020-02-07 14:07:50',20,'ldhai',6,NULL),(1240,'mhduong','Assign','2020-02-07 14:07:51',21,'ldhai',6,NULL),(1241,'mhduong','Add','2020-02-07 14:12:12',936,'ntly',0,13),(1242,'mhduong','Lost Report','2020-02-07 14:12:19',936,NULL,2,NULL),(1243,'mhduong','Assign','2020-02-07 14:13:19',20,'ldhai',6,NULL),(1244,'mhduong','Assign','2020-02-07 14:13:19',21,'ldhai',6,NULL),(1245,'mhduong','Add','2020-02-07 14:14:30',937,'ntly',0,13),(1246,'mhduong','Add','2020-02-07 14:15:03',938,'ntly',0,13),(1247,'mhduong','Assign','2020-02-07 14:28:16',938,'ntly',6,NULL),(1248,'mhduong','Assign','2020-02-07 14:28:16',937,'ntly',6,NULL),(1249,'mhduong','Assign','2020-02-07 14:28:37',938,'ntly',1,NULL),(1250,'mhduong','Assign','2020-02-07 14:28:37',937,'ntly',1,NULL),(1251,'mhduong','Lost Report','2020-02-07 14:29:18',937,NULL,2,NULL),(1252,'mhduong','Lost Report','2020-02-07 14:29:18',938,NULL,2,NULL),(1253,'mhduong','Add','2020-02-07 14:31:04',939,'ntly',0,13),(1254,'mhduong','Assign','2020-02-07 14:36:21',939,'ntly',6,NULL),(1255,'mhduong','Assign','2020-02-07 14:36:40',939,'ntly',1,NULL),(1256,'mhduong','Add','2020-02-07 14:52:31',940,'mhduong',1,NULL),(1257,'mhduong','Destroy','2020-02-07 15:31:08',935,NULL,8,NULL),(1258,'mhduong','Add','2020-02-07 16:34:22',941,'ntly',0,13),(1259,'mhduong','Assign','2020-02-07 16:37:11',941,'ntly',6,NULL),(1260,'mhduong','Return','2020-02-07 16:39:07',939,NULL,0,13),(1261,'mhduong','Assign','2020-02-07 16:40:50',939,'ndvan',6,NULL),(1262,'mhduong','Add','2020-02-07 16:46:00',942,'ntly',0,13),(1263,'mhduong','Assign','2020-02-07 16:46:23',941,'ndvan',6,NULL),(1264,'mhduong','Assign','2020-02-07 16:47:56',941,'ndvan',1,NULL),(1265,'mhduong','Assign','2020-02-07 16:50:02',939,'ndvan',6,NULL),(1266,'mhduong','Assign','2020-02-07 16:50:02',939,'ndvan',6,NULL),(1267,'mhduong','Add','2020-02-07 17:16:49',944,'ntly',0,13),(1268,'mhduong','Assign','2020-02-07 17:17:04',944,'ntly',6,NULL),(1269,'mhduong','Assign','2020-02-07 17:17:46',944,'ntly',1,NULL),(1270,'mhduong','Add','2020-02-07 17:25:40',946,'ntly',0,13),(1271,'mhduong','Assign','2020-02-07 17:25:50',946,'ntly',6,NULL),(1272,'mhduong','Assign','2020-02-07 17:26:10',946,'ntly',1,NULL),(1273,'mhduong','Add','2020-02-10 10:27:43',958,'ntly',0,13),(1274,'mhduong','Add','2020-02-10 10:36:51',959,'ntly',0,15),(1275,'mhduong','Add','2020-02-10 10:48:19',960,'mhduong',1,NULL),(1276,'mhduong','Add','2020-02-10 10:52:30',961,'mhduong',1,NULL),(1277,'mhduong','Add','2020-02-10 13:41:06',965,'ntly',0,13),(1278,'mhduong','Assign','2020-02-10 13:41:14',965,'ntly',6,NULL),(1279,'mhduong','Assign','2020-02-10 13:41:57',965,'ntly',1,NULL),(1280,'mhduong','Add','2020-02-10 13:47:16',966,'ntly',0,13),(1281,'mhduong','Assign','2020-02-10 13:47:25',966,'ntly',6,NULL),(1282,'mhduong','Assign','2020-02-10 13:47:48',966,'ntly',1,NULL),(1283,'mhduong','Assign','2020-02-10 15:03:40',776,'nthung',6,NULL),(1284,'mhduong','Assign','2020-02-10 15:03:40',854,'nthung',6,NULL),(1285,'mhduong','Assign','2020-02-10 15:03:59',776,'nthung',1,NULL),(1286,'mhduong','Assign','2020-02-10 15:03:59',854,'nthung',1,NULL),(1287,'mhduong','Repair','2020-02-10 15:23:19',959,NULL,4,NULL),(1288,'mhduong','Destroy','2020-02-10 15:25:16',961,NULL,8,NULL),(1289,'mhduong','Add','2020-02-10 16:09:22',969,'ntly',0,13),(1290,'mhduong','Add','2020-02-10 16:09:44',970,'ntly',0,13),(1291,'mhduong','Destroy','2020-02-10 16:55:32',920,NULL,8,NULL),(1292,'mhduong','Expire','2020-02-10 16:59:57',960,NULL,9,NULL),(1293,'mhduong','Liquidate','2020-02-10 17:03:22',898,NULL,3,NULL),(1302,'mhduong','Add','2020-02-10 17:12:30',971,'ntly',0,13),(1303,'mhduong','Check Out','2020-02-10 17:12:39',971,NULL,7,NULL),(1304,'mhduong','Add','2020-02-10 17:13:06',972,'ntly',0,13),(1305,'mhduong','Assign','2020-02-10 17:13:17',972,'ntly',6,NULL),(1306,'mhduong','Assign','2020-02-10 17:13:35',972,'ntly',1,NULL),(1307,'mhduong','Check Out','2020-02-10 17:13:50',972,NULL,7,NULL),(1308,'mhduong','Add','2020-02-10 17:14:33',973,'ntly',0,13),(1309,'mhduong','Assign','2020-02-10 17:14:45',973,'ntly',6,NULL),(1310,'mhduong','Assign','2020-02-10 17:15:16',973,'ntly',1,NULL),(1311,'mhduong','Check Out','2020-02-10 17:15:28',973,NULL,7,NULL),(1314,'mhduong','Lost Report','2020-02-10 17:38:33',801,NULL,2,NULL),(1319,'mhduong','Return','2020-02-10 17:40:37',959,NULL,0,15),(1320,'mhduong','Return','2020-02-10 17:40:56',959,NULL,0,13),(1321,'mhduong','Return','2020-02-10 17:40:56',10,NULL,0,13),(1322,'mhduong','Return','2020-02-10 17:40:56',799,NULL,0,13),(1323,'mhduong','Return','2020-02-10 17:40:56',908,NULL,0,13),(1324,'mhduong','Return','2020-02-10 17:40:56',924,NULL,0,13),(1325,'mhduong','Return','2020-02-10 17:40:56',907,NULL,0,13),(1326,'mhduong','Return','2020-02-10 17:40:56',861,NULL,0,13),(1327,'mhduong','Return','2020-02-10 17:40:56',789,NULL,0,13),(1328,'mhduong','Add','2020-02-11 08:29:50',974,'ntly',0,13),(1329,'mhduong','Lost Report','2020-02-11 08:38:04',921,NULL,2,NULL),(1330,'mhduong','Lost Report','2020-02-11 08:38:04',919,NULL,2,NULL),(1331,'mhduong','Return','2020-02-11 08:39:58',722,NULL,0,6),(1338,'mhduong','Lost Report','2020-02-11 09:20:56',722,NULL,2,NULL),(1340,'mhduong','Assign','2020-02-11 09:31:25',854,'ntly',6,NULL),(1341,'mhduong','Assign','2020-02-11 09:31:25',776,'ntly',6,NULL),(1342,'mhduong','Return','2020-02-11 09:31:43',854,NULL,0,13),(1343,'mhduong','Return','2020-02-11 09:31:43',776,NULL,0,13),(1344,'mhduong','Return','2020-02-11 09:31:43',966,NULL,0,13),(1345,'mhduong','Repair','2020-02-11 09:32:34',776,NULL,4,NULL),(1346,'mhduong','Repair','2020-02-11 09:32:34',854,NULL,4,NULL),(1347,'mhduong','Add','2020-02-11 09:44:03',976,'mhduong',1,NULL),(1348,'mhduong','Add','2020-02-11 09:50:48',977,'mhduong',1,NULL),(1349,'mhduong','Add','2020-02-11 09:51:36',978,'mhduong',1,NULL),(1350,'mhduong','Lost Report','2020-02-11 09:52:43',974,NULL,2,NULL),(1351,'mhduong','Lost Report','2020-02-11 09:55:23',966,NULL,2,NULL),(1352,'mhduong','Assign','2020-02-11 09:57:31',81,'nthung',6,NULL),(1353,'mhduong','Add','2020-02-11 09:57:35',979,'ntly',0,13),(1354,'mhduong','Lost Report','2020-02-11 09:58:08',979,NULL,2,NULL),(1355,'mhduong','Assign','2020-02-11 09:58:33',81,'nthung',1,NULL),(1356,'mhduong','Assign','2020-02-11 09:58:39',822,'ntly',6,NULL),(1357,'mhduong','Destroy','2020-02-11 10:01:52',978,NULL,8,NULL),(1358,'mhduong','Assign','2020-02-11 10:06:32',824,'ntly',6,NULL),(1359,'mhduong','Assign','2020-02-11 10:08:38',824,'ntly',6,NULL),(1360,'mhduong','Assign','2020-02-11 10:08:38',823,'ntly',6,NULL),(1361,'mhduong','Assign','2020-02-11 10:11:57',824,'ntly',1,NULL),(1362,'mhduong','Assign','2020-02-11 10:11:57',823,'ntly',1,NULL),(1363,'mhduong','Lost Report','2020-02-11 10:19:44',823,NULL,2,NULL),(1364,'mhduong','Lost Report','2020-02-11 10:25:00',824,NULL,2,NULL),(1367,'mhduong','Add','2020-02-11 10:27:57',980,'ntly',0,13),(1368,'mhduong','Add','2020-02-11 10:28:14',981,'ntly',0,13),(1369,'mhduong','Assign','2020-02-11 10:28:27',981,'ntly',6,NULL),(1370,'mhduong','Assign','2020-02-11 10:28:41',980,'ntly',6,NULL),(1371,'mhduong','Return','2020-02-11 10:34:09',980,NULL,0,13),(1372,'mhduong','Return','2020-02-11 10:38:20',981,NULL,0,13),(1373,'mhduong','Return','2020-02-11 10:38:20',822,NULL,0,13),(1374,'mhduong','Return','2020-02-11 10:38:20',854,NULL,0,13),(1375,'mhduong','Return','2020-02-11 10:38:20',776,NULL,0,13),(1376,'mhduong','Return','2020-02-11 10:38:20',922,NULL,0,13),(1377,'mhduong','Return','2020-02-11 10:38:20',923,NULL,0,13),(1378,'mhduong','Return','2020-02-11 10:38:20',965,NULL,0,13),(1379,'mhduong','Return','2020-02-11 10:38:20',946,NULL,0,13),(1380,'mhduong','Return','2020-02-11 10:38:20',944,NULL,0,13),(1381,'mhduong','Return','2020-02-11 10:38:20',939,NULL,0,13),(1382,'mhduong','Return','2020-02-11 10:38:20',941,NULL,0,13),(1383,'mhduong','Return','2020-02-11 10:38:20',20,NULL,0,13),(1384,'mhduong','Return','2020-02-11 10:38:20',21,NULL,0,13),(1385,'mhduong','Return','2020-02-11 10:38:20',66,NULL,0,13),(1386,'mhduong','Return','2020-02-11 10:38:20',67,NULL,0,13),(1387,'mhduong','Return','2020-02-11 10:38:20',68,NULL,0,13),(1388,'mhduong','Return','2020-02-11 10:38:20',70,NULL,0,13),(1389,'mhduong','Assign','2020-02-11 10:39:34',946,'ntly',6,NULL),(1390,'mhduong','Assign','2020-02-11 10:39:34',941,'ntly',6,NULL),(1391,'mhduong','Assign','2020-02-11 10:39:34',939,'ntly',6,NULL),(1392,'mhduong','Assign','2020-02-11 10:39:34',923,'ntly',6,NULL),(1393,'mhduong','Assign','2020-02-11 10:39:34',922,'ntly',6,NULL),(1394,'mhduong','Assign','2020-02-11 10:39:34',822,'ntly',6,NULL),(1395,'mhduong','Assign','2020-02-11 10:39:34',854,'ntly',6,NULL),(1396,'mhduong','Assign','2020-02-11 10:39:34',776,'ntly',6,NULL),(1397,'mhduong','Assign','2020-02-11 10:39:34',70,'ntly',6,NULL),(1398,'mhduong','Assign','2020-02-11 10:39:34',68,'ntly',6,NULL),(1399,'mhduong','Assign','2020-02-11 10:39:34',67,'ntly',6,NULL),(1400,'mhduong','Assign','2020-02-11 10:39:34',66,'ntly',6,NULL),(1401,'mhduong','Assign','2020-02-11 10:39:34',21,'ntly',6,NULL),(1402,'mhduong','Assign','2020-02-11 10:39:34',944,'ntly',6,NULL),(1403,'mhduong','Assign','2020-02-11 10:39:34',20,'ntly',6,NULL),(1404,'mhduong','Assign','2020-02-11 10:40:16',20,'ntly',1,NULL),(1405,'mhduong','Assign','2020-02-11 10:40:16',944,'ntly',1,NULL),(1406,'mhduong','Assign','2020-02-11 10:40:16',941,'ntly',1,NULL),(1407,'mhduong','Assign','2020-02-11 10:40:16',939,'ntly',1,NULL),(1408,'mhduong','Assign','2020-02-11 10:40:16',923,'ntly',1,NULL),(1409,'mhduong','Assign','2020-02-11 10:40:16',922,'ntly',1,NULL),(1410,'mhduong','Assign','2020-02-11 10:40:16',822,'ntly',1,NULL),(1411,'mhduong','Assign','2020-02-11 10:40:16',854,'ntly',1,NULL),(1412,'mhduong','Assign','2020-02-11 10:40:16',776,'ntly',1,NULL),(1413,'mhduong','Assign','2020-02-11 10:40:16',70,'ntly',1,NULL),(1414,'mhduong','Assign','2020-02-11 10:40:16',68,'ntly',1,NULL),(1415,'mhduong','Assign','2020-02-11 10:40:16',67,'ntly',1,NULL),(1416,'mhduong','Assign','2020-02-11 10:40:16',66,'ntly',1,NULL),(1417,'mhduong','Assign','2020-02-11 10:40:16',21,'ntly',1,NULL),(1418,'mhduong','Assign','2020-02-11 10:40:16',946,'ntly',1,NULL),(1419,'mhduong','Expire','2020-02-11 11:02:17',976,NULL,9,NULL),(1420,'mhduong','Assign','2020-02-11 13:04:34',21,'ndvan',6,NULL),(1421,'mhduong','Add','2020-02-11 13:59:53',982,'ntly',0,13),(1422,'mhduong','Assign','2020-02-11 14:01:57',629,'ndvan',6,NULL),(1423,'mhduong','Site Transfer','2020-02-11 14:02:29',808,NULL,0,6),(1424,'mhduong','Site Transfer','2020-02-11 14:02:29',812,NULL,0,6),(1425,'mhduong','Site Transfer','2020-02-11 14:02:29',811,NULL,0,6),(1426,'mhduong','Assign','2020-02-11 14:05:33',629,'ndvan',1,NULL),(1429,'mhduong','Add','2020-02-11 14:41:46',983,'ntly',0,13),(1430,'mhduong','Add','2020-02-11 14:47:28',984,'ntly',0,13),(1431,'mhduong','Assign','2020-02-11 14:50:33',984,'ntly',6,NULL),(1432,'mhduong','Assign','2020-02-11 14:51:02',984,'ntly',1,NULL),(1433,'mhduong','Check Out','2020-02-11 14:54:19',984,NULL,7,NULL),(1436,'mhduong','Add','2020-02-11 14:58:52',985,'mhduong',1,NULL),(1441,'mhduong','Lost Report','2020-02-11 15:28:17',982,NULL,2,NULL),(1442,'mhduong','Assign','2020-02-11 15:29:28',983,'ntly',6,NULL),(1443,'mhduong','Assign','2020-02-11 15:29:49',983,'ntly',1,NULL),(1444,'mhduong','Check Out','2020-02-11 15:30:10',983,NULL,7,NULL),(1445,'mhduong','Liquidate','2020-02-11 15:31:33',980,NULL,3,NULL),(1446,'mhduong','Expire','2020-02-11 15:34:27',940,NULL,9,NULL),(1447,'mhduong','Destroy','2020-02-11 15:36:06',899,NULL,8,NULL);
/*!40000 ALTER TABLE `Asset_History` ENABLE KEYS */;
UNLOCK TABLES;

--
-- Table structure for table `Asset_MSTR`
--

DROP TABLE IF EXISTS `Asset_MSTR`;
/*!40101 SET @saved_cs_client     = @@character_set_client */;
/*!50503 SET character_set_client = utf8mb4 */;
CREATE TABLE `Asset_MSTR` (
  `id` int(11) NOT NULL AUTO_INCREMENT,
  `type` int(11) NOT NULL,
  `type_name` varchar(250) NOT NULL,
  `value_number` int(11) NOT NULL,
  `name` varchar(250) DEFAULT NULL,
  PRIMARY KEY (`id`)
) ENGINE=InnoDB AUTO_INCREMENT=45 DEFAULT CHARSET=utf8mb4 COLLATE=utf8mb4_0900_ai_ci;
/*!40101 SET character_set_client = @saved_cs_client */;

--
-- Dumping data for table `Asset_MSTR`
--

LOCK TABLES `Asset_MSTR` WRITE;
/*!40000 ALTER TABLE `Asset_MSTR` DISABLE KEYS */;
INSERT INTO `Asset_MSTR` VALUES (1,1,'Asset Type',1,'Physical Asset'),(2,1,'Asset Type',2,'Information Asset'),(3,1,'Asset Type',3,'Software Asset'),(4,1,'Asset Type',4,'Service Asset'),(5,2,'Asset Status',0,'Available'),(6,2,'Asset Status',1,'In Use'),(7,2,'Asset Status',2,'Lost'),(8,2,'Asset Status',3,'Liquidated'),(9,2,'Asset Status',4,'Under Repair'),(10,2,'Asset Status',5,'Malfunctioning'),(11,2,'Asset Status',6,'Pending Confirmation'),(12,2,'Asset Status',7,'Checked out'),(13,2,'Asset Status',8,'Destroyed'),(14,2,'Asset Status',9,'Expired'),(16,3,'C_Evaluation',1,'1'),(17,3,'C_Evaluation',2,'2'),(18,3,'C_Evaluation',3,'3'),(19,4,'I_Evaluation',1,'1'),(20,4,'I_Evaluation',2,'2'),(21,4,'I_Evaluation',3,'3'),(22,5,'A_Evaluation',1,'1'),(23,5,'A_Evaluation',2,'2'),(24,5,'A_Evaluation',3,'3'),(25,6,'CIA_Sum',3,'3'),(26,6,'CIA_Sum',4,'4'),(27,6,'CIA_Sum',5,'5'),(28,6,'CIA_Sum',6,'6'),(29,6,'CIA_Sum',7,'7'),(30,6,'CIA_Sum',8,'8'),(31,6,'CIA_Sum',9,'9'),(32,7,'Overdue',0,'No'),(33,7,'Overdue',1,'Yes'),(37,6,'CIA_Sum',0,'N/A'),(38,8,'AssetValue',1,'1'),(39,8,'AssetValue',2,'2'),(40,8,'AssetValue',3,'3'),(41,8,'AssetValue',4,'4'),(42,3,'C_Evaluation',0,NULL),(43,4,'I_Evaluation',0,NULL),(44,5,'A_Evaluation',0,NULL);
/*!40000 ALTER TABLE `Asset_MSTR` ENABLE KEYS */;
UNLOCK TABLES;

--
-- Table structure for table `Asset_Reference`
--

DROP TABLE IF EXISTS `Asset_Reference`;
/*!40101 SET @saved_cs_client     = @@character_set_client */;
/*!50503 SET character_set_client = utf8mb4 */;
CREATE TABLE `Asset_Reference` (
  `id` varchar(36) NOT NULL,
  `parent_asset_id` int(11) NOT NULL,
  `child_asset_id` int(11) NOT NULL,
  PRIMARY KEY (`id`),
  KEY `Asset_Ref_Asset_fk_idx` (`parent_asset_id`,`child_asset_id`),
  KEY `Asset_Ref_Asset_fk2_idx` (`child_asset_id`),
  CONSTRAINT `Asset_Ref_Asset_fk1` FOREIGN KEY (`parent_asset_id`) REFERENCES `Asset` (`asset_id`),
  CONSTRAINT `Asset_Ref_Asset_fk2` FOREIGN KEY (`child_asset_id`) REFERENCES `Asset` (`asset_id`)
) ENGINE=InnoDB DEFAULT CHARSET=utf8mb4 COLLATE=utf8mb4_0900_ai_ci;
/*!40101 SET character_set_client = @saved_cs_client */;

--
-- Dumping data for table `Asset_Reference`
--

LOCK TABLES `Asset_Reference` WRITE;
/*!40000 ALTER TABLE `Asset_Reference` DISABLE KEYS */;
INSERT INTO `Asset_Reference` VALUES ('de2f8a4f-3bc6-4231-9cb3-c14e47015205',10,789),('0431b512-e486-4ca7-aee4-7aed533aaff3',10,799),('ab064a93-1b40-4dd7-b556-b7e316faeed8',10,861),('a70a7501-92c8-4864-ba2f-97070dfedccf',10,907),('646584bc-78f0-422b-bfaa-4d7fa8597aed',10,908),('80993de9-49ef-44bf-9b8e-bdae3a81f7ab',10,924),('992708e4-af29-454d-bef3-4cef260553e4',13,785),('955bec87-f845-4f55-9599-6b0a4ebdd555',15,750),('cee93bc8-7847-4d74-a22e-ed701ae296f9',15,795),('3456f9a0-289e-448f-a625-b50dede211dc',29,807),('42b1f927-e1c6-4f7e-8734-fa88280a86f2',82,800),('0adeacfc-b0b4-4cd1-8318-09f1e28eb033',166,804),('1ce3de44-27ed-4f49-8afa-e81bd07bce3a',630,786),('fe33fa55-5154-4e2e-82cb-5c06a67def9e',677,790),('de9bf0c3-0343-46bb-99c9-304c785b5c97',776,854),('48f0e3cb-0be2-4303-bad6-6e64cb2b2685',808,811),('2b5548cb-1bc8-487a-b4b3-f7d9b6f182b9',808,812),('9ce30b1c-30a2-4ea2-a4b4-18ecba3956dd',857,862),('ae4d4aa2-0ef1-4a57-8c9c-e85beb052bba',901,902),('f4478b83-d82c-4293-a686-7b35814ad1b1',921,919),('6f717e39-02b8-470b-8600-b282e8ee6b4f',922,923),('ade7a2ab-2af4-4240-bb64-a5e536a8334e',925,805),('383d2815-dc7e-4d1a-a481-b2a2fd6d7695',937,938),('c5978c69-4800-4ed4-b422-3fa8daf98a63',969,970);
/*!40000 ALTER TABLE `Asset_Reference` ENABLE KEYS */;
UNLOCK TABLES;

--
-- Table structure for table `Audit`
--

DROP TABLE IF EXISTS `Audit`;
/*!40101 SET @saved_cs_client     = @@character_set_client */;
/*!50503 SET character_set_client = utf8mb4 */;
CREATE TABLE `Audit` (
  `Id` char(16) NOT NULL,
  `Content` varchar(255) DEFAULT NULL,
  PRIMARY KEY (`Id`)
) ENGINE=InnoDB DEFAULT CHARSET=utf8mb4 COLLATE=utf8mb4_0900_ai_ci;
/*!40101 SET character_set_client = @saved_cs_client */;

--
-- Dumping data for table `Audit`
--

LOCK TABLES `Audit` WRITE;
/*!40000 ALTER TABLE `Audit` DISABLE KEYS */;
/*!40000 ALTER TABLE `Audit` ENABLE KEYS */;
UNLOCK TABLES;

--
-- Table structure for table `CIA_Evaluation`
--

DROP TABLE IF EXISTS `CIA_Evaluation`;
/*!40101 SET @saved_cs_client     = @@character_set_client */;
/*!50503 SET character_set_client = utf8mb4 */;
CREATE TABLE `CIA_Evaluation` (
  `id` varchar(36) NOT NULL,
  `C` int(11) NOT NULL,
  `I` int(11) NOT NULL,
  `A` int(11) NOT NULL,
  `notes` varchar(500) DEFAULT NULL,
  PRIMARY KEY (`id`)
) ENGINE=InnoDB DEFAULT CHARSET=utf8mb4 COLLATE=utf8mb4_0900_ai_ci;
/*!40101 SET character_set_client = @saved_cs_client */;

--
-- Dumping data for table `CIA_Evaluation`
--

LOCK TABLES `CIA_Evaluation` WRITE;
/*!40000 ALTER TABLE `CIA_Evaluation` DISABLE KEYS */;
INSERT INTO `CIA_Evaluation` VALUES ('000b068c-251d-4486-a1af-731ee0c59d06',3,3,3,NULL),('001308d2-3580-4137-baab-8cf96a8d277c',2,2,2,NULL),('0043e81f-85c2-46cf-b625-6896251fbc9b',3,3,3,NULL),('00ad4148-1ef2-4d18-99e5-92401220af30',0,0,0,NULL),('0175a39d-79c0-4f66-bf14-1edd9a8b8143',2,2,3,'ghi chú'),('025cbf79-92c4-4192-8591-d0d6b4a6fa67',2,2,2,NULL),('029fea07-7e42-42a3-a726-a3786126f6f1',3,3,3,NULL),('02a557b2-e7dd-4e02-a293-ed8150918b21',2,2,2,NULL),('03e61b60-4405-4aec-b515-49cc0414a686',3,3,3,NULL),('05f6b4d1-25ea-4b0f-857e-d94e44593633',3,3,3,NULL),('0674a3ef-bd09-4fad-ae81-ebef760895dc',3,3,3,NULL),('068d9854-b840-47a0-b856-15661af68973',3,3,3,NULL),('07aaa27f-c8dc-4472-b01f-87b522475b98',3,3,3,NULL),('07e54b5d-b33b-43ad-a02b-6209871b9c8f',3,3,3,NULL),('090cd33e-d885-4634-8329-1d1c07996a1b',2,2,3,''),('0956d820-93d5-4042-8c30-59e9739089c2',2,2,3,NULL),('09b9b592-95d4-4875-8913-dc6147138cf9',2,2,3,NULL),('0a95eeb3-4eb5-40b8-ab1d-df1b21fbb7c3',0,0,0,NULL),('0ab8907b-c53b-430c-bdc2-66c7fcc62ee7',3,3,3,NULL),('0ad8d248-d96d-4dff-a6f8-6acf44208496',1,2,2,NULL),('0afec19e-6d23-45b9-a2e5-29aecaacf93d',3,3,3,NULL),('0b6438ec-e07d-4378-9f50-624bdcbfa25d',3,3,3,NULL),('0eb2bf45-5b1a-4469-969e-5e4a94e2442f',0,0,0,NULL),('0f731bca-9916-485b-ab42-eaa5b9482c72',3,3,3,NULL),('0fcc071b-1355-428b-9955-869ea0c76b8b',0,0,0,NULL),('108ab0d9-adbd-4589-8358-fd92cdd936b7',3,3,3,NULL),('13cb1c77-05c1-48e9-8d5b-9edb93d10166',3,3,3,NULL),('14ecda54-a510-4bc7-91e3-27779fb36aad',3,3,3,'hello abc'),('14fed2b0-bfd6-4937-a06f-292598d23b73',3,3,3,NULL),('153372ae-aee9-467f-ba57-5b508eaa7162',2,2,2,NULL),('1544656e-1e9c-4c18-9a58-460e223c3e91',0,0,0,NULL),('1632f3d6-265f-47e4-868b-5f0955c99780',2,2,3,NULL),('167aec96-6a14-44e0-8c10-fbc3f7538678',2,2,3,'ghi chú'),('185891a7-80ea-4121-8497-e4d2143b0a2c',0,0,0,NULL),('192a30f3-d693-4a05-83c4-087d5b49ca7d',0,0,0,NULL),('196e28cc-8fbf-4e3d-baf3-0c2fdfde8e42',2,2,3,NULL),('1a4ac781-4303-4615-8216-5dd92c59c20e',3,3,3,NULL),('1bacefd3-dc01-4c6f-bfae-73bfe597808b',3,3,3,NULL),('1bf50643-4c66-4376-8419-02a69a07dff4',3,3,3,NULL),('1cd8450d-e461-47e2-b02c-87bae57f2dd9',0,0,0,NULL),('1d7bc33c-6f94-41c9-90c6-da2d4b6e2941',2,2,3,NULL),('1f293766-ebfd-4069-ac19-8385e2c2a7d7',0,0,0,NULL),('1fc3de64-c309-40c6-a4cf-2c9b9ef5bbf5',2,2,3,NULL),('200a2527-ab2b-484f-a72e-90bb6f86436c',3,3,3,NULL),('21e2b6dd-7358-41ae-a4a3-a053107f9825',1,1,2,NULL),('222f8fd0-c320-460e-b8f7-cc4a11eac9bd',3,3,3,NULL),('24ef9a7f-0782-4c1b-b1a3-a0ab006521c6',3,3,3,NULL),('262156a3-beb7-4dfa-b14e-5f9222839311',0,0,0,NULL),('27935049-94db-4bda-946e-44a2141d0555',1,2,1,'ghi chú CIA'),('27e2ac07-1daa-42c5-9b30-eff920b1dd1f',2,2,2,NULL),('285d36f2-c93e-435e-8c74-bf7df329cbba',3,3,3,NULL),('286d1bfd-7094-4593-9d09-02cfa122ce50',0,0,0,NULL),('28777322-6d29-4b1b-843e-71c2d3d7c187',2,2,3,NULL),('289fb327-224c-49bc-9531-654d2ebd9e73',2,2,3,NULL),('295fcb69-9cc0-4861-bcc4-64d17898201f',3,3,3,NULL),('2a503172-ae54-4274-882c-a0fd918fbca6',1,2,3,NULL),('2a9a85da-5fe7-49c5-a931-460d7ac8308f',3,3,3,NULL),('2aadb609-b6db-4e84-94e8-75eb7ed6b8c7',3,3,3,NULL),('2cb045bb-eb35-4694-b50f-491fd55fb415',2,2,2,NULL),('2d2e6901-e40b-4373-a694-80aa4568369b',0,0,0,NULL),('2df0cd61-6c4f-443a-8dc4-990e83c22408',2,2,3,NULL),('2e068e47-1032-47fb-890b-e2214bdfc89e',3,3,3,NULL),('2ed42155-c438-40eb-ba0d-d7801c6ab707',2,2,2,NULL),('2ed5bd25-f14a-41db-a160-ac0402038548',3,3,3,NULL),('302d1c79-a428-4ef2-9fa3-b262c3059726',3,3,3,NULL),('303a77a2-d0a4-430f-abb3-78a953bd0247',3,3,3,NULL),('3144246a-b103-40f8-a4d1-703bb254de3d',2,2,3,NULL),('3162f664-5dce-4c74-96bb-d3e5230cde27',1,2,3,NULL),('31fa8a70-b289-4d1f-bf8f-9ee028bc90a4',2,2,2,'note'),('31fb6a0e-d832-4535-b5ea-86efeb1a9f86',0,0,0,NULL),('32a842a8-02b6-4964-8b8a-244bb20e1e91',2,2,2,NULL),('32b50326-e1d8-4aa7-b0c4-c92d6c4f8146',0,0,0,NULL),('33b6f116-10f4-42e2-ae5b-3487e98334c4',2,2,2,NULL),('36e19042-c20b-4c48-b5b2-531c63587ec4',3,3,3,NULL),('37594cf4-3f5c-41c6-9aa8-6df521a1601b',2,2,2,NULL),('37ece2c1-17d5-4e4f-b777-cd1942394e74',2,2,3,'ghi chú'),('38c5b0fa-cde9-4597-98f1-53fac9398409',2,2,2,NULL),('3926b5ff-7275-42c5-8ce4-d9ba27bfdd96',2,2,2,NULL),('39cf97c3-ba76-4200-829d-cda700985d54',0,0,0,NULL),('39ef629b-f4b2-4842-8030-98f2e233c3da',1,2,1,NULL),('3a998fc5-b20e-41ec-95ca-fe8e76246980',3,3,3,'hello abc'),('3aeea69d-1485-4b27-8aad-f55b0497b348',2,2,3,NULL),('3b810c9c-dfc8-483a-8cb0-c2fcd0931fb4',2,2,2,NULL),('3be1affd-3961-4807-a321-04a26bc105e1',1,2,3,NULL),('3d8f82d4-cd2c-4b31-b065-51daa0ba99d1',2,2,2,NULL),('3f1ae6a4-0d5e-4d26-bf99-f7e735c574f9',2,2,2,NULL),('403c4132-fbe6-441f-b1f8-87f6f028e6f4',0,0,0,NULL),('416bdfc7-224b-4a86-8556-0f45af178f9f',3,3,3,NULL),('41ad3cfe-6768-42d1-9edb-f0ed771eceaa',2,2,3,NULL),('41e9ca00-f231-47ed-ab2d-68f413cf303e',2,3,3,NULL),('43371cbf-7c7d-4988-8f02-37cba21a0db1',2,2,3,NULL),('443f77de-ba82-4b3b-98a9-8e37dd8f0162',3,3,3,NULL),('44ccc5bb-ca31-4744-941d-bd9a94d28af2',3,3,3,NULL),('451cfbbd-0b0c-4625-b987-74c5f5405250',3,3,3,NULL),('45839442-b4be-4a59-9abe-b125e07ba27c',2,2,2,NULL),('4621e266-cfb4-4fb3-8498-5653a5e7634b',0,0,0,NULL),('47d53cca-8801-46a9-ad31-4ec53bf3624f',0,0,0,'ghi chú CIA'),('48a432ef-3221-4cb7-a8b3-fac02ca78e4f',3,3,3,NULL),('4951451c-d2d7-455c-a127-34de650791c2',3,3,3,NULL),('49d97fad-a678-4864-b267-dc790cbd2359',2,2,3,NULL),('4c3082e1-d283-490c-8b40-615b04992209',2,2,2,NULL),('4dcb74ea-cc81-4ab8-9c13-900512b8648b',1,1,2,NULL),('4e9edf26-30ff-43c7-ac9e-85be87f20b2a',0,0,0,NULL),('4ebc2566-fd02-45bb-bf54-419a0033f144',3,3,3,NULL),('4f8557f7-a5cb-4a55-9b4d-9e31ea202677',3,3,3,NULL),('4fcb9145-9117-4612-bade-1079e6035638',3,3,3,'hello abc'),('5010642b-c868-49bc-9d82-e7770f1f7574',3,3,3,NULL),('51ce19be-feef-4aac-8da2-907ddbe50f9c',2,3,2,NULL),('52d9a286-1e09-48f0-900a-922d8cf5781e',2,1,3,NULL),('53f6035a-d3dc-4e56-a7d7-fcd9d568e18a',2,2,2,NULL),('562819fd-f4b9-47af-a437-e0a1f832076a',0,0,0,NULL),('578afdb0-892e-4013-8eaf-c63d53fcf195',3,3,3,NULL),('57ba0b92-7682-43f7-b373-d8f23be7cd45',2,2,3,'ghi chú'),('5859aeb8-1d8d-4254-92ad-c9dc8e5b20f6',3,3,3,NULL),('587cd44a-15ae-4a13-903d-9b3f040e3abb',3,3,3,NULL),('593c0a7a-ba40-4a90-9d2c-f0fa75f1ab4b',0,0,0,NULL),('599c0925-afec-47b0-976d-af9b9d0fa602',3,3,3,NULL),('5a584425-9f8a-4ea4-9cd4-d27f1de848db',3,3,3,NULL),('5ad4f20a-e463-4719-bd37-f284cdf36457',3,3,3,NULL),('5b22a8ac-8f2f-45be-a3b1-4459c935bab7',2,2,2,NULL),('5c2061bf-27a0-4dd4-981e-ef7ab66d8db5',2,2,2,NULL),('5e6cd736-6d12-45b9-940c-b6dc1edd0612',0,0,0,NULL),('5ea5db02-3205-48a3-a29a-445d4f113638',2,2,3,''),('5ec53e83-10c9-4dc8-a9c6-4fb2c8020cce',2,3,3,NULL),('5f010db6-63b1-4469-b456-b15f40bf0210',3,3,3,NULL),('5f613db8-8c12-4f57-909b-92b0d326367b',3,3,3,NULL),('5f980006-3167-4a1d-92cc-583eea08ba92',3,3,3,NULL),('5fcc696b-81a1-4dd5-8e35-62d8a44ef909',1,1,1,''),('5ffe38b6-321e-46d4-ad88-54dc91c8dc14',2,2,2,NULL),('6022d464-c696-4aea-a549-a2eb77628550',3,3,3,'hello abc'),('60c94e90-9244-4e2d-9177-f858f890f37e',0,0,0,NULL),('612f454e-9b06-409c-9638-0cad0e0ecc99',2,2,3,NULL),('63e3fc36-b1ec-4e35-a686-39c8c7d96886',1,2,2,''),('64661cfa-dfad-472c-9685-4b9167db3cd3',2,1,3,NULL),('64b4878d-bbe9-4f0b-b4df-1398a2187050',1,1,1,NULL),('64fa643f-fbd7-44dd-a773-c359a6bd675e',2,3,3,NULL),('64fad2fa-6e74-4a50-8ab9-e03b3fca30ac',0,0,0,NULL),('652478e4-eee0-4820-bc53-fd0091b872b0',3,3,3,NULL),('665090fd-1cd7-4910-8f24-f85bfe235c18',0,0,0,NULL),('679e2991-cc08-4ee2-8d3a-d2fb89c2818a',3,3,3,NULL),('68a75383-cd21-4ddc-bca2-db3285af2a67',0,0,0,NULL),('6938758f-b2bc-4c3d-b1e6-7d39e39fdb75',3,3,3,NULL),('69a2ebce-ecbf-4734-820d-4074e7d6218a',1,1,1,NULL),('69b9bf4a-9931-41ce-acde-8bb211063a67',2,2,3,'ghi chú'),('6a9d398d-1015-4e1a-94be-57bce5876b9c',2,2,3,'ghi chú'),('6c3c0fda-3f1d-425c-bd8f-e7a7844198a1',2,2,3,NULL),('6f5875c1-2b3b-492c-962f-957a5969a31b',2,2,3,'ghi chú'),('703214d5-d9ff-40ae-887d-e7025112a7c4',2,2,3,NULL),('70d0f5a8-2315-44c6-9131-e0f992cea8ae',2,2,3,'ghi chú'),('70ef18df-9d2c-4bf5-8a1b-671c82f9817b',0,0,0,NULL),('7157ca77-a9a1-4d33-8ddf-5f499337a84d',3,3,3,NULL),('724ed05e-ddbf-4d92-9ebb-924503282929',3,2,3,'note'),('736a169e-6d62-4400-8daf-998803199e60',0,0,0,NULL),('73ccec11-a935-446e-ba2b-d558b765c606',3,3,3,NULL),('74a10c8a-d960-4f54-b0b5-d192da886cb9',3,3,3,NULL),('752e16e0-5ec2-4faa-a36b-82d94d618d0b',0,0,0,'ghi chú CIA 11'),('7555ede3-fce2-4f60-8a59-b22d1387b1ea',3,3,3,NULL),('77990489-f31e-438c-b860-2b5e520088c3',3,3,3,NULL),('78323339-2af1-40af-b5bc-7edcbbb667ac',3,3,3,NULL),('785caf14-e87e-422f-bf9c-883bf558429d',1,2,2,NULL),('7999c838-36f7-4ec2-b7a1-3f507db21d73',3,3,3,NULL),('79b832c5-56bf-4885-bb49-12cb2f4555b8',3,3,3,NULL),('7a52a9e6-535c-40d9-b358-fa0c85978ad4',2,2,3,'ghi chú'),('7b87bd94-58c2-4211-9594-f7dbe5e137d0',0,0,0,NULL),('7ba91f93-44c8-4a6e-b50b-0046f52e622f',2,2,3,'ghi chú'),('7cd0f436-0597-493e-91c5-fd5af27f5d18',3,3,3,NULL),('7e030ae9-9862-47e0-879b-8175c6d952bd',3,3,3,NULL),('7e16977e-ef62-432b-83a1-0d2f67b051b8',3,3,3,NULL),('7ec1fa31-672c-4da0-a060-a463a3e14fb6',2,2,2,NULL),('812ac35d-d91c-44ba-8d31-fa471bbe57f0',2,2,2,NULL),('8192bacb-600b-4e43-9ce9-b41e424bfd53',3,3,3,NULL),('8261bee8-7287-4e72-acf3-4c360910a042',0,0,0,NULL),('843389bb-e983-4755-ba0c-1800957c76e0',1,2,2,NULL),('85619ebb-fdca-450a-b889-efea82a7fe0f',1,1,1,NULL),('859a890b-5e7a-4456-be52-1c37cd279974',2,2,2,NULL),('85d41269-4e23-4b8d-910e-c9ab226cb87c',3,3,3,NULL),('8752dfdc-b70a-42c0-9a35-61273586349e',3,3,3,NULL),('8bc15b7b-02ad-4fe4-9ac3-5661aa85dccf',2,2,3,'ghi chú'),('8ce5d4eb-3bda-4659-8850-3c885b2bd4dd',2,2,3,NULL),('8d48c79f-f3ff-4fbb-8559-958f77b1ffcf',1,1,1,''),('8f56ccf7-72a8-4642-9a30-e5c069a6be60',3,3,3,NULL),('8fa082ae-6f3e-4aa8-9694-bd3ab8474112',0,0,0,NULL),('90a3a5be-f8e7-47bd-bfc2-7bd44fd9d37d',3,3,3,NULL),('92dd266f-365f-4ab6-91f1-e0ada2497498',2,2,3,NULL),('92e862b4-1167-4f6c-b7ab-1880f521f20e',3,3,3,NULL),('93acfd7e-b1ab-49a0-ab34-34f274b71a25',3,3,3,NULL),('940a1b44-1326-4d67-b0b6-d338229db9c0',1,1,1,NULL),('95784f78-ebfc-4b0c-9cf5-74a8a03d3eb6',3,3,3,NULL),('9665a431-ff67-48ba-a303-c3c6353760af',0,0,0,NULL),('96a14667-6bd9-4196-8b92-5eff920a00f2',2,2,2,NULL),('972c155d-516f-4ac6-a27e-397f7683d682',3,3,3,NULL),('97868933-f612-416f-8a4e-5b87843d8138',1,1,1,NULL),('97b26c99-134c-433e-b213-fa339e0fc866',2,2,3,'notes'),('9863e61d-849a-40f1-95df-4515da7a02af',2,2,3,NULL),('986cd9a0-11f5-4ba7-99d5-8f07202115b7',2,2,3,NULL),('9880b0f8-06d1-462b-958c-af6c8e8ee6c6',2,2,2,NULL),('99aa0930-a310-45f2-8e0b-76b222cb5133',1,2,3,NULL),('9a81af5e-c0f2-471a-ab37-343b257028dd',0,0,0,NULL),('9b5f1afd-3a57-4fb1-afe6-6d3609d0c4ca',3,2,3,NULL),('9cc841f7-53ce-47c2-bf9f-f7efd18f392c',2,2,2,NULL),('9d007f12-a7fc-47ca-a3af-ffda94da5dd3',3,3,3,NULL),('9d19ca24-aa58-4916-93a4-7c29d86bf680',0,0,0,NULL),('9da59a5d-8f3f-4c53-a8ad-4f88e8d20b59',0,0,0,NULL),('9e484ed8-786e-4a6c-834c-04d2aa94d641',0,0,0,NULL),('9e99c811-8ca2-4596-b0ed-df9552b6767e',0,0,0,NULL),('9f253001-f48e-477e-8b28-8ebdb17562d9',0,0,0,NULL),('a10d15d8-cc6b-49b6-8eda-94a88f4d66cd',0,0,0,''),('a1f2ab4c-5e62-44cb-9dfa-c9d41557f015',0,0,0,NULL),('a5866964-85dc-4ce6-b94c-f62078a738d6',2,2,3,NULL),('a6b2048f-0e2e-411e-a321-75d8269f0539',3,3,3,NULL),('a7e1c190-21e9-48fa-b55d-bfe43b7d41fa',2,2,3,NULL),('a8aefabd-f73e-4c21-9181-3dacd59d1a4a',1,2,3,''),('a99922ff-1994-4463-9fa6-501b881f2c0f',1,2,2,NULL),('a9b30dd1-de9e-4099-b51f-7526dc845c80',2,3,2,''),('aa7ac207-9b88-4599-bf6d-5d8df36b644c',1,1,1,NULL),('aad10fdc-a6f4-4b35-b295-739f76680dbb',3,3,3,NULL),('ab3739a5-98ef-4288-81db-7c7cbdaafbb7',0,0,0,NULL),('ac715d87-6f37-497b-8534-adbbf40b385e',3,3,3,NULL),('ac77fe9b-cfeb-4d36-9d21-3c632e77e173',0,0,0,NULL),('ae07454b-9d23-43b0-b1bd-e6be4faa9553',2,2,3,NULL),('af2a5dcc-3afb-4074-969d-36698c5bad67',0,0,0,NULL),('af94e9ea-4483-4e82-9866-3b4a752f24c0',0,0,0,NULL),('afdbef85-c64d-4ad6-ba13-0c4189a8bcd4',3,3,3,'UPDATE'),('b03543e2-8448-4933-bc99-2a3334d330e2',2,2,2,NULL),('b067a168-7d05-49ca-a692-5d7691908a3a',3,3,3,NULL),('b145f540-439d-4df8-b3ae-f4a95ed38f34',3,3,3,NULL),('b3116650-1495-4413-941c-f70528fcbf1c',1,1,1,NULL),('b44e1f94-f6a2-4b0a-9815-57e69ddf5353',1,1,2,'ghi chú CIA'),('b508d3e7-8f17-49e1-8cad-01716d2d98bf',3,3,3,'ghi chú'),('b52586fd-81d7-41c0-8b2c-8ad6fd76a046',2,2,3,'ghi chú'),('b5853a7c-60f5-473e-8433-dde1c77553ef',2,1,3,NULL),('b75ee54f-c9d6-4778-bf1f-b20e5c22a990',1,1,1,NULL),('ba7e708d-856d-4e2d-8768-c53a2ee444f5',2,2,2,NULL),('ba8cff8e-ec1c-4bf6-ae15-67df4dd2affb',3,3,3,NULL),('bbd5ab14-7346-446b-8421-87340577321c',3,3,3,NULL),('bc92d280-84fc-4e2f-a2e7-72f1c2a29269',2,2,3,NULL),('bcc76f5c-e88e-49c3-8301-40fc25badb0f',2,2,3,'ghi chú'),('bccf6246-b9bc-45d9-857b-2bb0eca83be7',3,2,2,NULL),('bd43642c-092a-4d6b-9e42-b74b4de2c878',2,2,3,NULL),('bf452f32-361e-453c-9c90-1452e2e4abe2',3,3,3,NULL),('c0d48186-dc33-41c9-807f-c93ead3ee3a0',3,3,3,NULL),('c3b6d2cc-18c9-42ce-bef5-1590171cca8d',3,3,3,NULL),('c3fd7429-490a-4f5a-9af4-afa5b98a3c0b',2,2,3,'ghi chú'),('c56eb9d6-32c4-49b1-b553-fb4a11b8fbbc',2,2,3,NULL),('c5c61ffc-0f24-4117-b4eb-68a338e81dff',2,2,2,NULL),('c64d20a9-4fc0-4bfe-a7a1-ad8577b57f85',1,2,2,''),('c7009c7d-1a77-4d79-ad7c-81862056ccc7',0,0,0,NULL),('c902cb90-47f9-403f-b80b-a7f1ee1a1777',2,2,2,NULL),('ca01c54d-95b3-4791-b32b-b241dddb6323',2,3,3,NULL),('cc0dc0bf-87f7-49b9-bbc5-4b7b296b602e',2,1,3,NULL),('cd0fe472-eab5-4283-83dd-7fa0484f41ec',0,0,0,NULL),('cd175322-abfe-4a85-8bf8-b440885dda49',3,3,3,NULL),('cde8ca64-bb08-4308-aeff-d5b0b2e10105',3,3,3,NULL),('cfab972f-cabc-4e3a-a6ae-a96c674d07d4',2,2,3,NULL),('d2a62844-abd6-4dc6-86c8-15c029cead99',3,3,3,NULL),('d2ab8c9c-a828-43ba-88d8-adfd14f248f3',2,1,1,NULL),('d3f59e41-895f-429b-8a69-b7e2bb63dba8',2,2,3,'ghi chú'),('d426ea89-b511-41b5-8ca8-92a281617898',2,2,3,NULL),('d5529d64-fec2-4d9b-93a2-9b630a38b82c',2,2,3,NULL),('d61eb8ca-ce44-490e-bd1c-40ecbbddfa44',2,2,2,NULL),('d631e9e4-b849-4dd7-8ed4-af2cea199666',2,3,3,NULL),('d67720a2-6cc8-49e7-83a4-529753c250b7',2,2,3,NULL),('d6fa98a1-b578-4c8c-b035-45b94f6b34b5',1,1,3,NULL),('d95dc0b9-0c44-499d-9716-1b772a80148a',2,2,3,NULL),('da4942e9-f844-4a36-a0b8-eb4ed59d3e7c',2,2,2,NULL),('dac3a7c5-82f4-460e-8547-6c2daafc19b0',1,2,3,NULL),('daff693b-3fce-4699-a5a2-9e8e80dddb45',1,1,2,NULL),('db416473-e71e-4020-819b-4d716a903697',2,2,2,NULL),('db5c5f45-949d-426a-b372-1efffe5e9fbc',2,2,2,NULL),('dbe7edac-5706-4dce-82e3-467f22d0d0eb',3,3,3,NULL),('dc41682b-fe60-452a-b37b-8a35cf265454',1,2,3,NULL),('dd066ca2-9dc1-45e3-b710-c183ffc57638',3,3,3,NULL),('dd6dc52f-002a-42db-9fcd-49672fff673c',3,3,3,NULL),('df2d7cc8-b061-49f7-bebd-d28dc7248ca3',1,1,1,NULL),('e0532277-73a5-4be1-9758-5403e0c6c83f',2,2,2,NULL),('e0c963ea-404a-4249-a0ab-03f36decb21e',2,2,2,NULL),('e0f7df8b-9519-4b0b-a129-12d4fbb7cb03',2,2,2,'note'),('e1b4d391-ae7e-4b91-bda3-54aa963883a2',2,2,3,NULL),('e2ed33bf-741e-4187-8a91-0542301e3f75',3,3,3,NULL),('e30fdba2-63f3-4b66-ba33-12e918789042',2,2,2,NULL),('e3e8eb87-e524-4d74-8c1e-fd4ce21d50d4',3,3,3,NULL),('e4717bb8-024a-442d-9acb-4bf2f87473a8',3,3,3,NULL),('e4d30fd5-f4f6-4acd-920d-4f41a4497595',2,2,2,'ghi chú'),('e4eb3e70-31b7-4def-bb36-88ae39220e91',3,3,3,NULL),('e6954dba-143f-40f4-a173-286045b1d71a',3,3,3,NULL),('e6fbe8c0-7491-4a4c-b665-60a54cc56c88',3,3,3,NULL),('e8ccd980-998b-4fae-9e14-6919d44f4743',3,3,3,NULL),('e8ec025b-b491-4cf2-82f3-772d42d6cf3a',1,2,3,NULL),('e9827a94-60a2-401d-9230-eb2a9b120df6',2,2,2,NULL),('e9b86fa1-ee99-4393-b9d3-cffb53932346',1,1,1,NULL),('e9d2290e-2afc-4ca6-98c2-63b5a479a82f',3,3,3,NULL),('ea1acd4a-bffd-48f1-a7c1-233c8d6047bf',3,2,3,NULL),('eab37bc7-03d0-4942-a0af-455177ade583',0,0,0,''),('eb3ee9cf-d74d-4180-b703-594a2c153fc4',2,2,3,''),('eb6c6d5b-1491-4670-922c-af27c0a3c990',3,3,3,NULL),('ec3dffce-fb13-47ed-ae51-e22aa84d2fef',2,2,2,NULL),('ec749e86-3bd6-4bdc-980d-3b5993eab530',3,3,3,NULL),('ee66ceb4-db70-494d-a17b-29fdd9a4bd93',2,2,2,NULL),('ef8ab82d-4c67-408e-913b-ecc03a02b15e',2,2,2,NULL),('f0852c42-8824-4dde-ac45-f153db13b21c',3,3,3,NULL),('f0b3c35a-ec3d-4bfb-9f8a-8715bb399d79',3,3,3,NULL),('f1c7dfba-7bd8-4a62-b84d-3f80423a86d9',3,3,3,NULL),('f3d98291-9dd4-498f-a2ba-cdb87dcff8e8',2,2,3,NULL),('f402590e-f987-4109-8930-84786d05268c',2,2,3,NULL),('f4c060d1-9303-4999-a4ef-e6d73653a525',1,2,3,NULL),('f51b6c84-2254-4fc6-b0a5-ca9665b66be2',1,1,1,NULL),('f5c06ea7-a3fa-4291-b018-e73e6cf8f237',1,1,1,NULL),('f6b73f7d-4901-47c0-83bd-518dca076a33',2,2,2,NULL),('f7622beb-90f2-4164-8141-e5745fac9329',3,3,3,NULL),('f88356c3-2703-42c5-ad4d-805d96ec3134',3,3,3,'note'),('f9f9f5b4-10fb-40d2-a56f-40131a05d951',1,2,3,NULL),('fa1987a5-c7bf-4d5d-97f0-bcf2e3e67cba',2,2,3,NULL),('fa79545a-2115-496d-8ee0-c72bfa71d9b1',3,3,3,NULL),('fb174ae2-1fac-4d30-944c-4453a943e8ac',2,2,3,NULL),('fbb8243b-62e6-4728-b33e-660409678e16',2,2,3,'ghi chú'),('fc443af8-a268-4f0a-bf0c-3f61d21ddada',3,3,3,NULL),('fccbaff8-fc65-46ad-be53-81592039b2d9',3,3,3,NULL),('fd2ba0fb-75fb-4439-ae80-386fbb0ec730',0,0,0,NULL),('fdc8912c-a360-4c49-99ce-265d7b2acde9',2,3,2,'note'),('fe254a48-5bd3-463f-8706-0c5c10e9c563',1,2,3,''),('fe7cc68a-7179-44ba-8ab5-a62b5472f424',3,3,3,NULL),('feb22ba0-5daf-4433-a962-00d985bb7cd1',3,3,3,NULL),('ff4b2bf0-c13c-4f12-8dbc-c601c5c97d9b',2,3,3,NULL);
/*!40000 ALTER TABLE `CIA_Evaluation` ENABLE KEYS */;
UNLOCK TABLES;

--
-- Table structure for table `Confirmation_Token`
--

DROP TABLE IF EXISTS `Confirmation_Token`;
/*!40101 SET @saved_cs_client     = @@character_set_client */;
/*!50503 SET character_set_client = utf8mb4 */;
CREATE TABLE `Confirmation_Token` (
  `id` varchar(45) NOT NULL,
  `assignee` varchar(45) NOT NULL,
  `is_confirmed` tinyint(1) NOT NULL,
  PRIMARY KEY (`id`)
) ENGINE=InnoDB DEFAULT CHARSET=utf8mb4 COLLATE=utf8mb4_0900_ai_ci;
/*!40101 SET character_set_client = @saved_cs_client */;

--
-- Dumping data for table `Confirmation_Token`
--

LOCK TABLES `Confirmation_Token` WRITE;
/*!40000 ALTER TABLE `Confirmation_Token` DISABLE KEYS */;
INSERT INTO `Confirmation_Token` VALUES ('0056d8fb-fca4-4186-ac09-fd11f2cae7a2','ldhai',1),('01205521-d740-49a2-949c-6938fc376f05','tnduc',1),('02222546-8390-4d96-8612-760d9b75077b','lhhanh',0),('023c13df-4519-4f3f-9655-1a42097b7ec6','ntly',0),('0686b027-279e-46ba-90df-3e96feb964fe','ntly',0),('06cc2c82-0fe1-45a5-a94e-e6f47e240e2e','ldhai',0),('0814da3d-31bf-49ff-84c9-66d43ba47032','nttdung1',1),('087f5cb8-e2f0-4324-a2ee-abd9ccf04411','ntly',1),('0882b56b-7840-4769-beb1-3f4705db7239','nthung',0),('0a226c2f-aae5-4539-b9b5-ce69ab73b188','ntly',1),('0aac47d6-5207-4020-9cf7-0c8c91c90395','ntly',1),('0af0094e-9565-46cb-a33e-9cdad0753b83','ldhai',1),('0badc0be-8099-494b-94db-e8feb5408ae5','nthung',0),('0cf96c6b-19d1-433a-ae9d-2de70f3705c9','ndvan',0),('0d97eecc-86f8-42c7-923f-14151d5a7471','nthung',0),('0ee88542-cf78-405f-a24c-8818e9986f55','ndvan',1),('0f4f2dc0-9184-430d-ac90-7f15567fff65','ndvan',1),('0ffb7768-dd47-4eed-b550-7959eb4c0ae0','ndvan',0),('1005254f-4f59-4a8f-90f8-7b0ffd63bd01','ldhai',0),('10c227b7-6780-4450-b23e-a274728ca93d','nttdung1',0),('14c29d0f-4f5a-4c5b-bf50-007d0638411c','nttdung1',1),('1694052a-9e4e-473f-9351-1fd725bcdc1a','tqvinh',1),('187952d7-fa82-43c9-b989-d849695abc39','tqvinh',0),('19bf3c9e-f119-4217-b77d-fa90d4597073','mhduong',0),('19e41c46-8ad7-4159-befd-1af5c1e5b5c8','tqvinh',1),('1ba566bb-1ddb-47a5-9e38-abd74cb57101','dnthien',0),('1bbd505b-86ba-48ee-a3b1-eff5dace4ca3','nthung',0),('1f1ee645-9c90-49fc-9afd-0e32e4a23339','ntly',0),('2176ffb4-e279-4079-af33-507c90e23a40','ldhai',1),('21bfbbb4-48b7-406c-87ed-164c2ef24553','nthung',0),('21c367e0-45b0-46d7-b6fe-924e0c1bb105','ntly',0),('22453dd3-accc-4116-9714-f7845e7369ef','ldhai',0),('235e72a0-31ce-47af-84c9-42f6c11073fe','nthung',0),('249e5428-da0b-44eb-ad51-7ae972b1a84a','ldhai',0),('270d74fb-e0dd-446e-935e-5b03c440a331','ndvan',1),('27bada97-3c8a-46fa-9dc6-b76f5771facb','ldhai',0),('285702c5-0066-4d1a-af66-cbd909f42b9c','ntly',1),('29ab027c-ac59-4716-b1c5-4b97d5840f95','nthung',0),('29df6088-259d-431e-bca2-3f8ac1e9904b','nttdung1',1),('2ae4c967-715c-494f-bd26-070f1974c3dc','ntly',1),('2b9e1115-6d84-4831-92ca-42f358cd9de8','nttdung1',0),('2d3322bb-9ec5-44a2-8f91-a6d929acd902','ldhai',0),('2e07a800-ef88-4ea6-85fb-bb02a4a9054a','nttdung1',1),('2f588fb1-8920-4179-be3b-ea5c53656332','nttdung1',1),('30c41535-2a06-4a60-a67e-74f6421cc575','ndvan',1),('31eee2d1-10ab-47dd-bc3e-96de98a2a351','nthung',0),('351e345c-fc90-4fb6-a62d-80b46a1aac9c','ldhai',0),('37a8be09-ace3-4538-ae9b-6651e974a30d','ldhai',0),('383ebc07-d764-41eb-82f2-98a2fe558136','ldhai',0),('39c3abdf-e9b2-46fa-8b8c-9cf4df2a0e9f','ndvan',0),('3b350eac-6895-4d84-a68d-0a46dacf5303','ntly',0),('3c3a2c5d-c266-4773-a691-255b54e1e46b','nthung',1),('3d1e1cef-cf0a-4c47-95b0-e8b95bf3188e','ldhai',0),('411d6f87-3043-4957-bfe3-3ea9c61f1c89','nthung',0),('443f64a1-c19d-4846-8a02-d4b28f893f3d','ntly',1),('4493e641-98f2-4ca5-940e-be3f2aca071a','ndvan',0),('45a8d6ec-e37f-4342-be62-74ecad69beca','ntly',1),('461b3683-a158-4916-a5e0-2c28c3268bb7','ntly',1),('4841b3e0-d9a9-4b75-8a6e-4568113de351','nthung',0),('49add97d-8faf-4754-b61b-2447e9548680','ntly',0),('4b7e3c0a-f0b6-4171-93a3-57f3f4da2303','ntly',0),('4c5e3e11-bd60-4e06-a560-ecb5f00ebf78','ntly',0),('4d98dca7-ab54-4e82-8109-6a1d093ca2f7','ndvan',0),('4ea67ebf-d1ea-4aac-b74e-7bc4dfd923e5','ntly',0),('4ef374ea-3cff-47e9-8334-af38d0d0c7db','nthung',0),('50abe971-8fa3-4ede-a4d3-1994bfcf11ec','ldhai',0),('5243be05-1ce2-4099-84b9-afdc24d6a036','nthung',0),('53e26739-af96-4bd4-96df-f97389d2636b','nttdung1',1),('5426bbde-15ab-4b0c-8d21-449bd88c58a5','nthung',0),('56191e8d-2e36-45cd-b453-b689c7be019b','nttdung1',1),('5f18bca7-98d8-436e-9fa7-4641e3f6ffdf','ntly',0),('606a6bab-7986-4363-9b83-b54a5134bf70','nttdung1',0),('616c9274-b254-45d6-a2c1-ac308fd16698','nttdung1',1),('63a7e0d7-fd41-4247-b324-6f7a48adf76d','mhduong',1),('63d156cd-56de-4e04-b193-3306ccef7bd2','nttdung1',1),('64a5b737-9a5d-4fc2-99a4-302e06184ec1','nttdung1',1),('66017540-a05b-4a02-adb1-ca20ec996cbb','nthung',0),('6b110044-5a5f-483a-a1d6-1dfd3984fd97','mhduong',0),('6dec17b8-f9a5-4792-8188-2bb0f81c6067','ndvan',1),('6e8464d5-af15-42c5-a34f-130a9b9106cc','nthung',0),('73a7f001-01b4-4bf8-a7fc-0726428c2e7c','nthung',0),('73aad548-081c-4f23-8726-eba20ab99bfb','ntly',0),('753c4452-36ff-483a-ab27-cead8f6839f3','ldhai',0),('7725615a-c546-4a51-a7b4-aa0b2bfc0c0f','ntly',0),('7c81d261-14b2-4037-9bf8-ac43b95c5e4d','lthung',0),('7d67d875-99d9-4dbb-b0a3-fbe347d119ab','ntly',0),('7d94ad81-8350-4fa8-91db-7f488addbfcb','ntly',1),('82af5fa1-867d-4e32-a752-ab09a5db7d3d','ndvan',1),('83d1de3d-989e-4b54-944d-ef0d30f498db','nttdung1',1),('846299e9-6d07-41b3-9462-4f624d8cf1b1','nthung',0),('8589f52b-38f0-4d60-8fda-5830db359887','nthung',1),('86d2ec8a-016d-465c-976c-f61d32e7b65a','nttdung1',1),('8b181a1d-788e-49db-a8a4-e0b5968307b0','ntly',0),('8b58f7bf-9ffc-4e81-bfc5-546ebc0b306d','ntly',1),('8d6898c9-ffa5-4f7c-8a2d-8fb075ad9cc7','nthung',0),('8f0dea0f-711c-4778-933c-d4e5732d690f','ntly',1),('902af6af-15aa-4dc4-962d-adefc67684f1','ttqminh',0),('91143fc3-f7d2-4b76-81bc-6f1662cf7c92','nthung',0),('92651cc5-7141-4e15-8022-c55f1860e2ab','ldhai',0),('94a8f7c0-06eb-4d9a-9ff1-4230ceb4176f','nttdung1',0),('96181cef-8997-4c1b-80a1-1b3c173ff541','ldhai',0),('99481df8-be3c-457a-99ff-b4e735ad24e5','ndvan',0),('9d095e97-e34f-4527-b8af-552bfc5abacb','nttdung1',0),('9f1049a7-187c-4458-a398-b138d4e3c2ce','nthung',1),('a1511b18-4f72-491a-a388-a50b85683e5d','ntly',1),('a4a12998-6892-44b0-b1be-30020e79229d','nttdung1',1),('a546497f-d8cf-4757-b703-ed80cacc7e47','lthung',0),('a5e191d8-f927-4a4f-b4c2-79b5fec8f812','ntly',1),('a6a6f299-f19b-4aea-a772-811b4d963567','ntly',1),('a97a959e-5c1f-4b6e-8f50-bec7faa853ca','ntly',0),('ab0446a6-c0c8-494f-abd8-f171ba6ecae5','vkdung',0),('ad2896e9-02e7-4cfc-a834-268db2f7e79a','ntly',1),('ae153a80-76b1-496f-8283-bea5e1243d6f','nthung',1),('b21a7688-6291-4efc-976a-bc3dae96e75a','nthung',0),('b52b082a-4bf2-46dc-8370-5930e5a67ed8','nthung',0),('b6afebab-0865-47cd-bce5-25f8ed6720a3','ndvan',1),('b8f758e6-9079-48c6-91f5-1c776e6ba687','nttdung1',1),('b93b719a-a448-4ec3-97da-3e59682c48cf','nthung',0),('be409b90-f64d-4cbb-8777-0c8142564b1e','nthung',0),('be4f6939-a14b-4a02-afdf-11502b5c6a15','nttdung1',0),('bef30a0c-6ae4-4fb8-a061-20ffed309a23','mhduong',0),('c18bbe7c-caf4-43e2-9344-73a483538e23','nthung',0),('c51006ee-faff-4a23-b7ed-4b49cd6fc8a4','ntly',0),('c624d434-660e-4f87-bc26-08c68cb289bf','ntly',0),('c6ecd503-11d9-49f9-b2a0-972edd95f1d5','nttdung1',1),('c730fa92-4e6b-488a-af2f-ac81c7c4e60c','ntly',1),('ca0b7c48-95fd-475b-bb33-8dda2488cf45','ntly',0),('cad95f55-084c-4cfc-a225-d83060711c99','ntly',0),('cb8105c2-367b-48af-969f-e53c1eb91182','ldhai',1),('cd2c39c2-93a6-4d83-bbf2-cb7986b20e28','ntly',0),('cda49144-c745-4301-80aa-cae5fce1c72d','ntly',1),('ce0b7ec7-e4ab-473c-ba45-773d2637c671','ndvan',0),('d0a4f64e-59f4-4f1e-b0a7-d566bf71fd12','nthung',0),('d0c46a49-ba91-4be2-8f30-2553987b1028','ldhai',0),('d4725912-29c9-4c83-a812-c6c3fd26e5da','nthung',0),('d5ec01b2-0855-4ac0-a1ea-88b7b0da5c62','ttqminh',0),('d81eb3b6-2125-4dba-95cb-f3131ee265aa','ntly',1),('df3dcf5c-14f3-4f6b-b2cf-b8de4d60bb53','nthung',1),('e0220fe8-ed85-4d23-8262-33929ac4fa76','ntly',0),('e04c3171-2fae-4fd7-a277-0905c3a362ea','ndvan',1),('e281f097-33a4-4e06-9dbb-c6c1107c4298','ldhai',0),('e2b8f2ce-7be2-4e45-8470-4465ff0c3ce2','mhduong',1),('e332f675-37b6-4d13-9d2f-fffcf1e5171c','ntly',0),('e33315ef-84ac-40b2-8401-56a979b81c7b','ntly',0),('e595bd85-ede0-4148-b2d3-3fc7546bd015','btxthu',0),('e7bc407a-174a-4040-9df6-a07476a3592b','nthung',0),('e91fd4a4-af3c-4362-b351-205d7776023d','nttdung1',1),('e94c49c0-f240-4316-b164-a2f9f7a05735','ldhai',0),('eb599ca3-4adf-41ff-a949-68c3e794a65d','ntly',0),('ecc77766-454a-48c8-8dc2-92279cda3858','mhduong',0),('edff0655-443f-44ae-94d4-4d26cf5bad7c','nthung',0),('ee785f04-34f9-4133-80dc-52442d3b3e31','ntly',1),('f2938c71-6ed0-4dad-81d1-13b0c7bba302','mhduong',0),('f3bb941c-8b1f-4bf1-bf62-a2ac7a6a0db9','admin',0),('f45f4c50-6b6c-4aeb-b589-dec7ff187224','mhduong',0),('f6c3c976-9fa0-4668-b2aa-ff8b84d208c7','ndvan',1),('f6d7df6d-d80a-46a7-8dec-d5d73a09e1ae','ldhai',0),('fa198ff9-5023-4683-980a-8bc180afbf47','nthung',0),('fa420b7e-3755-4d57-9517-8462841f38bf','nthung',0),('fb9cad0a-d28e-4a0e-9f48-ad7a362f71fa','ndvan',1),('fcecd1a9-2da2-4838-9e83-e888aac28be4','ndvan',0),('fd916ad6-64d9-44f9-b8f1-b7fecc71d44c','mhduong',1);
/*!40000 ALTER TABLE `Confirmation_Token` ENABLE KEYS */;
UNLOCK TABLES;

--
-- Table structure for table `Delegate`
--

DROP TABLE IF EXISTS `Delegate`;
/*!40101 SET @saved_cs_client     = @@character_set_client */;
/*!50503 SET character_set_client = utf8mb4 */;
CREATE TABLE `Delegate` (
  `id` varchar(36) NOT NULL,
  `from_user` varchar(45) NOT NULL,
  `delegated_user` varchar(45) NOT NULL,
  `from_date` timestamp NOT NULL,
  `to_date` timestamp NOT NULL,
  `created_date` timestamp NULL DEFAULT NULL,
  `created_user` varchar(45) DEFAULT NULL,
  `updated_date` timestamp NULL DEFAULT NULL,
  `updated_user` varchar(45) DEFAULT NULL,
  PRIMARY KEY (`id`)
) ENGINE=InnoDB DEFAULT CHARSET=utf8mb4 COLLATE=utf8mb4_0900_ai_ci;
/*!40101 SET character_set_client = @saved_cs_client */;

--
-- Dumping data for table `Delegate`
--

LOCK TABLES `Delegate` WRITE;
/*!40000 ALTER TABLE `Delegate` DISABLE KEYS */;
INSERT INTO `Delegate` VALUES ('21ef1b28-7e64-4d1a-a541-6d770ee95961','mhduong','hvphuong','2020-02-18 12:16:17','2020-02-29 12:16:19','2020-02-04 19:16:22','mhduong','2020-02-04 19:16:22','mhduong'),('22cdde1a-64e0-4582-abb6-006a358ea2b0','dnbao','tqvinh','2019-12-17 05:00:00','2020-02-17 05:00:00',NULL,NULL,NULL,NULL),('23b9ce0f-cc7a-45fb-afc5-709d4e687b94','mhduong','tqvinh','2020-01-31 09:00:32','2020-01-31 09:00:32','2020-01-31 16:00:45','mhduong','2020-01-31 16:00:45','mhduong'),('2b3b7ee3-d9aa-43a6-a540-45d8e3e67a4f','mhduong','ldhai','2020-02-11 08:18:17','2020-02-27 08:18:19','2020-02-11 15:18:20','mhduong','2020-02-11 15:18:20','mhduong'),('734213a8-7e1d-4c90-bbe4-df5d535682ff','mhduong','ndvan','2020-02-20 02:44:56','2020-03-26 11:02:51','2020-02-04 19:16:37','mhduong','2020-02-06 19:03:10','mhduong'),('d1b6b7df-e3fb-4546-b223-61dd11a32e9f','mhduong','nthung','2020-02-05 09:26:27','2020-02-20 09:26:29','2020-02-04 16:26:31','mhduong','2020-02-04 16:26:31','mhduong'),('d8dc0c22-28a4-4792-a6e3-f4a90f62ecca','nthung','ldhai','2020-02-11 07:34:31','2020-02-19 07:34:33','2020-02-11 14:34:37','mhduong','2020-02-11 14:34:37','mhduong');
/*!40000 ALTER TABLE `Delegate` ENABLE KEYS */;
UNLOCK TABLES;

--
-- Table structure for table `Department`
--

DROP TABLE IF EXISTS `Department`;
/*!40101 SET @saved_cs_client     = @@character_set_client */;
/*!50503 SET character_set_client = utf8mb4 */;
CREATE TABLE `Department` (
  `id` varchar(36) NOT NULL,
  `dept_name` varchar(45) NOT NULL,
  `parent_dept_name` varchar(45) DEFAULT NULL,
  `manager` varchar(45) DEFAULT NULL,
  PRIMARY KEY (`id`)
) ENGINE=InnoDB DEFAULT CHARSET=utf8mb4 COLLATE=utf8mb4_0900_ai_ci;
/*!40101 SET character_set_client = @saved_cs_client */;

--
-- Dumping data for table `Department`
--

LOCK TABLES `Department` WRITE;
/*!40000 ALTER TABLE `Department` DISABLE KEYS */;
INSERT INTO `Department` VALUES ('003a7695-ba37-4e0f-a8b9-7c93d4f41c4a','ACCOUNTING','SSC','htthoa'),('028fb436-ce8e-4946-b54c-ae712db50723','DU10','G2','ntdoanh'),('02a4d9f9-f88c-441a-b4cb-03d530c744c0','HR','SSC','ntnhan'),('034b349e-beec-4b6b-b165-646b81ba5f92','DU5','G1','hkdung'),('0bd0f6be-d98f-4ba2-a5fa-d0c5b1cc967f','BU3','G3','ttsen'),('17cb9a9c-1fc3-45bc-9a70-551bffd7dbd1','DU7','G2','nntuy'),('19b6ab21-d92f-4a15-8929-1f029e63a332','G1',NULL,'dnbao'),('2a15e3f6-fe56-47ed-b224-ce3a56f25e79','BOM',NULL,'nqsu'),('2cb8f2d9-49e8-4bfc-9323-1603784f5468','SSC',NULL,'nqsu'),('3cffedfd-eeed-4b83-8dd0-c1b358b531c4','TOOL','TECH','ntkien4'),('546a97e7-1b40-49de-9790-253386f729a1','DU6','G1','nngiang'),('587e9fc2-fc58-4687-a22e-035848cd3a55','MARKETING','SSC','ntplien'),('5d037233-cace-473e-9c53-a54f6eacb70a','REC','SSC','ttloan'),('6a84e7a8-86ed-443b-b01e-70d795bf4d4f','DU8','G1','ntnhung1'),('7184368c-ffdb-4182-9e2f-4f412388331c','MEGAACC',NULL,'lvtuong'),('727e59df-6cbd-4999-b92c-2dff340f1afd','DU1','G3','pmduc2'),('7404dbb0-41bd-4cfa-be5d-29d8317e2267','NO_DEPARTMENT',NULL,''),('76390751-816c-44c0-90b1-61b4dacd51e9','DU3','G1','dtanh'),('76fcf572-3e62-4414-826b-f9eb9bcc08a3','RRC','SSC','ntkien'),('7cf1ab2f-c024-417a-a112-6cee9255137f','DELIVERY',NULL,'dnbao'),('836c33c5-4adf-40c5-bd64-433509af8dc2','DU9','G2','nthieu5'),('885c6e7f-70df-42a9-af17-d6129d5dd842','SuperAdmin',NULL,''),('8a9dcf68-664f-47e7-9b64-8a42b125148d','SEPG','DELIVERY','nhha'),('9710ab42-ebaf-4768-b898-0e95d40b3dfa','DU12','G1','dtanh'),('974e867c-2395-4f7d-aa60-c7fa0bb40efe','BU',NULL,'lvtuong'),('9a98fdeb-bc7a-410b-9d80-b32f23fd1938','G2',NULL,'ntdoanh'),('9c7b2016-e520-4708-80bc-9fdf8e398975','QA','DELIVERY','lmlinh'),('aa6483b9-6574-4063-ad5a-866b7079b775','SA','TECH','dnbao'),('abe1e2f3-969d-4700-80ac-391ce5ad0b84','PMO','DELIVERY','dnbao'),('bea59ff0-512f-47fe-bafa-bbc9b035df45','DU2','G1','nxcanh'),('c8832a26-fbbc-46a3-b901-07fe87b9a57b','BU2','G2','ntdoanh'),('c902b454-54a9-4a43-9f97-c3410cd0a829','ADMIN','SSC','btlhuong'),('cd00810a-b9c7-44da-984d-c96ab695a0d0','BACKOFFICE',NULL,'nqsu'),('d2edb2e5-77c9-488e-9ca1-426581fd69d3','IT','TECH','ndson'),('db1925e6-496b-446e-8e48-e0897b710fa5','DU TEST',NULL,''),('e438b33b-1e38-4376-98e1-7571d91fd6bb','TECH',NULL,'dnbao'),('e95398b7-5d29-49e6-a41b-37f4c58fcdde','BU1','G1','lvtuong'),('eeda70a2-650a-45de-b060-a2b78949e0e2','CMC JAPAN',NULL,'ntthang1'),('eff9c5aa-36d9-41c4-850f-84a165966173','G3',NULL,'nvbach'),('f674b13a-3370-4aa6-a400-ccc46431bdf7','DU11','G3','nvbach');
/*!40000 ALTER TABLE `Department` ENABLE KEYS */;
UNLOCK TABLES;

--
-- Table structure for table `Employee`
--

DROP TABLE IF EXISTS `Employee`;
/*!40101 SET @saved_cs_client     = @@character_set_client */;
/*!50503 SET character_set_client = utf8mb4 */;
CREATE TABLE `Employee` (
  `user_name` varchar(45) NOT NULL,
  `full_name` varchar(250) NOT NULL,
  `last_update_date` datetime NOT NULL,
  `du_name` varchar(13) DEFAULT NULL,
  `is_active` tinyint(4) DEFAULT '1',
  PRIMARY KEY (`user_name`)
) ENGINE=InnoDB DEFAULT CHARSET=utf8mb4 COLLATE=utf8mb4_0900_ai_ci;
/*!40101 SET character_set_client = @saved_cs_client */;

--
-- Dumping data for table `Employee`
--

LOCK TABLES `Employee` WRITE;
/*!40000 ALTER TABLE `Employee` DISABLE KEYS */;
INSERT INTO `Employee` VALUES ('aaronwilliams','Aaron Williams - CMC Global DU1','2019-11-04 12:00:30','DU1',0),('admin','Super Admin','2019-10-29 08:40:50','SuperAdmin',1),('aleksandarjelic','Aleksandar Jelic - CMC Global DU6','2020-02-04 12:00:54','DU6',1),('amsldap','amsldap','2020-02-03 12:00:45','SuperAdmin',1),('bbtruong','Bùi Bá Trường','2019-05-15 00:00:14',NULL,1),('bbtruongg','Bùi Bá Trườngg','2019-11-29 00:01:21','DU8',1),('bcdai','Bùi Công Đại - CMC Global DU3','2020-02-04 12:00:54','DU3',1),('bdlong','Bùi Đình Long - CMC Global DU2','2020-02-04 12:00:54','DU2',1),('bhanh1','Bùi Hoàng Anh - CMC Global DU11','2020-02-07 12:00:41','DU11',1),('bhduc','Bùi Hồng Đức - CMC Global DU6','2020-02-04 12:00:54','DU6',1),('bhhieu','Bùi Hoàng Hiệu - CMC Global DU1','2020-02-04 12:00:54','DU1',1),('bmchau','Bùi Minh Châu - CMC Global DU2','2020-02-04 12:00:54','DU2',1),('bmcuong','Bùi Mạnh Cường','2020-02-04 12:00:54','NO_DEPARTMENT',1),('bmhung','Bùi Mạnh Hùng','2019-10-29 08:40:50','DU2',0),('bmthin','Bế Minh Thìn - CMC Global Admin','2020-02-04 12:00:54','ADMIN',1),('bndhieu','Bùi Nguyễn Duy Hiếu - CMC Global DU3','2019-11-04 12:00:30','DU3',0),('bnduc','Bùi Ngọc Đức - CMC GLobal BU','2020-02-03 12:00:45','BU2',1),('bnhhoang','Bùi Nguyễn Huy Hoàng - CMC Global GRC','2020-02-07 12:00:41','RRC',1),('bqdat','Bùi Quốc Đạt - CMC Global DU1','2020-01-20 12:00:43','DU1',1),('bqvan','Bùi Quỳnh Vân - CMC Global DU8','2019-12-19 10:40:45','DU8',1),('btan','Bùi Thị An - CMC Global Accounting','2020-02-07 12:00:41','ACCOUNTING',1),('btdon','Bùi Tiến Đôn - CMC Global DU12','2020-02-04 12:00:54','DU12',1),('bthoang','Bùi Trọng Hoàng','2019-10-29 08:40:50','DU1',0),('btlhuong','Bùi Thị Lan Hương - CMC Global ADMIN','2020-02-04 12:00:54','ADMIN',1),('btmlinh','Bùi Thị Mỹ Linh - CMC Global RRC','2019-11-04 12:00:30','RRC',0),('btnu','Bùi Thị Nụ - CMC Global DU8','2020-02-04 12:00:54','DU8',1),('bttduong','Bùi Thị Thùy Dương - CMC Global DU12','2020-02-04 12:00:54','DU12',1),('btthoa','Bùi Thị Thoa','2019-10-29 08:40:50','QA',0),('btxthu','Bùi Thị Xuân Thu - CMC Global DU8','2020-02-04 12:00:54','DU8',1),('btxuan','Bùi Thị Xuân','2019-10-29 08:40:50','DU1',0),('bvanh','Bùi Văn Anh - CMC Global DU6','2020-02-04 12:00:54','DU6',1),('bvquyet','Bùi Văn Quyết','2019-10-29 08:40:50','RRC',0),('bvtung','Bùi Văn Tùng - CMC Global DU3','2020-02-07 12:00:41','DU3',1),('bxtrung','Bùi Xuân Trung - CMC Global DU12','2020-02-04 12:00:54','DU12',1),('byloan','Bùi Yến Loan - CMC Global DU8','2019-12-22 10:40:23','DU8',0),('cddung','Chu Đức Dũng - CMC Global DU3','2020-02-04 12:00:54','DU3',1),('cdtrung','Cao Duy Trưng - CMC Global DU3','2020-01-08 12:00:17','DU3',0),('ckly','Cao Khánh Ly','2019-10-29 08:40:50','DU3',0),('cknhat','Chử Kim Nhất - CMC Global DU1','2019-11-04 12:00:30','DU1',0),('clnhat','Cao Linh Nhật - CMC Global DU6','2020-01-08 12:00:17','DU6',1),('cmquang','Chu Mạnh Quang','2019-10-29 08:40:50','RRC',0),('cnnga','Công Ngọc Ngà - CMC Global DU8','2020-02-04 12:00:54','DU8',1),('ctanh','Cao Thị Ánh - CMC Global QA','2020-02-04 12:00:54','QA',1),('ctlchi','Chu Thị Lệ Chi - CMC Global RRC','2019-11-04 12:00:30','RRC',0),('ctpmai','Cao Thị Phương Mai','2019-10-29 08:40:50','DU2',0),('ctqmai','Chu Thị Quỳnh Mai - CMC Global DU6','2020-02-04 12:00:54','DU6',1),('ctquynh','Cao Thị Quỳnh - CMC Global DU6','2020-02-04 12:00:54','DU6',1),('ctttrinh','Cao Thục Tuyết Trinh','2019-10-29 08:40:50','DU5',0),('cvhieu','Chu Văn Hiếu','2019-10-29 08:40:50','RRC',0),('cvphuong','Chử Văn Phương','2019-03-22 14:23:12',NULL,1),('cxquang','Cấn Xuân Quang - CMC Global RRC','2019-11-04 12:00:30','RRC',0),('daduc','Đỗ Anh Đức - CMC Global DU2','2020-02-05 12:01:08','DU2',1),('datu1','Đỗ Anh Tú - CMC Global DU6','2019-10-30 09:58:31','DU6',0),('datuan2','Đặng Anh Tuấn - CMC Global DU6','2019-11-09 10:40:17','DU6',0),('dbhung','Dương Bá Hưng - CMC Global  IT','2020-02-03 12:00:45','IT',1),('dbthan','Đỗ Bá Thản - CMC Global DU1','2019-11-04 12:00:30','DU1',0),('dcdiep','Dư Công Diệp - CMC Global DU2','2020-02-04 12:00:54','DU2',1),('dcthang','Đinh Công Thắng - CMC Global DU2','2020-02-04 12:00:54','DU2',1),('ddanh1','Đặng Duy Anh','2019-10-29 08:40:50','HR',0),('dddoi','Đỗ Đình Đối - CMC Global DU2','2020-02-04 12:00:54','NO_DEPARTMENT',1),('ddhieu','Đặng Huy Hiếu - CMC Global DU6','2019-11-04 12:00:30','RRC',1),('ddhung','Dư Duy Hưng - CMC Global DU3','2020-02-04 12:00:54','DU3',1),('ddhuy','Đàm Đình Huy - CMC Global GRC','2020-02-07 12:00:41','RRC',1),('ddquy','Dương Đình Quý','2019-10-29 08:40:50','RRC',0),('ddthang','Đỗ Duy Thắng - CMC Global DU6','2020-02-04 12:00:54','DU6',1),('ddtrong','Đàm Đức Trọng - CMC Global DU2','2020-01-21 12:00:54','NO_DEPARTMENT',1),('ddviet','Đỗ Đức Việt - CMC Global DU2','2020-02-04 12:00:54','DU2',1),('dhgiang1','Dương Hoàng Giang','2019-10-29 08:40:50','RRC',0),('dhhiep','Đoàn Hoàng Hiệp','2019-10-29 08:40:50','RRC',0),('dhhieu','Đặng Huy Hiếu - CMC Global DU9','2020-01-09 02:11:19','DU9',0),('dhlong','Đinh Hoàng Long - CMC Global DU7','2019-12-12 10:41:10','DU7',0),('dhquan','Đỗ Hồng Quân - CMC Global Mega Accounting','2020-02-04 12:00:55','MEGAACC',1),('dhthao1','Dương Hương Thảo','2019-10-29 08:40:50','ADMIN',0),('dhtien','Đào Huy Tiến - CMC Global DU8','2020-02-07 12:00:41','DU8',1),('dhyen','Đào Hải Yến','2019-10-29 08:40:50','QA',0),('dkhuyen','Đinh Khánh Huyền - CMC Global DU6','2020-02-04 12:00:54','DU6',1),('dkthanh','Đào Kỳ Thanh - CMC Global DU3','2020-02-04 12:00:54','DU3',1),('dktrieu','Đinh Khắc Triệu - CMC Global DU3','2020-02-04 12:00:54','DU3',1),('dlchi','Đậu Linh Chi - CMC Global BU','2020-02-04 12:00:54','BU1',1),('dlly','Đỗ Ly Ly - CMC Global DU7','2020-02-07 12:00:41','DU7',1),('dlpnguyen','Dương Lê Phúc Nguyện - CMC Global DU3','2019-12-12 10:41:10','DU3',0),('dlttung','Đào Lê Thanh Tùng - CMC Global DU12','2020-02-04 12:00:54','DU12',1),('dmhanh','Đặng Mỹ Hạnh - CMC Global Accounting','2020-02-04 12:00:55','ACCOUNTING',1),('dmngoc','Đỗ Minh Ngọc','2019-11-04 12:00:30','BU',0),('dmquang','Đặng Minh Quang - CMC Global DU12','2020-02-03 12:00:45','DU12',1),('dmquynh','Đỗ Mai Quỳnh - CMC Global BU','2020-02-07 12:00:41','BU3',1),('dmthong','Đỗ Minh Thông','2019-10-29 08:40:50','DU1',0),('dmtuan','Đỗ Mạnh Tuấn - CMC Global GRC','2020-02-07 12:00:41','RRC',1),('dmtuong','Đặng Mạnh Tường - CMC Global DU6','2020-02-04 12:00:54','DU6',1),('dnanh1','Đặng Ngọc Anh - CMC Global BU','2020-02-04 12:00:54','MEGAACC',1),('dnbao','Đặng Ngọc Bảo','2020-02-07 12:00:41','BOM',1),('dnduc','Đoàn Ngọc Đức - CMC Global DU6','2020-02-04 12:00:54','DU6',1),('dnhquan','Đỗ Như Hồng Quân - CMC Global DU3','2020-02-02 12:00:31','DU3',1),('dnhung1','Đàm Nguyên Hùng - CMC Global DU12','2020-02-05 12:01:08','DU12',1),('dnkhanh','Đinh Ngọc Khánh - CMC Global DU12','2020-02-04 12:00:54','DU12',1),('dnkhanh1','Đặng Nhật Khánh - CMC Global GRC','2020-02-07 12:00:41','RRC',1),('dnthien','Đinh Ngọc Thiện - CMC Global DU3','2020-02-04 12:00:54','DU3',1),('dnthien1','Đặng Ngọc Thiên - CMC Global DU7','2020-02-04 12:00:54','DU7',1),('dntinh','Đặng Ngọc Tỉnh','2019-10-29 08:40:50','RRC',0),('dpanh','Đỗ Phan Anh - CMC Global DU1','2020-02-07 12:00:41','DU1',1),('dqthang','Đào Quang Thắng - CMC Global DU6','2019-11-29 00:02:05','DU6',1),('dqtruong','Đào Quang Trưởng','2019-11-04 12:00:30','DU1',0),('dtanh','Đào Tuấn Anh - CMC Global DU3','2020-02-04 12:00:54','DU3',1),('dtdat2','Đỗ Tiến Đạt - CMC Global DU1','2020-02-04 12:00:54','DU1',1),('dtdat3','Đỗ Thành Đạt - CMC Global GRC','2020-02-07 12:00:41','RRC',1),('dthai','Đỗ Trọng Hải','2019-10-29 08:40:50','DU2',0),('dthai2','Đỗ Trọng Hải - CMC Global DU2','2020-01-09 10:40:46','DU2',1),('dthang','Đinh Thị Hằng','2019-10-29 08:40:50','DU1',0),('dthien1','Đinh Thanh Hiền - CMC Global DU1','2019-11-04 12:00:30','DU1',0),('dthieu1','Đào Trung Hiếu - CMC Global DU12','2020-02-04 12:00:54','DU12',1),('dthly','Đinh Thị Hương Lý - CMC Global DU8','2020-01-16 12:00:50','DU8',1),('dthoa2','Đoàn Thị Hoa - CMC Global DU8','2019-11-04 12:00:30','DU8',0),('dthtrieu','Đỗ Thị Hải Triều - CMC Global DU7','2020-02-04 12:00:54','DU7',1),('dthue','Dương Thị Huế - CMC Global DU8','2020-02-04 12:00:54','DU8',1),('dthung','Đổng Trọng Hùng','2019-11-04 12:00:30','DU3',0),('dthung1','Đinh Thế Hưng - CMC Global DU3','2020-02-04 12:00:54','DU3',1),('dtkhoa','Đỗ Tân Khoa - CMCGlobal RRC','2020-01-09 10:40:46','RRC',0),('dtle','Đinh Thị Lê - CMC Global Admin','2019-11-04 12:00:30','ADMIN',0),('dtluc','Đỗ Trọng Lực - CMC Global DU3','2020-02-07 12:00:41','DU3',1),('dtly','Đặng Thị Lý','2019-10-29 08:40:50','DU1',0),('dtmai','Đỗ Thị Mai - CMC Global DU3','2020-01-08 12:00:17','DU3',0),('dtnghia','Đỗ Trọng Nghĩa','2019-10-29 08:40:50','DU3',0),('dtnhung','Đỗ Thị Nhung - CMC Global DU2','2020-02-05 12:01:08','DU2',1),('dtnu','Đàm Thị Nụ - CMC Global ADMIN','2020-02-04 12:00:54','ADMIN',1),('dtphong','Đinh Tuấn Phong - CMC Global DU12','2020-02-04 12:00:54','DU12',1),('dtphuong','Dương Thị Phượng','2019-10-29 08:40:50','DU1',0),('dtphuong2','Đỗ Thị Phương - CMC Global DU8','2020-02-07 12:00:41','DU8',1),('dtphuong3','Đỗ Thị Phượng','2019-10-29 08:40:50','DU8',0),('dtphuong4','Dương Thị Phượng - CMC Global DU2','2019-11-04 12:00:30','DU2',0),('dtpthanh','Đặng Thị Phương Thanh - CMC Global QA','2019-11-04 12:00:30','QA',0),('dtthang','Đinh Thị Thu Hằng - CMC Global BU','2020-02-04 12:00:54','BU1',1),('dtthang2','Đỗ Toàn Thắng','2019-03-22 14:23:12',NULL,1),('dtthu2','Dương Thị Thu - CMC Global QA','2020-02-04 12:00:54','QA',1),('dtthuyen1','Đào Thị Thanh Huyền - CMC Global DU3','2019-11-04 12:00:30','DU3',0),('dttien','Đặng Thị Tiến - CMC Global RRC','2019-11-04 12:00:30','RRC',0),('dttlinh','Đàm Thị Thùy Linh - CMC Global DU3','2020-02-07 12:00:41','DU3',1),('dttrung','Đặng Thế Trung','2019-10-29 08:40:50','DU6',0),('dttung','Đào Thanh Tùng - CMC Global DU9','2020-02-04 12:00:54','DU9',1),('dtxtuoi','Đặng Thị Xuân Tươi - CMC Global QA','2020-02-05 12:01:08','QA',1),('dtxuan','Đặng Thị Xuân - CMC Global DU12','2020-02-04 12:00:54','DU12',1),('ductn','Trương Ngọc Đức','2019-11-29 00:02:14','ADMIN',1),('dvbau','Đào Văn Báu','2019-10-29 08:40:50','DU2',0),('dvchinh','Đỗ Văn Chinh - CMC Global DU11','2020-01-08 12:00:17','DU11',1),('dvhanh','Đinh Văn Hạnh - CMC Global DU3','2020-01-21 12:00:54','DU3',1),('dvhoan','Đỗ Văn Hoàn - CMC Global DU2','2020-02-04 12:00:54','DU2',1),('dvmanh','Đỗ Văn Mạnh','2019-03-22 14:23:12',NULL,1),('dvngoc','Đoàn Văn Ngọc - CMC Global DU3','2019-11-04 12:00:30','DU3',0),('dvquan2','Đào Văn Quân - CMC Global BU','2019-11-29 00:02:10','BU2',1),('dvthuan','Đinh Văn Thuận - CMC Global DU11','2020-02-07 12:00:41','DU11',1),('dvthuong','Đào Văn Thưởng - CMC Global DU12','2020-02-07 12:00:41','DU12',1),('dvtrung','Đỗ Văn Trung - CMC Global RRC','2019-11-04 12:00:30','RRC',0),('dvviet','Đỗ Văn Việt - CMC Global DU2','2019-11-23 10:40:58','DU2',1),('dvvinh','Dương Văn Vĩnh','2019-10-29 08:40:50','DU3',0),('dvvinh2','Dương Văn Vĩnh - CMC Global DU2','2020-02-04 12:00:54','DU2',1),('dxthanh','Đào Xuân Thanh - CMC Global DU12','2019-12-22 10:40:23','DU12',0),('dxtho','Đỗ Xuân Thọ - CMC Global DU2','2020-02-05 12:01:08','DU2',1),('gtdung','Giang Tiến Dũng - CMC Global DU12','2020-02-04 12:00:54','DU12',1),('gttha','Giang Thị Thu Hà - CMC Global DU6','2020-02-07 12:00:41','DU6',1),('hahoang','Hà Anh Hoàng - CMC Global DU12','2020-02-05 12:01:08','DU12',1),('haminh','Hoàng Anh Minh','2019-10-29 08:40:50','DU2',0),('hatuan','Hoàng Anh Tuấn - CMC Global DU6','2019-11-30 10:40:34','DU6',0),('havan','Hoàng Anh Văn','2019-10-29 08:40:50','RRC',0),('hbthinh','Huỳnh Bá Thịnh-CMC Global DU7','2020-02-04 12:00:54','DU7',1),('hcminh','Huỳnh Công Minh - CMC Global DU10','2020-02-05 12:01:08','DU10',1),('hdtuan','Hoàng Đình Tuấn - CMC Global DU1','2019-11-04 12:00:30','DU1',0),('hgiap','Hoàng Giáp','2019-10-29 08:40:50','ADMIN',0),('hha','Hoàng Hà - CMC Global DU1','2019-11-04 12:00:30','DU1',0),('hhanh','Hoàng Hà Anh - CMC Global SEPG','2020-02-04 12:00:54','SEPG',1),('hkdung','Hoàng Kim Dung - CMC Global DU8','2020-02-04 12:00:54','DU8',1),('hmduc','Hoàng Minh Đức','2019-10-29 08:40:50','DU2',1),('hmduc2','Hồ Minh Đức - CMC Global DU6','2020-02-07 12:00:41','DU6',1),('hmson','Hoàng Minh Sơn - CMC Global DU6','2019-11-29 00:01:19','DU6',1),('hmthu','Hà Mạnh Thu - CMC Global DU9','2019-10-30 09:58:13','DU9',0),('hmy','Hà My - CMC Global BU','2020-02-04 12:00:54','BU1',1),('hnbach','Hà Ngọc Bách- CMC Global DU6','2020-02-04 12:00:54','DU6',1),('hndiep','Hàn Ngọc Diệp - CMC Global BU','2020-02-07 12:00:41','BU3',1),('hnhieu','Hà Ngọc Hiệu - CMC Global RRC','2019-11-04 12:00:30','RRC',0),('hnhung','Hoàng Ngọc Hùng','2019-10-29 08:40:50','BOM',1),('hnlinh','Hoàng Ngọc Linh - CMC GLobal DU1','2020-02-07 12:00:41','DU1',1),('hnminh','Hoàng Nhật Minh - CMC Global DU3','2020-02-04 12:00:54','DU3',1),('hnqhuong','Hồ Ngọc Quỳnh Hương - CMC Global DU7','2020-01-08 12:00:17','DU7',0),('hnquyen','Hoàng Nghĩa Quyền - CMC Global DU1','2019-11-04 12:00:30','DU1',0),('hnquyen1','Hoàng Nghĩa Quyền - CMC Global DU6','2019-12-04 10:40:27','DU6',0),('hntvy','Hồ Nguyễn Trúc Vy - CMC Global DU7','2020-02-04 12:00:54','DU7',1),('hnvinh','Huỳnh Ngọc Vinh - CMC Global DU10','2020-02-06 12:00:23','DU10',1),('hny','Hoàng Như Ý - CMC Global DU1','2019-12-12 10:41:09','DU1',0),('hptri','Hồ Phước Trí - CMC Global DU7','2020-01-08 12:00:17','DU7',1),('hsthuong','Hoàng Sông Thương - CMC Global QA','2019-11-04 12:00:30','QA',0),('htanh3','Hoàng Tuấn Anh - CMCGlobal DU3','2019-12-12 10:41:10','DU3',0),('htcong','Hà Thế Công - CMC Global DU12','2020-02-04 12:00:54','DU12',1),('htdung1','Hồ Tiến Dũng - CMC Global DU3','2020-02-04 12:00:54','DU3',1),('hthang','Hoàng Thị Hằng - CMC Global DU3','2020-02-04 12:00:54','DU3',1),('hthoa1','Hoàng Thị Hòa','2019-10-29 08:40:50','QA',0),('htltuyen','Hoàng Thị Linh Tuyền - CMC Global Admin','2020-02-07 12:00:41','ADMIN',1),('htmanh','Hoàng Thị Mai Anh - CMC Global DU2','2020-02-04 12:00:54','DU2',1),('htmlinh','Hoàng Thị Mỹ Linh - CMC Global DU11','2020-01-22 12:01:07','DU11',1),('htmvan','Huỳnh Thị Mỹ Vân - CMCGlobal REC','2020-02-04 12:00:54','REC',1),('htnoanh','Hoàng Thị Ngọc Oanh - CMC Global DU8','2019-12-27 10:40:18','DU8',0),('htphuong','Hoàng Thu Phương - CMC Global DU6','2020-02-04 12:00:54','DU6',1),('htplinh','Hà Thị Phương Linh - CMC Global DU6','2020-02-05 12:01:08','DU6',1),('htquynh','Hoàng Thị Quỳnh - CMC Global DU8','2019-12-12 10:41:09','DU8',0),('httdung1','Hoàng Thị Thanh Dung - CMC Global DU8','2020-02-04 12:00:54','DU8',1),('httham','Hoàng Thị Thắm','2019-10-29 08:40:50','DU8',0),('htthang1','Ho Thi Thanh Hang (Global.DU5)','2019-11-04 12:00:30','DU5',0),('htthoa','Hoàng Thị Thanh Hoa - CMC Global Accounting','2020-02-05 12:01:08','ACCOUNTING',1),('httthuy','Hồ Thị Thanh thủy - CMC Global DU5','2019-11-04 12:00:30','DU5',0),('hvnuoc','Hà Văn Nước - CMC Global GRC','2020-02-07 12:00:41','RRC',1),('hvphuong','Hà Văn Phương - CMC Global DU11','2020-02-05 12:01:08','DU11',1),('hvtrung','Hoàng Văn Trung - CMC Global DU2','2019-11-04 12:00:30','DU2',0),('hxduc','Hồ Xuân Đức - CMC Global DU2','2019-11-04 12:00:30','DU2',1),('hxthap','Hoàng Xuân Tháp - CMC Global DU1','2020-02-04 12:00:54','DU1',1),('intern.bnhhoang','Bùi Nguyễn Huy Hoàng - CMC Global Intern','2019-11-29 00:01:25','RRC',1),('intern.datu','Đỗ Anh Tú - CMC Global DU6','2020-01-08 12:00:17','RRC',0),('intern.dhhieu','Đặng Huy Hiếu - CMC Global DU6','2020-01-09 10:40:46','RRC',0),('intern.dnkhanh','Đặng Nhật Khánh - CMC Global Intern','2019-11-29 00:01:20','RRC',1),('intern.dvthuan','Đặng Văn Thuận - CMC Global Intern','2020-01-08 12:00:17','RRC',0),('intern.hmthu','Hà Mạnh Thu - CMC Global DU6','2019-10-30 09:58:14','RRC',1),('intern.ltkien','Lê Trung Kiên - CMCGlobal Intern','2019-11-29 00:01:40','RRC',1),('intern.ltmquynh','Lê Thị Mai Quỳnh - CMC Global DU8','2020-01-08 12:00:17','RRC',0),('intern.lvchinh','Lương Văn Chính - CMC Global Intern','2020-01-08 12:00:17','RRC',0),('intern.lvvu','Lê Văn Vũ - CMC Global Intern','2020-01-08 12:00:17','RRC',0),('intern.ndhue','Nguyễn Đức Huệ - CMC Global RRC','2020-01-08 12:00:17','RRC',0),('intern.ndhuy','Nguyễn Đức Huy - CMCGlobal Intern','2020-01-09 10:40:46','RRC',0),('intern.ndqui','Nguyễn Duy Quí - CMC Global Intern','2020-01-08 12:00:17','RRC',0),('intern.nhanh','Nguyễn Hải Anh - CMC Global Intern','2020-01-08 12:00:17','RRC',0),('intern.nhtai','Nguyễn Hữu Tài - CMC Global DU6','2020-01-08 12:00:17','RRC',0),('intern.nnanh','Nguyễn Nam Anh','2020-01-09 10:40:46','RRC',0),('intern.nqphuc','Nguyễn Quảng Phúc - CMC Global Intern','2019-11-29 00:02:08','RRC',1),('intern.nskhanh','Nguyễn Sỹ khánh - CMCGlobal Intern','2020-01-09 10:40:46','RRC',0),('intern.ntlinh','Nguyễn Thị Linh - CMCGlobal Intern','2019-11-29 00:01:17','RRC',1),('intern.nvanh','Nguyễn Việt Anh - CMC Global Intern','2019-11-29 00:02:00','RRC',1),('intern.pdduong','Phan Duy Dương - CMCGlobal Intern','2020-01-09 10:40:46','RRC',0),('intern.pmduc','Phạm Minh Đức - CMCGlobal Intern','2020-01-09 10:40:46','RRC',0),('intern.pthanh','Phan Thị Hạnh - CMCGlobal Intern','2019-11-29 00:02:12','RRC',1),('intern.ptmphuong','Phạm Thị Mai Phương - CMCGlobal Intern','2019-11-04 12:00:30','RRC',0),('intern.ptvo','Phạm Tiến Võ - CMC GLobal Intern','2020-01-08 12:00:17','DU11',0),('intern.tbquan','Trương Bá Quân - CMCGlobal Inern','2019-11-29 00:01:38','RRC',1),('intern.vvlong','Vương Văn Long - CMCGlobal Intern','2020-01-09 10:40:46','RRC',0),('intern.vvquan','Vũ Văn Quân - CMCGlobal Intern','2020-01-08 12:00:17','RRC',0),('kdcao','Khuất Đăng Cao - CMC Global DU1','2020-01-23 12:00:19','DU1',1),('ktthoa','Khương Thị Thoa - CMC Global DU8','2020-02-04 12:00:54','DU8',1),('kvhung','Kiều Văn Hưng - CMC Global DU3','2020-01-19 12:00:28','DU3',1),('laduc','Lê Anh Đức','2019-10-29 08:40:50','DU3',0),('lahphuong','Lê Anh Hoàng Phương','2019-10-29 08:40:50','BU',0),('laotao12','laotao12','2019-05-17 01:00:10',NULL,1),('lbduong','Lê Bá Dương - CMC Global DU1','2020-02-04 12:00:54','DU1',1),('lbkhoang','Lê Bá Khánh Hoàng - CMC Global DU7','2020-02-04 12:00:54','DU7',1),('lbnga','Lê Bích Nga - CMC Global ADMIN','2020-01-08 12:00:17','ADMIN',0),('lccuong','Lê Cao Cường - CMC Global REC','2020-02-05 12:01:08','REC',1),('lcdong','Lê Công Đồng - CMC Global DU1','2019-11-04 12:00:30','DU1',0),('lcnguyen','Lê Cao Nguyên - CMC Global DU3','2019-11-04 12:00:30','DU3',0),('ldanh1','Lê Đức Anh - CMC Global DU1','2020-01-26 12:01:00','DU1',1),('ldcong','Lê Đăng Công - CMC Global DU12','2020-02-04 12:00:54','DU12',1),('ldcuong1','Lưu Đức Cương','2019-10-29 08:40:50','DU6',0),('ldhai','Lê Đức Hài - CMC Global DU11','2020-02-04 12:00:54','DU11',1),('ldkien','Lê Doãn Kiên','2019-10-29 08:40:50','RRC',0),('ldngan','Lê Đình Ngân - CMC Global DU3','2019-12-12 10:41:10','DU3',0),('ldphu','Lê Duy Phú - CMC Global DU3','2020-01-08 12:00:17','DU3',0),('ldquan','Lê Đức Quân - CMC Global DU2','2020-02-04 12:00:54','DU2',1),('ldthien','Lê Đức Thiện - CMC Global DU6','2019-11-04 12:00:30','DU6',0),('ldthinh','Lê Đình Thịnh - CMC Global DU11','2020-02-07 12:00:41','DU11',1),('ldvu','Lê Đình Vũ - CMC Global DU7','2020-02-04 12:00:54','DU7',1),('lgthang','Lê Gia Thắng - CMC Global DU8','2020-02-04 12:00:54','DU8',1),('lhdoan','Lê Hữu Đoàn','2019-10-29 08:40:50','DU6',0),('lhdong','Lê Huy Đông - CMC Global DU3','2020-02-05 12:01:08','DU3',1),('lhhanh','Lê Hồng Hạnh  - CMC Global Accounting','2020-02-05 12:01:08','ACCOUNTING',1),('lhhoang','Lê Huy Hoàng','2019-10-29 08:40:50','BU',0),('lhiep','Lê Hiệp - CMC Global DU6','2019-11-17 10:40:38','DU6',1),('lhlinh2','Lê Hồng Linh - CMC Global DU11','2020-02-04 12:00:54','DU11',1),('lhloc','Lê Hữu Lộc - CMC Global DU7','2020-02-04 12:00:54','DU7',1),('lhoang','Lê Hoàng - CMC Global DU6','2020-02-07 12:00:41','DU6',1),('lhquang2','Lê Hồng Quang - CMC Global DU6','2020-02-07 12:00:41','DU6',1),('lhtuyen','Lê Hữu Tuyên','2019-10-29 08:40:50','DU3',0),('lkdthang','Lê Khắc Đức Thắng - CMC Global DU2','2020-02-03 12:00:45','DU2',1),('lksy','Lê Khả Sỹ - CMC Global DU3','2019-12-06 10:40:53','DU3',1),('lmhung','Lê Mạnh Hùng - CMC Global Du3','2020-02-07 12:00:41','DU3',1),('lmlinh','Lý Mai Linh - CMC Global QA','2020-02-04 12:00:54','QA',1),('lndai','Lâm Ngọc Đại - CMC Global QA','2020-02-04 12:00:54','QA',1),('lnha','Lê Ngọc Hà - CMC Global DU5','2019-11-04 12:00:30','DU5',0),('lnphu','Lương Ngọc Phú - CMC Global DU6','2020-02-04 12:00:54','DU6',1),('lpan','Lê Phúc An - CMC Global DU1','2020-02-04 12:00:54','DU1',1),('lplinh','Lê Phương Linh - CMC Global BU3','2020-02-07 12:00:41','BU3',1),('lqanh','Lưu Quỳnh Ánh','2019-11-29 00:00:00','DU11',1),('lqdat2','Lê Quang Đạt - CMC Global DU1','2019-11-29 00:02:40','DU1',1),('lqdieu','Lê Quang Diệu - CMC Global DU9','2019-11-29 00:01:31','DU9',1),('lqhuy','Lê Quang Huy - CMC Global DU1','2020-02-04 12:00:54','DU1',1),('lqkhang','Lê Quang Khang','2019-10-29 08:40:50','DU3',0),('ltan','Lê Thanh An - CMC Global DU2','2020-02-07 12:00:41','DU2',1),('ltbdiep','Lưu Thị Bích Diệp - CMC Global DU7','2020-02-03 12:00:45','DU7',1),('ltcuong','Lê Tuấn Cường - CMC Global DU6','2020-02-04 12:00:54','DU6',1),('ltdao','Lê Thị Đào - CMC Global DU8','2019-11-24 10:41:11','DU8',0),('ltdao2','Lê Thị Đào - CMC Global DU3','2020-02-04 12:00:54','DU3',1),('ltdat1','Lê Tiến Đạt - CMC Global DU3','2019-12-12 10:41:09','DU3',0),('ltdung3','Le Thuy Dung  (Global.DU5)','2019-11-04 12:00:30','DU5',0),('ltha','Lê Thị Hà','2019-10-29 08:40:50','HR',0),('lthai','Lê Thanh Hải - CMC Global DU10','2020-02-04 12:00:54','DU10',1),('lthang2','Lê Thu Hằng','2019-10-29 08:40:50','DU6',0),('lthngoc','Lưu Thị Hồng Ngọc','2019-11-04 12:00:30','DU8',0),('lthoa','Lê Thị Hoa','2019-10-29 08:40:50','DU1',0),('lthoanh','Lưu Thị Hoàng Oanh','2019-10-29 08:40:50','DU6',0),('lthung','Lê Tử Hùng - CMC Global DU11','2020-02-05 12:01:08','DU11',1),('lthuong2','Lê Thị Hương','2019-10-29 08:40:50','DU5',0),('ltkien1','Lê Trung Kiên - CMCGlobal IT','2020-02-02 12:00:31','IT',1),('ltkxuan','Lâm Thị Kim Xuân - CMC Global DU6','2019-11-07 10:40:54','DU6',1),('ltlthao','Lương Tống Lan Thảo','2019-10-29 08:40:50','DU3',0),('ltmquynh','Lê Thị Mai Quỳnh - CMC Global DU8','2019-11-04 12:00:30','DU8',0),('ltnghia2','Lê Trọng Nghĩa - CMC Global DU1','2020-02-07 12:00:41','DU1',1),('ltngoc','Lê Thị Ngọc - CMC Global DU12','2020-02-04 12:00:54','DU12',1),('ltngoc2','Lưu Thị Ngọc - CMC Global DU8','2020-02-07 12:00:41','DU8',1),('ltnguyet1','Lê Thị Nguyệt','2019-10-29 08:40:50','DU1',0),('ltphat','Lê Thịnh Phát - CMC Global DU3','2020-01-20 05:33:44','DU3',1),('ltson2','Lê Tuấn Sơn','2019-10-29 08:40:50','DU3',0),('lttheu','Lương Thị Thêu - CMC Global DU12','2020-02-04 12:00:54','DU12',1),('ltthoa1','Lê Thanh Thỏa','2019-10-29 08:40:50','DU1',0),('ltthu','Lê Thị Thu','2019-10-29 08:40:50','DU5',0),('ltthuong','Lê Thị Thương - CMC Global DU3','2019-11-04 12:00:30','DU3',0),('ltthuong2','Lê Thị Thu Hương - CMC Global DU5','2019-11-04 12:00:30','DU8',0),('lttnguyen','Lê Thị Thảo Nguyên - CMC Global ADMIN','2020-01-08 12:00:17','ADMIN',0),('lttrang2','Lương Thị Trang - CMC Global DU10','2020-02-04 12:00:54','DU10',1),('lttrung','Lê Trí Trung - CMC Global DU2','2019-11-04 12:00:30','DU2',0),('lttthuy','Lê Thị Thanh Thủy - CMC Global Accounting','2020-02-04 12:00:54','ACCOUNTING',1),('lttthuy2','Lê Thị Trần Thủy - CMC Global RRC','2019-11-04 12:00:30','RRC',0),('lttuong','Lâm Thiên Tường - CMC Global DU6','2020-02-07 12:00:41','DU6',1),('ltvdung','Lâm Thị Việt Dung - CMC Global DU8','2020-02-04 12:00:54','DU8',1),('ltviet','Lê Trần Việt','2019-10-29 08:40:50','DU3',0),('ltyen','Luyện Thị Yên - CMC Global DU2','2020-02-04 12:00:54','DU2',1),('lvcduc','Lương Văn Chung Đức - CMC Global DU2','2020-02-04 12:00:54','DU2',1),('lvchai2','Lương Văn Công Hải - CMC Global DU1','2020-02-04 12:00:54','DU1',1),('lvdung','Lê Văn Dũng','2019-10-29 08:40:50','RRC',0),('lvhuong','Lê Văn Hưởng - CMC Global DU1','2020-02-07 12:00:41','DU1',1),('lvlong','Lê Văn Long','2019-10-29 08:40:50','DU1',0),('lvnhut','Lư Văn Nhựt - CMC Global DU7','2020-02-07 12:00:41','DU7',1),('lvninh','Lê Văn Ninh','2019-10-29 08:40:50','RRC',0),('lvthang','Lê Văn Thắng - CMC Global DU3','2019-11-04 12:00:30','DU3',0),('lvthuong','Lê Văn Thường - CMC Global DU8','2020-02-07 12:00:41','DU8',1),('lvtrinh1','Lê Văn Trình - CMC Global DU7','2020-02-04 12:00:54','DU7',1),('lvtrung','Lê Việt Trung - CMC Global DU6','2020-01-26 12:01:00','DU6',1),('lvtruong','Lã Văn Trường - CMC Global DU3','2020-02-07 12:00:41','DU3',1),('lvtung1','Lăng Vĩnh Tùng - CMC Global DU6','2020-02-05 12:01:08','DU6',1),('lvtuong','Lăng Vĩnh Tường - CMC Global BU','2020-02-04 12:00:54','MEGAACC',1),('lxlinh','Lê Xuân Linh','2019-10-29 08:40:50','DU6',0),('lxminh','Lê Xuân Minh','2019-03-22 14:23:12',NULL,1),('mctu','Mai Công Tú','2019-10-29 08:40:50','DU1',0),('mgtu','Mai Gia Tú','2019-10-29 08:40:50','RRC',0),('mhduong','Mai Hải Dương - CMC Global DU1','2020-02-04 12:00:54','DU1',1),('mkishore','Kishore Mohanarangam - CMC Global DU6','2020-01-09 10:40:46','DU6',1),('mkumeda','Masakuni Kumeda','2019-11-29 00:01:13','DU1',1),('mqdung','Mầu Quang Dũng - CMC Global DU6','2020-02-04 12:00:54','DU6',1),('mtanh','Mai Trung Anh - CMC Global DU2','2020-02-07 12:00:41','DU2',1),('mtdung','Mai Thùy Dung - CMC Global QA','2019-11-04 12:00:30','QA',0),('mtlong','Mai Thanh Long - CMC Global DU2','2020-02-04 12:00:54','DU2',1),('mtnanh','Mạnh Thị Như Anh','2019-10-29 08:40:50','HR',0),('mvchung','Mai Văn Chung - CMC Global DU12','2020-01-22 12:01:07','DU12',1),('naduc1','Nguyễn Anh Đức - CMC Global BU1','2020-02-04 12:00:54','BU1',1),('nahoa','Nguyễn Anh Hoa - CMC Global Accounting','2020-02-04 12:00:54','ACCOUNTING',1),('nahung','Nguyễn An Hưng','2019-10-29 08:40:50','DU1',0),('naphuong','Nguyễn Anh Phương - CMC Global DU1','2020-01-22 12:01:07','DU1',1),('Natuan1','Nguyễn Anh Tuấn','2019-10-29 08:40:50','RRC',0),('natuan3','Nguyễn Anh Tuấn - CMC Global DU1','2020-02-01 12:00:18','DU1',1),('natuan5','Nguyễn Anh Tuấn - CMC Global DU6','2020-02-03 12:00:45','DU6',1),('natuan6','Nguyễn Anh Tuấn - CMC Global DU12','2020-02-04 12:00:54','DU12',1),('natung','Nguyễn Anh Tùng - CMC Global DU8','2019-12-12 10:41:09','DU8',0),('nbhai','Nguyễn Bá Hải','2019-10-29 08:40:50','DU2',0),('nbngoc1','Nguyễn Bích Ngọc - CMC Global Accounting','2020-01-08 12:00:17','ACCOUNTING',0),('nbson','Nguyễn Bá Sơn - CMC Global DU6','2020-02-07 12:00:41','DU6',1),('nbtrung','Nguyễn Bá Trung','2019-10-29 08:40:50','DU3',1),('nbtung','Nguyễn Bá Tùng - CMC Global DU10','2020-02-04 12:00:54','DU10',1),('nbvhoang','Nguyễn Bá Việt Hoàng - CMCGlobal DU7','2020-02-04 12:00:54','DU7',1),('nccong1','Nguyễn Chí Công','2019-10-29 08:40:50','DU2',0),('nccuong','Nguyễn Cao Cường - CMC Global BU1','2020-02-07 12:00:41','BU1',1),('ncddue','Nguyễn Cảnh Đức Duệ - CMC Global DU3','2019-11-04 12:00:30','DU3',0),('nchung','Nguyễn Cảnh Hưng - CMC Global DU6','2020-02-04 12:00:54','DU6',1),('nchuy','Nguyễn Công Huy - CMC Global DU1','2019-11-04 12:00:30','DU1',0),('nclinh','Nguyễn Cẩm Linh','2019-10-29 08:40:50','DU6',0),('ncthang','Nguyễn Công Thắng - CMC Global DU2','2020-02-03 12:00:45','DU2',1),('ncthang2','Nguyễn Chiến Thắng - CMC Global RRC','2019-11-29 00:02:39','RRC',1),('nctruong','Nguyễn Công Trường - CMC Global DU3','2019-11-29 00:02:01','DU3',1),('nctson','Nguyễn Công Thái Sơn','2019-10-29 08:40:50','BU',0),('ncvinh','Nguyễn Cảnh Vinh','2019-10-29 08:40:50','DU6',0),('ndanh2','Nguyễn Diệu Anh - CMC Global Marketing','2020-02-04 12:00:54','MARKETING',1),('ndcong','Nguyễn Đình Công - CMC Global RRC','2019-11-04 12:00:30','RRC',0),('nddang','Nguyễn Duy Đăng - CMC Global DU3','2020-02-05 12:01:08','DU3',1),('ndduc','Nguyễn Đình Đức - CMC Global DU2','2019-12-16 10:32:28','DU2',1),('ndgiang','Nguyễn Đức Giang - CMC Global DU2','2020-02-04 12:00:54','DU2',1),('ndhiep','Nguyễn Đức Hiệp - CMC Global RRC','2019-11-04 12:00:30','RRC',0),('ndhoang1','Nguyễn Đức Hoàng - CMC Global DU2','2020-02-07 12:00:41','DU2',1),('ndhong','Nguyễn Đức Hồng - CMC Global DU8','2020-01-08 12:00:17','DU8',0),('ndhue','Nguyễn Đức Huệ - CMC Global GRC','2020-02-07 12:00:41','RRC',1),('ndhung','Nguyễn Đình Hùng - CMC Global DU2','2020-01-08 12:00:17','DU2',0),('ndkhanh1','Nhữ Đình Khánh - CMC Global DU12','2020-02-04 12:00:54','DU12',1),('ndkhanh2','Nguyễn Đức Khánh - CMC Global DU9','2020-01-22 12:01:07','DU9',1),('ndkhiem','Nguyễn Đình Khiêm - CMC Global DU2','2020-02-04 12:00:54','DU2',1),('ndlinh2','Nguyễn Diệu Linh - CMC Global DU3','2020-02-04 12:00:54','DU3',1),('ndngoc2','Nguyễn Danh Ngọc - CMC Global DU6','2020-02-04 12:00:54','DU6',1),('ndnguyen','Nguyễn Đức Nguyên - CMC Global Japan','2020-02-07 12:00:41','CMC JAPAN',1),('ndnhat','Nguyễn Đức Nhật - CMC Global BU','2019-11-29 00:01:39','BU2',1),('ndphong','Nguyễn Đức Phong - CMC Global DU2','2020-02-04 12:00:54','DU2',1),('ndphuong','Nguyễn Đình Phương - CMC Global DU12','2020-02-04 12:00:54','DU12',1),('ndquang2','Nguyễn Duy Quang - CMC Global DU6','2020-02-07 12:00:41','DU6',1),('ndquang3','Nguyễn Đức Quảng - CMC Global DU6','2019-11-04 12:00:30','DU6',0),('ndqui','Nguyễn Duy Quí - CMC Global DU2','2020-02-04 12:00:55','DU2',1),('ndson','Nguyen Danh Son - CMC Global IT','2020-02-04 12:00:54','IT',1),('ndtai','Nguyễn Đình Tài - CMC Global DU1','2019-11-04 12:00:30','DU1',0),('ndthanh12','Nguyễn Đức Thành - CMC Global DU3','2019-07-02 15:26:02',NULL,1),('ndthanh3','Nguyễn Đức Thành - CMC Global DU3','2020-02-04 12:00:54','DU3',1),('ndthien','Nguyễn Đức Thiện','2019-10-29 08:40:50','DU1',0),('ndtiep','Nguyễn Đình Tiệp - CMC Global DU6','2020-02-03 12:00:45','DU6',1),('ndvan','Nguyễn Đức Văn - CMC Global DU11','2020-02-04 12:00:54','ADMIN',1),('ngphuong','Nguyễn Giản Phương','2019-10-29 08:40:50','DU3',0),('nhanh3','Nguyễn Huy Anh - CMC Global DU3','2020-01-08 12:00:17','DU3',1),('nhanh5','Nguyễn Huy Anh','2019-10-29 08:40:50','DU3',0),('nhanh8','Nguyễn Hà Anh - CMC Global DU3','2020-02-04 12:00:54','DU3',1),('nhbac','Nguyễn Hoàng Bắc - CMC Global DU1','2020-01-22 12:01:07','DU1',1),('nhdai','Nguyễn Huy Đại - CMC Global DU2','2020-02-04 12:00:54','DU2',1),('nhdanh','Nguyễn Hoàng Đức Anh - CMC Global DU12','2020-02-04 12:00:54','DU12',1),('nhdong','Nguyễn Hồng Đông - CMC Global DU1','2020-02-07 12:00:41','DU1',1),('nhduc','Nguyễn Hữu Đức - CMC Global DU1','2020-01-20 12:00:43','DU1',1),('nhduc1','Nguyễn Huy Đức - CMCGlobal DU7','2020-01-18 12:00:13','DU7',1),('nhdung','Nguyễn Hoàng Dũng - CMC Global DU10','2020-02-07 12:00:41','DU10',1),('nhduy','Nguyễn Hoàng Duy - CMC Global DU10','2020-01-08 12:00:17','DU10',1),('nhha','Nguyễn Hải Hà - CMC Global SEPG','2020-02-04 12:00:54','QA',1),('nhhai','Nguyễn Hữu Hải - CMC Global ADMIN','2020-02-03 12:00:45','ADMIN',1),('nhhoang2','Nguyễn Huy Hoàng - CMC Global DU2','2019-11-04 12:00:30','DU2',0),('nhhoang3','Nguyễn Huy Hoàng - CMC Global DU3','2019-11-04 12:00:30','DU3',0),('nhlong','Nguyễn Hải Long','2019-10-29 08:40:50','DU1',0),('nhly','Nguyễn Hải Ly - CMC Global DU8','2019-12-12 10:41:09','DU8',0),('nhminh','Nguyễn Hoàng Minh - CMC Global DU3','2019-11-29 00:01:19','DU3',1),('nhnam1','Nguyễn Hoàng Nam','2019-10-29 08:40:50','DU3',1),('nhnam2','Nguyễn Hoàng Nam','2019-11-29 00:02:39','RRC',0),('nhnam3','Nguyễn Hoàng Nam - CMC Global DU1','2020-02-05 12:01:08','DU1',1),('nhnhat','Nguyễn Hữu Nhất - CMC Global DU1','2019-11-29 00:02:12','DU1',1),('nhnhon','Nguyên Han Nhơn - CMC Global DU10','2020-01-08 12:00:17','DU10',1),('nhphat','Nguyễn Hưng Phát - CMC Global DU10','2020-01-08 12:00:17','DU10',0),('nhphong','Nguyễn Hồng Phong - CMC Global DU3','2019-11-04 12:00:30','DU12',0),('nhphong2','NGUYỄN HẢI PHONG - CMC Global DU3','2019-11-04 12:00:30','DU3',0),('nhphuong1','Nguyễn Hòa Phương','2019-10-29 08:40:50','DU1',0),('nhphuong2','Nguyễn Huy Phương - CMC Global SA','2020-02-04 12:00:54','SA',1),('nhquan','Nguyễn Hoàng Quân - CMC Global DU8','2020-02-05 12:01:08','DU8',1),('nhson2','Nguyễn Hải Sơn','2019-10-29 08:40:50','DU1',0),('nhtai','Nguyễn Hữu Tài - CMC Global DU6','2019-10-30 09:58:19','DU6',0),('nhthanh1','Nguyễn Huy Thành','2019-10-29 08:40:50','RRC',0),('nhthao','Nguyễn Hữu Thảo - CMC Global DU6','2019-11-04 12:00:30','DU6',0),('nhthu','Nguyễn Hoài Thu - CMC Global DU10','2020-02-04 12:00:54','DU10',1),('nhtoan1','Nguyễn Hữu Toàn - CMC Global DU2','2020-02-07 12:00:41','DU2',1),('nhtoan3','Nguyễn Huy Toàn - CMC Global DU3','2020-01-25 12:00:47','DU3',1),('nhtong','Nguyễn Hai Tòng - CMC Global DU8','2020-02-04 12:00:54','DU8',1),('nhtrinh','Nguyễn Huyền Trinh - CMC Global DU5','2019-11-04 12:00:30','DU5',0),('nhtuan','Nguyễn Hoàng Tuấn - CMC Global DU8','2019-11-29 00:02:44','DU8',1),('nhtuan1','Nguyễn Hữu Tuấn - CMC Global DU7','2019-11-29 00:01:22',NULL,0),('nhvan','Nguyễn Hồng Vân - CMC Global DU3','2020-02-04 12:00:54','DU3',1),('nhviet','Nguyễn Hoàng Việt','2019-10-29 08:40:50','DU3',0),('nhvinh','Nguyễn Hữu Vinh - CMC Global DU3','2020-01-08 12:00:17','DU3',0),('nhvu','Nguyễn Hoàng Vũ - CMC Global DU7','2020-02-03 12:00:45','DU7',1),('nkcuong2','Nguyễn Khắc Cường - CMC Global DU2','2020-02-07 12:00:41','DU2',1),('nkdung','Nguyễn Khánh Dũng - CMC Global DU12','2020-02-03 12:00:45','DU12',1),('nklinh','Nguyễn Khánh Linh - CMC Global DU8','2020-02-04 12:00:54','DU8',1),('nktrung2','Nguyễn Kim Trung - CMC Global DU2','2019-11-04 12:00:30','DU2',0),('nlchi','Nguyễn Linh Chi - CMC Global BU','2020-01-09 10:40:46','BU',0),('nlphai','Nguyễn Long Phi Hải - CMC Global DU1','2020-02-07 12:00:41','DU1',1),('nlqhuy','Nguyễn Lê Quang Huy - CMC Global DU9','2020-02-04 12:00:54','DU9',1),('nman','Nguyễn Minh An - CMC Global DU3','2019-12-12 10:41:09','DU3',0),('nmanh','Ngô Minh Anh - CMC Global DU11','2020-01-18 12:00:13','DU11',1),('nmcam','Nguyễn Mạnh Cầm - CMC Global DU3','2019-11-04 12:00:30','DU3',0),('nmcong','Nguyễn Minh Công - CMC Global DU7','2020-02-04 12:00:54','DU7',1),('nmha','Nguyễn Minh Hà - CMC Global Admin','2019-11-29 00:01:20','ADMIN',1),('nmhanh','Ngô Mỹ Hạnh - CMC Global DU3','2020-01-16 12:00:50','DU3',1),('nmhanh2','Nguyễn Mậu Hành - CMC Global DU7','2020-02-04 12:00:54','DU7',1),('nmhieu','Nguyễn Mạnh Hiếu - CMC Global IT','2020-02-04 12:00:54','IT',1),('nmhoang','Nguyễn Minh Hoàng - CMC Global DU1','2019-12-12 10:41:10','DU1',0),('nmhong1','Nguyễn Mai Hồng - CMC Global ADMIN','2020-02-07 12:00:41','ADMIN',1),('nmhuong','Nguyễn Minh Hường - CMC Global BU','2019-11-04 12:00:30','BU',0),('nmhuy2','Nguyễn Minh Huy - CMC Global DU6','2019-12-18 10:40:33','DU6',0),('nmlong','Nguyễn Mạnh Long','2019-10-29 08:40:50','BU',0),('nmnguyet','Nguyễn Minh Nguyệt','2019-10-29 08:40:50','HR',0),('nmnhat','Nguyễn Minh Nhật - CMC Global DU3','2020-02-04 12:00:54','DU3',1),('nmphuong1','Nguyễn Minh Phương - CMC Global DU3','2020-02-04 12:00:54','DU3',1),('nmtan','Ngô Minh Tấn - CMC Global DU10','2020-02-07 12:00:41','DU10',1),('nmthang','Nguyễn Minh Thắng - CMC Global DU6','2020-02-04 12:00:54','DU6',1),('nmtien','Nguyễn Mạnh Tiến - CMC Global DU3','2020-01-08 12:00:17','DU3',0),('nmtu','Nguyễn Minh Tú - CMC Global DU1','2020-01-08 12:00:17','DU1',0),('nmtuyen','Ngô Minh Tuyên','2019-10-29 08:40:50','DU3',0),('nmvuong','Nguyễn Minh Vương - CMC Global DU11','2020-02-04 12:00:54','DU11',1),('nndo','Ngô Nhật Đô - CMC Global DU10','2020-02-07 12:00:41','DU10',1),('nnduy','Nguyễn Ngọc Duy - CMC Global DU1','2019-11-04 12:00:30','DU1',0),('nngiang','Nguyễn Ngọc Giang - CMC Global DU6','2020-02-04 12:00:54','DU6',1),('nnhai','Nguyễn Ngọc Hải - CMC Global RRC','2019-11-04 12:00:30','RRC',0),('nnhieu','Nguyễn Ngọc Hiếu - CMC Global DU12','2020-02-07 12:00:41','DU12',1),('nnhlam','Ngô Nguyễn Hoàng Lâm - CMC Global DU1','2020-02-07 12:00:41','DU1',1),('nnpanh','Nguyễn Ngọc Phan Anh - CMC Global GRC','2020-02-07 12:00:41','RRC',1),('nnquy','Nguyễn Như Quý - CMC Global DU3','2019-12-12 10:41:10','DU3',0),('nntam','Nguyễn Ngọc Tâm','2019-10-29 08:40:50','DU6',0),('nntrong','Nguyễn Ngọc Trọng - CMC Global DU1','2019-11-04 12:00:30','DU1',0),('nntuan','Nguyễn Ngọc Tuấn - CMC Global DU2','2020-02-04 12:00:54','DU2',1),('nntuy','Nguyễn Ngọc Túy - CMC Global DU7','2020-02-04 12:00:54','DU7',1),('npdlinh','Nguyễn Phạm Diệu Linh - CMC Global DU12','2020-02-04 12:00:54','DU12',1),('npduy','Nguyễn Phước Duy - CMC Global DU7','2020-02-05 12:01:08','DU7',1),('Nptai','Nguyễn Phát Tài - CMC Global DU7','2020-02-04 12:00:54','DU7',1),('npthanh','Ngô Phương Thanh - CMC Global PMO','2020-02-04 12:00:54','PMO',1),('nqanh','Ngô Quang Anh','2019-10-29 08:40:50','DU3',0),('nqanh2','Nguyễn Quỳnh Anh - CMC Global REC','2019-11-04 12:00:30','REC',0),('nqanh3','Nguyễn Quốc Anh','2019-10-29 08:40:50','RRC',0),('nqanh4','Nguyễn Quốc Anh - CMC Global DU11','2020-02-02 12:00:31','DU11',1),('nqdai','Nguyễn Quốc Đại - CMC Global DU12','2020-02-04 12:00:54','DU12',1),('nqdung','Nguyễn Quang Dũng - CMC Global DU12','2020-02-04 12:00:54','DU12',1),('nqhoan','Nguyễn Quang Hoàn - CMC Global DU3','2020-01-08 12:00:17','DU3',0),('nqhung2','Nông Quốc Hưng - CMC Global DU12','2020-02-04 12:00:54','DU12',1),('nqhuy','Nguyễn Quốc Huy - CMC Global DU3','2019-10-29 08:40:50','NO_DEPARTMENT',0),('nqhuy1','Nguyễn Quốc Huy - CMC Global DU3','2020-01-08 12:00:17','DU3',1),('nqminh','Nguyễn Quang Minh - CMC Global DU2','2020-01-04 10:41:03','DU2',1),('nqphuc','Nguyễn Quảng Phúc - CMC Global GRC','2020-02-07 12:00:41','RRC',1),('nqsu','Nguyễn Quốc Sử - CMC Global CEO','2019-11-20 10:40:18','BOM',1),('nqthang','Nguyễn Quyết Thăng - CMC Global DU6','2020-02-07 12:00:41','DU6',1),('nqvinh1','Nguyễn Quang Vinh - CMC Global DU12','2020-02-04 12:00:54','DU12',1),('nsha','Nguyễn Sơn Hà - CMC Global DU3','2020-02-04 12:00:54','DU3',1),('ntan','Nguyễn Thúy An - CMC Global BU','2019-11-04 12:00:30','BU3',0),('ntanh','Nguyễn Tuấn Anh - CMC Global DU1','2019-11-29 00:02:04','DU1',1),('ntanh11','Ngô Thị Anh - CMC Global REC','2020-02-04 12:00:54','REC',1),('ntanh2','Nguyễn Thế Anh','2019-10-29 08:40:50','DU3',0),('ntanh6','Nguyễn Thế Anh  - CMC Global DU3','2020-02-04 12:00:54','DU3',1),('ntbang','Nguyễn Thị Bằng - CMC Global DU8','2020-02-04 12:00:54','DU8',1),('ntbhang','Nguyễn Thị Bích Hằng - CMC Global DU3','2020-02-04 12:00:54','DU3',1),('ntbinh3','Ngô Thanh Bình - CMC Global DU8','2020-02-04 12:00:54','DU8',1),('ntbinh4','Nguyễn Thanh Bình - CMC Global DU2','2020-02-07 12:00:41','DU2',1),('ntbngoc1','Nguyễn Thị Bảo Ngọc - CMC Global DU1','2019-11-04 12:00:30','DU1',0),('ntchau','Nguyễn Trọng Châu - CMC Global DU10','2020-02-07 12:00:41','DU10',1),('ntcuc','Nguyễn Thị Cúc - CMC Global ADMIN','2020-01-08 12:00:17','ADMIN',0),('ntcvan','Nguyễn Thị Cẩm Vân - CMC Global REC','2020-02-04 12:00:54','REC',1),('ntdoanh','Nguyễn Thế Doanh - CMC Global CDO HCM','2020-02-07 12:00:41','DU10',1),('ntduc','Nguyễn Thế Đức - CMC Global DU3','2019-11-04 12:00:30','DU3',0),('ntduc2','Nguyễn Tiến Đức - CMC Global DU2','2019-11-17 10:40:38','DU2',0),('ntdung','Nguyễn Tiến Dũng','2019-10-29 08:40:50','DU1',0),('ntdung2','Nguyễn Thùy Dung - CMC Global DU8','2020-02-04 12:00:54','DU8',1),('ntdung22','Nguyễn Thế Dũng','2019-10-29 08:40:50','DU3',0),('ntdung31','Nguyễn Trung Dũng - CMC Global DU1','2019-11-04 12:00:30','DU1',0),('ntdung4','Nguyễn Thị Dung - CMC Global Accounting','2020-02-04 12:00:54','ACCOUNTING',1),('ntduong1','Nguyễn Tiến Dương - CMC Global DU3','2020-02-07 12:00:41','DU3',1),('ntduy','Nguyễn Trọng Duy ','2019-10-29 08:40:50','RRC',0),('ntduy2','Nguyễn Trọng Duy','2019-10-29 08:40:50','RRC',0),('ntgiang1','Nguyễn Thị Giang - CMC Global DU3','2019-11-04 12:00:30','DU3',0),('ntgiang2','Ngô Thanh Giang - CMC Global DU3','2020-02-04 12:00:54','DU3',1),('ntgiang3','Nguyễn Thị Giang - CMC Global DU8','2020-02-04 12:00:54','DU8',1),('ntgiap','Nguyễn Tất Giáp - CMC Global DU1','2020-01-26 12:01:00','DU1',1),('ntha3','Nguyễn Thu Hà - CMC Global DU8','2020-02-05 12:01:08','DU8',1),('ntha4','Nguyễn Thu Hà - CMC Global DU6','2020-01-08 12:00:17','DU6',1),('nthai2','Nguyễn Thế Hải - CMC Global DU6','2020-02-04 12:00:54','DU6',1),('nthgiang','Nguyễn Thị Hương Giang - CMC Global SEPG','2020-02-04 12:00:54','SEPG',1),('nthiep','Nguyễn Tuấn Hiệp - CMC Global DU1','2019-12-12 10:41:10','DU1',0),('nthieu2','Nguyễn Trọng Hiếu - CMC Global DU2','2020-01-08 12:00:17','DU2',1),('nthieu4','Nguyễn Trung Hiếu - CMC Global SA','2020-02-07 12:00:41','SA',1),('nthieu5','Nguyễn Trung Hiếu - CMC GLobal DU9','2020-02-05 12:01:08','DU9',1),('nthieu6','Nguyễn Trung Hiếu - CMC Global DU6','2020-02-04 12:00:54','DU6',1),('nthnhung','Nguyễn Thị Hồng Nhung - CMC Global BU1','2020-02-04 12:00:54','BU1',1),('nthnhung2','Nguyễn Thị Hồng Nhung - CMC Global DU5','2019-11-04 12:00:30','DU5',0),('nthoa','Nguyễn Thị Hoa - CMC Global DU6','2020-02-04 12:00:54','DU6',1),('nthoan','Nguyễn Thị Hoan - CMC Global DU6','2020-02-07 12:00:41','DU6',1),('nthong','Ngô Thúy Hồng','2019-10-29 08:40:50','DU8',0),('nthong1','Nguyễn Thanh Hồng - CMC Global DU3','2020-02-05 12:01:08','DU3',1),('nthtruc','Nguyễn Thị Hồng Trúc - CMC Global DU8','2020-02-07 12:00:41','DU8',1),('nthung','Nguyễn Thế Hưng - CMC Global DU11','2020-02-07 12:00:41','DU11',1),('nthung1','Nguyễn Thế Hưng - CMC Global DU3','2020-02-06 12:00:23','DU3',1),('nthuong4','Nguyễn Thị Hường - CMC Global DU5','2019-11-04 12:00:30','DU5',0),('nthuong5','Nguyễn Thị Hường - CMC Global DU3','2019-12-12 10:41:10','DU3',0),('nthuong6','Nghiêm Thanh Hương - CMC Global DU6','2020-02-04 12:00:54','DU6',1),('nthuyen','Nguyễn Thị Huyền - CMC Global QA','2020-02-04 12:00:54','QA',1),('ntkien','Nguyễn Trung Kiên - CMC Global GRC','2020-02-07 12:00:41','RRC',1),('ntkien12','Nguyễn Trung Kiên - CMC Global DU2','2020-02-04 12:00:54','DU2',1),('ntkien4','Ngô Trung Kiên - CMC Global RRC','2019-11-04 12:00:30','RRC',0),('ntlam1','Nguyễn Thị Lâm - CMC Global QA','2020-02-04 12:00:54','QA',1),('ntlhang','Nguyễn Thị Lệ Hằng - CMC Global DU8','2019-11-04 12:00:30','DU8',0),('ntlinh2','Nguyễn Thùy Linh - CMC Global DU8','2020-01-16 12:00:50','DU8',1),('ntlinh3','Nguyễn Thị Lĩnh - CMC Global DU7','2020-02-04 12:00:54','DU7',1),('ntloc','Ngô Tiến Lộc - CMC Global DU1','2019-12-12 10:41:10','DU1',0),('ntlong','Nguyễn Thành Long - CMC Global IT','2020-02-07 12:00:41','IT',1),('ntlquyen','Nguyễn Thị Lệ Quyên - CMC Global DU2','2020-02-04 12:00:54','DU2',1),('ntluan','Nguyễn Thành Luân - CMC Global DU3','2020-02-04 12:00:54','DU3',1),('ntluan2','Nguyễn Thành Luân','2019-10-29 08:40:50','RRC',0),('ntluu2','Nguyễn Thanh Lựu - CMC Global DU8','2020-02-07 12:00:41','DU8',1),('ntluyen1','Nguyễn Thị Luyến - CMC Global DU8','2020-01-08 12:00:17','DU8',1),('ntly','Nguyễn Thị Lý - CMC Global DU8','2020-02-04 12:00:54','DU8',1),('ntmai','Ngô Thị Mai','2019-03-22 14:23:12',NULL,1),('ntmanh2','Nguyễn Thị Mai Anh - CMC Global PMO','2020-02-07 12:00:41','PMO',1),('ntmduyen','Nguyễn Thị Mỹ Duyên - CMC Global DU2','2020-01-21 12:00:54','DU2',1),('ntmthu','Nguyễn Thị Minh Thu - CMC Global Admin','2019-11-04 12:00:30','ADMIN',0),('ntmua','Ngọc Thị Mùa','2019-10-29 08:40:50','DU1',0),('ntnanh2','Nguyễn Thị Nhật Anh - CMC Global REC','2020-02-04 12:00:54','REC',1),('ntnga','Nguyễn Thúy Nga','2019-10-29 08:40:50','DU8',0),('ntngoc','Nguyễn Thị Ngọc','2019-10-29 08:40:50','ADMIN',0),('ntnhan','Nguyễn Thanh Nhàn - CMC Global HR','2020-02-04 12:00:54','HR',1),('ntnhan1','Nguyễn Thành Nhân - CMC Global DU6','2019-12-25 10:41:02','DU6',1),('ntnhon','Nguyễn Thành Nhơn - CMC Global DU10','2020-02-04 12:00:54','DU10',1),('ntnhung1','Nguyễn Tuyết Nhung - CMC Global DU8','2020-02-04 12:00:54','DU8',1),('ntnhung2','Nguyễn Thị Nhung - CMC Global DU8','2019-12-22 10:40:23','DU8',0),('ntpha','Nguyễn Thị Phương Hà - CMC Global DU2','2020-02-04 12:00:54','DU2',1),('ntphat','Nguyễn Tấn Phát - CMC Global DU11','2020-02-05 12:01:08','DU11',1),('ntphong','Nguyễn Thanh Phong - CMC Global DU3','2020-02-07 12:00:41','DU3',1),('ntphuc','Nguyễn Trọng Phúc - CMC Global japan','2020-02-07 12:00:41','NO_DEPARTMENT',1),('ntphuong2','Nguyễn Thái Phương - CMC Global DU1','2019-11-29 00:02:02','DU1',1),('ntphuong3','Nguyễn Thị Phượng - CMC Global DU1','2019-11-04 12:00:30','DU1',0),('ntphuong5','Nguyễn Trần Phương - CMC Global G2','2020-02-04 12:00:54','DU11',1),('ntplien','Nguyễn Thị Phương Liên - CMC Global Marketing','2020-02-04 12:00:54','MARKETING',1),('ntpthanh','Nguyễn Thị Phương Thanh - CMC Global DU12','2020-02-04 12:00:54','DU12',1),('ntpthao','Nguyễn Thị Phương Thảo - CMC GLobal DU8','2020-01-08 12:00:17','DU8',1),('ntqhue','Nguyễn Thị Quỳnh Huệ - CMC Global DU6','2019-12-12 10:41:10','DU6',0),('ntquan','Nguyễn Trung Quân - CMC Global DU1','2020-02-07 12:00:41','DU1',1),('ntquy','Nguyễn Tất Quý','2019-10-29 08:40:50','RRC',0),('ntquynh','Nguyễn Thu Quỳnh','2019-10-29 08:40:50','BU',0),('ntson3','Nguyễn Thế Sơn','2019-03-22 14:23:12',NULL,1),('nttam','Nguyễn Thị Tâm - CMC Global ADMIN','2019-12-01 10:40:47','ADMIN',1),('nttam1','Nguyễn Thị Tâm - CMC Global REC','2020-02-04 12:00:54','REC',1),('nttdung','Nguyễn Thị Thanh Dung - CMC Global DU8','2020-02-04 12:00:54','DU8',1),('nttdung1','Nguyễn Thị Thùy Dung - CMC Global DU1','2020-02-04 12:00:54','DU1',1),('nttduong','Nguyễn Thị Thùy Dương - CMC Global REC','2020-02-04 12:00:54','REC',1),('nttgiang','Nguyễn Thị Thu Giang - CMC Global DU6','2020-02-04 12:00:54','DU6',1),('nttha1','Nguyễn Thị Thu Hà','2019-10-29 08:40:50','DU6',0),('nttha2','Nguyễn Thị Thanh Hà - CMC Global QA','2020-01-16 12:00:50','QA',1),('ntthang1','Nguyễn Thị Thu Hằng - CMC Japan','2020-01-05 10:40:16','CMC JAPAN',1),('ntthanh2','Nguyễn Thanh Thanh - CMC Global DU12','2020-02-04 12:00:54','DU12',1),('ntthanh3','Nguyễn Tiến Thành - CMC Global DU6','2020-01-19 12:00:28','DU6',1),('ntthao3','Nguyễn Thị Thảo - CMC Global DU3','2019-11-04 12:00:30','DU3',0),('ntthoa','Nguyễn Thị Thanh Hoa','2019-05-15 00:00:07',NULL,1),('ntthoai','Ngô Thị Thu Hoài - CMC Global DU8','2020-02-04 12:00:54','DU8',1),('ntthom','Nguyễn Thị Thơm - CMC Global DU12','2019-11-04 12:00:30','DU12',0),('ntthu1','Nguyễn Thị Thu - CMC Global DU8','2020-02-04 12:00:54','DU8',1),('ntthuan','Nguyễn Thị Thuấn','2019-10-29 08:40:50','ADMIN',0),('ntthuan2','Nguyễn Tiến Thuận - CMC Global DU3','2020-02-04 12:00:54','DU3',1),('ntthuy1','Nguyễn Thị Thúy','2019-10-29 08:40:50','QA',0),('ntthuy2','Nguyễn Thị Thúy - CMC Global DU8','2020-02-04 12:00:54','DU8',1),('ntthuy5','Nguyen Thi Thuy  (Global.DU5)','2019-11-04 12:00:30','DU5',0),('ntthuyen2','Nguyễn Thị Thu Huyền - CMC GLobal ADMIN','2020-01-08 12:00:17','ADMIN',0),('nttin','Nguyễn Thương Tín - CMC Global DU12','2020-02-04 12:00:54','DU12',1),('nttkha','Nguyễn Thị Tuyết Kha - CMC Global DU8','2019-11-04 12:00:30','DU8',0),('nttlinh','Nguyễn Thị Thùy Linh - CMC Global DU7','2020-02-07 12:00:41','DU7',1),('nttnga2','Nguyễn Thị Thùy Nga - CMC Global BU','2019-11-04 12:00:30','BU',0),('nttnga3','Nguyễn Thị Thu Nga - CMC Global HR','2020-02-07 12:00:41','HR',1),('nttphuong1','Ngô Thị Thảo Phương - CMC Global DU3','2020-02-04 12:00:54','DU3',1),('nttphuong2','Nguyễn Thị Thu Phượng - CMC Global Admin','2020-01-08 12:00:17','ADMIN',0),('nttrang','Nguyễn Thu Trang - CMC Global BU','2020-02-04 12:00:54','BU3',1),('nttrang1','Nguyễn Thu Trang - CMC Global HR','2020-01-09 10:40:46','HR',1),('nttrang2','Nguyễn Thu Trang 2','2019-10-29 08:40:50','BU',0),('nttrung1','Nguyễn Tiến Trung - CMC Global DU3','2020-01-08 12:00:17','DU3',1),('nttrung2','Nguyễn Thành Trung - CMC Global DU10','2020-02-07 12:00:41','DU10',1),('nttthao2','Nguyễn Thị Thu Thảo - CMC Global REC','2020-02-07 12:00:41','REC',1),('ntttien','Nguyễn Thị Thủy Tiên - CMC Global MKT','2020-02-04 12:00:54','MARKETING',1),('ntttrang3','Nguyễn Thị Thanh Trang - CMC Global Admin','2019-11-04 12:00:30','ADMIN',0),('ntttrinh','Nguyễn Thị Tuyết Trinh - CMC Global DU6','2019-11-04 12:00:30','DU6',0),('ntttruc','Nguyễn Thị Thanh Trúc','2019-10-29 08:40:50','BU',0),('nttu','Nguyễn Thanh Tứ','2019-10-29 08:40:50','DU8',0),('ntutra','Nguyễn Thị Út Trà - CMC Global QA','2020-02-04 12:00:54','QA',1),('ntvanh1','Nguyễn Thị Vân Anh','2019-10-29 08:40:50','RRC',0),('ntvanh2','Nguyễn Vân Anh - CMC Global DU8','2019-11-29 00:01:31','DU8',1),('ntvanh3','Nguyễn Thị Vân Anh - CMC Global HR','2020-02-04 12:00:54','HR',1),('ntvanh4','Nguyễn Trường Việt Anh - CMC Global DU2','2020-02-05 12:01:08','DU2',1),('ntviet2','Nguyễn Tuấn Việt - CMC Global DU1','2020-02-04 12:00:54','DU1',1),('ntxoan','Nhâm Thị Xoan - CMC GLobal DU7','2020-02-05 12:01:08','DU7',1),('ntyen','Nguyễn Thị Yến - CMC Global DU8','2019-12-07 10:41:06','DU8',1),('nvan1','Nguyễn Văn An','2019-10-29 08:40:50','DU1',0),('nvangoc','Nguyễn Văn Anh Ngọc - CMC Global DU6','2019-11-04 12:00:30','DU6',0),('nvanh','Nguyễn Việt Anh','2019-10-29 08:40:50','DU1',0),('nvanh1','Nguyễn Việt Anh - CMC Global DU2','2019-11-04 12:00:30','DU2',0),('nvanh2','Nguyễn Việt Anh - CMC Global GRC','2020-02-07 12:00:41','RRC',1),('nvbach','Nguyễn Việt Bách - CMC Global - CDO','2020-02-07 12:00:41','DU11',1),('nvbang','Nguyễn Văn Bằng - CMC Global DU3','2020-02-04 12:00:54','DU3',1),('nvbao','Nguyễn Văn Bảo - CMC Global DU1','2020-02-04 12:00:54','DU1',1),('nvcau','Nguyễn Văn Cầu - CMC Global DU6','2019-11-04 12:00:30','DU6',0),('nvcong','Nguyễn Văn Công - CMC Global DU2','2019-12-12 10:41:09','DU2',0),('nvcuong2','Nguyễn Văn Cường - CMC Global DU1','2020-02-02 12:00:31','DU1',1),('nvcuong4','Nguyễn Văn Cường','2019-10-29 08:40:50','DU2',0),('nvcuong6','Nguyễn Văn Cương - CMC Global DU6','2020-02-04 12:00:54','DU6',1),('nvcuong8','Nguyễn Văn Cương - CMCGlobal DU6','2019-12-25 10:41:02','DU6',1),('nvdai','Ninh Văn Đại - CMC Global DU2','2020-02-04 12:00:54','DU2',1),('nvdiem','Nguyễn Văn Diệm - CMC Global DU3','2020-02-04 12:00:54','DU3',1),('nvdong','Nguyễn Văn Đông','2019-10-29 08:40:50','RRC',0),('nvdung','Nguyễn Việt Dũng - CMC Global DU3','2019-11-29 00:02:02','DU3',1),('nvdung1','Nguyễn Văn Dũng - CMC Global DU7','2020-02-07 12:00:41','DU7',1),('nvdung2','Nguyễn Văn Dũng - CMC Global DU6','2020-02-07 12:00:41','DU6',1),('nvduy','Nguyễn Văn Duy','2019-10-29 08:40:50','DU1',0),('nvduy1','Nguyễn Văn Duy - CMC Global DU6','2019-12-12 10:41:09','DU6',0),('nvhai','Nguyễn Văn Hải - CMC Global DU3','2020-02-04 12:00:54','DU3',1),('nvhieu2','Nguyễn Văn Hiếu - CMC Global DU2','2020-02-03 12:00:45','DU2',1),('nvhieu3','Nguyễn Văn Hiếu - CMC Global DU11','2020-02-04 12:00:54','DU11',1),('nvhinh','Nguyễn Văn Hinh - CMC Global IT','2020-02-07 12:00:41','IT',1),('nvhung1','Nguyễn Văn Hưng - CMC Global DU3','2020-02-04 12:00:54','DU3',1),('nvhuy2','Nguyễn Văn Huy - CMC Global DU12','2020-01-08 12:00:17','DU12',0),('nvkhanh','Nguyễn Văn Khánh - CMC Global DU2','2019-12-12 10:41:09','DU2',0),('nvkhiem','Nguyễn Văn Khiêm - CMC Global DU3','2020-02-07 12:00:41','DU3',1),('nvkhoa','Nguyễn Văn Khoa','2019-10-29 08:40:50','DU6',0),('nvlinh','Nguyễn Văn Linh - CMC Global RRC','2019-11-04 12:00:30','RRC',0),('nvlong','Nguyễn Văn Long - CMC Global DU6','2020-02-07 12:00:41','DU6',1),('nvlong1','Nguyễn Viết Long - CMC Global DU7','2020-02-06 12:00:23','DU7',1),('nvluan','Nguyễn Văn Luân','2019-10-29 08:40:50','DU1',0),('nvmanh','Nguyễn Viết Mạnh - CMC Global DU2','2020-02-07 12:00:41','DU2',1),('nvmanh1','Nguyễn Văn Mạnh - CMCGlobal DU1','2020-01-08 12:00:17','DU1',0),('nvnam','Nguyễn Văn Nam','2019-10-29 08:40:50','DU2',0),('nvnam3','Nguyễn Vinh Nam - CMC Global DU11','2020-02-07 12:00:41','DU11',1),('nvnghi','Ngô Văn Nghị - CMC Global RRC','2019-11-04 12:00:30','RRC',0),('nvngoc','Nguyễn Văn Ngọc - CMC Global DU1','2020-02-04 12:00:54','DU1',1),('nvphu','Nguyễn Việt Phú - CMC Global DU1','2019-12-15 10:40:55','DU1',0),('nvphuc','Nguyễn Văn Phúc - CMC Global DU6','2020-02-04 12:00:54','DU6',1),('nvquang','Nguyễn Văn Quang - CMC Global DU12','2019-12-12 10:41:09','DU12',0),('nvquoc','Nguyễn Việt Quốc - CMC Global BU2','2020-01-31 12:01:04','BU2',1),('nvquy1','Ngô Văn Quý - CMC Global RRC','2019-11-04 12:00:30','RRC',0),('nvquyen','Nguyễn Văn Quyền - CMC Global DU3','2019-11-23 10:40:58','DU3',1),('nvsu2','Nguyễn Văn Sử - CMC Global DU6','2019-11-04 12:00:30','DU6',0),('nvthang','Nguyễn Văn Thắng - CMC Global DU2','2019-11-04 12:00:30','DU2',0),('nvthang1','Nguyễn Việt Thắng - CMC Global DU6','2019-12-19 10:40:45','DU6',0),('nvthanh','Nguyễn Văn Thành','2019-10-29 08:40:50','DU3',0),('nvthanh3','Nguyễn Văn Thành - CMC Global DU1','2020-02-07 12:00:41','DU1',1),('nvthe','Nguyễn Văn Thể - CMC Global DU12','2019-12-12 10:41:10','DU12',0),('nvthong','Nguyễn Văn Thông','2019-10-29 08:40:50','DU3',0),('nvtien','Nguyễn Văn Tiến - CMC Global DU2','2020-02-02 12:00:31','DU2',1),('nvtiep2','Nguyễn Văn Tiệp - CMC Global GRC','2020-02-07 12:00:41','RRC',1),('nvtrung1','Nguyễn Văn Trung - CMC Global DU3','2020-02-04 12:00:54','DU3',1),('nvtruong1','Nguyễn Văn Trường - CMC Global DU6','2020-01-31 12:01:04','DU6',1),('nvttien','Tiến Nguyễn Vũ Thành - CMC Global DU7','2020-02-04 12:00:54','DU7',1),('nvtu','Nguyễn Văn Tú - CMC Global DU3','2020-02-04 12:00:54','DU3',1),('nvtuan2','Nguyễn Văn Tuấn - CMC Global DU12','2020-02-07 12:00:41','DU12',1),('nvtuyen','Nguyễn Văn Tuyền - CMC Global DU1','2019-11-04 12:00:30','DU1',0),('nxcanh','Ngô Xuân Cảnh - CMC Global DU2','2020-02-04 12:00:54','DU2',1),('nxhuy','Nguyễn Xuân Huy - CMC Global IT','2019-11-04 12:00:30','IT',0),('nxkhanh','Nguyễn Xuân Khánh - CMC Global GRC','2020-02-07 12:00:41','RRC',1),('nxthoi','Nguyễn Xuân Thời','2019-10-29 08:40:50','DU1',0),('nxthu2','Nguyễn Xuân Thụ - CMC Global Japan','2020-02-05 12:01:08','DU7',1),('nxviet','Nguyễn Xuân Việt - CMC Global DU7','2020-02-04 12:00:54','DU7',1),('pathien','Phạm An Thiên - CMC Global DU2','2019-12-12 10:41:10','DU2',0),('patu','Phạm Anh Tú - CMC Global DU3','2020-02-04 12:00:54','DU3',1),('pbvu','Phạm Bá Vũ','2019-10-29 08:40:50','DU2',0),('pdhung','Phùng Đức Hưng - CMC Global DU1','2019-11-04 12:00:30','DU1',0),('pdquan','Phạm Đức Quân','2019-10-29 08:40:50','DU1',0),('pdquang','Phan Duy Quang - CMC Global DU7','2020-02-05 12:01:08','DU7',1),('pdquang1','Phó Đức Quang - CMC Global DU3','2020-02-04 12:00:54','DU3',1),('pdsinh','Phạm Duy Sinh - CMC Global DU3','2019-11-04 12:00:30','DU3',0),('pdtanh','Phạm Đình Tuấn Anh - CMC Global GRC','2020-02-07 12:00:41','RRC',1),('pdthang','Phạm Đức Thắng - CMC Global DU3','2020-01-08 12:00:17','DU3',1),('pghuu','Phạm Gia Hữu - CMC Global DU2','2020-02-04 12:00:54','DU2',1),('pgphong','Phạm Gia Phong - CMC Global DU12','2020-02-04 12:00:54','DU12',1),('phduc','Phan Huỳnh Đức - CMC Global DU12','2020-02-07 12:00:41','DU12',1),('phgiang','Phạm Hương Giang - CMC Global PMO','2020-01-16 12:00:50','PMO',1),('phiep','Phan Hiệp - CMC Global DU7','2019-11-29 00:01:26','DU7',1),('phmy','Phùng Hà My - CMC Global BU','2020-02-04 12:00:54','BU1',1),('phnhan','Phạm Hoài Nhân','2019-10-29 08:40:50','DU3',1),('phnhung','Phạm Hồng Nhung','2019-10-29 08:40:50','DU3',0),('phung','Phạm Hùng - CMC Global DU3','2020-02-07 12:00:41','DU3',1),('phuonghv','Hà Văn Phương','2019-11-29 00:02:14','ADMIN',1),('pkcuong','Phạm Kỷ Cương','2019-10-29 08:40:50','QA',0),('pmduc','Phạm Minh Đức','2019-10-29 08:40:50','RRC',0),('pmduc2','Phạm Minh Đức - CMC Global DU1','2020-02-03 12:00:45','DU1',1),('pmduc3','Phạm Minh Đức - CMC Global DU3','2020-02-07 12:00:41','DU3',1),('pmdung','Phạm Mỹ Dung - CMC Global HR','2020-02-07 12:00:41','HR',1),('pmhoang','Phạm Minh Hoàng - CMC Global BU','2020-01-27 12:00:15','BU3',1),('pnanh','Phạm Nga Anh - CMC Global BU','2020-02-04 12:00:54','BU1',1),('pncan','Phùng Nam Can - CMC Global DU1','2019-11-04 12:00:30','DU1',0),('pndan','Phạm Ngọc Dân - CMC GLobal DU6','2020-02-04 12:00:54','DU6',1),('pnhai','Phạm Ngọc Hải - CMC Global DU1','2020-02-04 12:00:54','DU1',1),('pnhvinh','Phạm Ngọc Hoàng Vinh - CMC Global DU6','2020-02-07 12:00:41','DU6',1),('pnquang','Phan Nhật Quang - CMC Global DU10','2019-11-04 12:00:30','DU10',1),('pnquyen','Phạm Ngọc Quyên','2019-10-29 08:40:50','BU',0),('pntduy','Phan Nguyễn Tấn Duy - CMC Global DU10','2020-02-07 12:00:41','DU10',1),('pnthanh','Phạm Ngọc Thành - CMC Global DU3','2020-02-04 12:00:54','DU3',1),('pphanh','Phạm Phước Hạnh - CMC Global DU6','2020-01-20 12:00:43','DU6',1),('pqanh','Phạm Quỳnh Anh - CMC Global Marketing','2020-02-04 12:00:54','MARKETING',1),('pqhung','Phạm Quốc Hưng - CMC Global DU6','2019-11-29 00:02:03','DU6',1),('pqphuc','Phạm Quang Phúc - CMC Global DU7','2020-02-04 12:00:54','DU7',1),('pqtrung','Phan Quốc Trung - CMC Global DU3','2020-02-07 12:00:41','DU3',1),('ptathu','Phạm Thị Anh Thư - CMC Global DU7','2020-02-04 12:00:54','DU7',1),('ptdam','Phạm Thanh Đạm - CMC Global DU6','2020-02-05 12:01:08','DU6',1),('ptdat','Phan Tiến Đạt - CMC Global DU6','2020-01-01 10:40:22','DU6',1),('ptdung','Phạm Trung Dũng - CMCGlobal DU11','2020-02-04 12:00:54','DU11',1),('ptdung2','Phạm Trung Dũng - CMC Global DU6','2020-02-04 12:00:54','DU6',1),('ptgioi','Phạm Thị Giỏi - CMC Global RRC','2019-11-04 12:00:30','RRC',0),('pthanh','Phạm Thị Hạnh - CMC Global DU8','2020-01-05 10:40:16','DU8',1),('pthien1','Phan Thị Hiền - CMC Global DU2','2020-02-04 12:00:54','DU2',1),('pthninh','Phạm Thị Hải Ninh - CMC Global REC','2020-02-07 12:00:41','REC',1),('pthoa1','Phan Thị Hoa - CMC Global REC','2020-02-04 12:00:54','REC',1),('pthung','Phạm Tiến Hùng - CMC Global DU3','2019-11-04 12:00:30','DU3',0),('pthuong','Phạm Thị Hương - CMC Global DU8','2019-12-12 10:41:09','DU8',0),('pthuyen1','Phạm Thị Huyền','2019-10-29 08:40:50','DU1',0),('ptlam','Phan Trọng Lam - CMC Global DU1','2020-02-05 12:01:08','DU1',1),('ptlinh1','Phạm Thùy Linh - CMC Global BU','2019-11-04 12:00:30','BU',0),('ptluan','Phan Triết Luân - CMC Global DU7','2020-02-04 12:00:54','DU7',1),('ptmngoc','Phạm Thị Minh Ngọc ','2019-10-29 08:40:50','HR',0),('ptmphuong','Phạm Thị Minh Phương - CMC Global DU8','2019-12-22 10:40:23','DU8',0),('ptmy','Phạm Trà My - CMC Global DU1','2020-02-04 12:00:55','DU1',1),('ptnanh','Phạm Thị Ngọc Anh - CMC Global REC','2020-01-08 12:00:17','REC',0),('ptnghia1','Phạm Tuấn Nghĩa - CMC Global DU1','2020-02-07 12:00:41','DU1',1),('ptnham','Phạm Thị Nhâm','2019-10-29 08:40:50','BU',0),('ptnu','Phạm Thị Nụ - CMC Global DU1','2019-11-04 12:00:30','DU1',0),('ptpho','Phạm Thế Phổ - CMC Global DU12','2020-02-04 12:00:54','DU12',1),('ptphuong1','Phạm Thị Phương - CMC Global DU8','2020-02-04 12:00:54','DU8',1),('ptphuong3','Phạm Thị Phượng - CMC Global DU2','2020-01-21 12:00:54','DU2',1),('ptphuong5','Phạm Thanh Phương - CMC Global Marketing','2020-01-08 12:00:17','MARKETING',1),('ptqanh','Phạm Thị Quỳnh Anh - CMC GLobal DU8','2020-02-07 12:00:41','DU8',1),('pttha','Phạm Thị Thu Hà - CMC Global DU8','2020-02-04 12:00:54','DU8',1),('ptthanh','Phạm Trung Thành','2019-10-29 08:40:50','DU1',0),('ptthanh2','Phạm Thị Thanh - CMC Global DU6','2020-02-04 12:00:54','DU6',1),('ptthanh3','Phan Tuấn Thành - CMC Global DU3','2019-11-29 00:02:16','DU3',1),('ptthien1','Phạm Thị Thu Hiền - CMC Global DU7','2020-02-04 12:00:54','DU7',1),('pttho','Phạm Thị Tho - CMC Global DU3','2019-12-12 10:41:09','DU3',0),('ptthu1','Phan Tấn Thu - CMC Global DU7','2020-02-04 12:00:54','DU7',1),('ptthuy','Phạm Thị Thùy - CMC Global DU8','2020-02-04 12:00:54','DU8',1),('pttien','Phạm Thủy Tiên - CMC Global DU10','2020-01-09 10:40:46','DU10',1),('pttngoc','Phạm Thị Thu Ngọc','2019-10-29 08:40:50','DU8',0),('pttnhan','Phạm Thị Thanh Nhàn - CMC Global QA','2020-02-04 12:00:54','QA',1),('ptttrang2','Phạm Thị Thu Trang','2019-10-29 08:40:50','DU1',0),('ptttrang3','Phạm Thị Thuỳ Trang - CMC Global DU8','2020-02-04 12:00:54','DU8',1),('pttung','Phan Thanh Tùng - CMC Global DU12','2020-02-05 12:01:08','DU12',1),('ptuyen','Phạm Tố Uyên','2019-10-29 08:40:50','RRC',0),('ptvu','Phan Tuấn Vũ - CMC Global DU9','2020-02-04 12:00:54','DU9',1),('pvanh1','Phạm Việt Anh - CMC Global RRC','2019-11-04 12:00:30','DU8',0),('pvcanh','Phạm Văn Cảnh - CMC Global RRC','2019-11-04 12:00:30','RRC',0),('pvduong','PHẠM VĂN DƯƠNG - CMC Global DU3','2019-11-04 12:00:30','DU3',0),('pvgiang','Pham Van Giang - CMC Global DU3','2020-01-08 12:00:17','DU3',0),('pvhao','Phạm Văn Hào - CMC Global DU1','2020-02-03 12:00:45','DU1',1),('pvhieu','Phạm Văn Hiếu - CMC Global DU2','2020-02-07 12:00:41','DU2',1),('pvhoang','Phùng Văn Hoàng - CMC Global DU6','2020-02-07 12:00:41','DU6',1),('pvhung2','Phi Viet Hung - CMC Global DU5','2019-11-04 12:00:30','DU5',0),('pvhung3','Phạm Văn Hùng - CMC Global DU7','2020-02-03 12:00:45','DU7',1),('pvhvinh','Phạm Ngọc Hoàng Vinh','2019-10-29 08:40:50','DU6',0),('pvkhuong1','Phạm Văn Khương','2019-10-29 08:40:50','DU1',0),('pvoanh','Phạm Văn Oanh - CMC Global DU12','2020-02-04 12:00:54','DU12',1),('pvphi','Phạm Văn Phi - CMC Global DU1','2020-01-08 10:40:48','DU1',1),('pvthanh','Phạm Việt Thanh - CMC Global DU12','2020-02-04 12:00:54','DU12',1),('pvthinh','Phan Văn Thịnh - CMC Global DU7','2020-02-07 12:00:41','DU7',1),('pvvinh','Phạm Văn Vinh - CMC Global DU12','2020-02-04 12:00:54','DU12',1),('pxhoang','Phùng Xuân Hoàng - CMC Global DU3','2019-11-04 12:00:30','DU3',0),('pxtu','Phạm Xuân Tú - CMC Global DU2','2020-02-07 12:00:41','DU2',1),('splam','Sỳ Phương Lâm','2019-09-23 00:00:30',NULL,0),('splam1','Sỳ Phương Lâm - CMC Global DU3','2019-11-04 12:00:30','DU3',1),('srikanthsharma','Srikanth Sharma - CMC Global DU12','2020-02-04 12:00:54','DU12',1),('taquan','Trần Anh Quân - CMC Global DU12','2020-02-07 12:00:41','DU12',1),('tbhuy','Trần Bá Huy - CMC Global DU6','2020-01-08 12:00:17','DU6',1),('tbthien','Trần Bá Thiện - CMC Global DU7','2020-02-04 12:00:54','DU7',1),('tcnam','Trần Công Nam - CMC Global RRC','2019-11-04 12:00:30','RRC',0),('tcuong','Thái Cường - CMC Global DU7','2020-02-04 12:00:54','DU7',1),('tdhoan2','Trần Duy Hoàn - CMC Global DU6','2020-02-07 12:00:41','DU6',1),('tdhoang','Trịnh Đình Hoàng - CMC Global DU12','2020-02-05 12:01:08','DU12',1),('tdhoang2','Trần Đình Hoàng - CMC Global Marketing','2020-02-04 12:00:54','MARKETING',1),('tdlan','Trần Đức Lân','2019-10-29 08:40:50','RRC',0),('tdmanh2','Trịnh Đức Mạnh - CMC Global DU6','2020-02-04 12:00:54','DU6',1),('tdninh','Trần Đình Ninh','2019-10-29 08:40:50','RRC',0),('tdquan','Trần Đình Quân - CMC Global DU2','2020-02-04 12:00:54','DU2',1),('tdthanh','Tạ Đăng Thành - CMC Global DU3','2020-01-08 12:00:17','DU3',0),('tdvu','Trương Duy Vũ - CMC Global DU7','2020-02-07 12:00:41','DU7',1),('test','TEST - IT','2019-11-20 10:40:18','IT',1),('test03','Bùi Bá Trường','2019-08-08 10:09:38',NULL,0),('test04','Nguyễn Thị Thanh Hoa','2019-08-09 01:00:23',NULL,1),('tgnghia','Trần Gia Nghĩa - CMC Global DU3','2019-11-29 00:02:05','DU3',1),('thdu','Trần Hữu Dự','2019-10-29 08:40:50','DU1',0),('thduc','Trần Hồng Đức - CMC Global DU1','2020-02-04 12:00:54','DU1',1),('thhan','Trần Huỳnh Hạnh An - CMC Global DU7','2020-02-04 12:00:54','DU7',1),('thhiep','Trần Hoàng Hiệp - CMC Global DU6','2020-01-09 10:40:46','DU6',1),('thkhanh','Trần Hoàng Khánh','2019-10-29 08:40:50','DU3',1),('thlong2','Trần Hữu Long  - CMC Global DU7','2020-01-08 12:00:17','DU7',0),('thlong3','Triệu Hoàng Long - CMC Global DU1','2020-01-25 12:00:47','DU1',1),('thnam','Trịnh Hoài Nam - CMC Global DU12','2019-12-16 12:00:00','DU12',0),('thnam1','Trần Hoài Nam - CMC Global DU10','2020-02-04 12:00:54','DU10',1),('thnam2','Trần Huy Nam - CMC Global DU3','2019-11-29 00:02:35','DU3',1),('thngoc','Trần Hồng Ngọc ','2019-10-29 08:40:50','QA',0),('thoang','Tô Hoàng - CMCGlobal DU1','2019-11-04 12:00:30','DU1',0),('ththao','Trần Hữu Thảo - CMC Global DU1','2019-12-01 10:40:47','DU1',0),('thtien','Trần Hữu Tiến - CMC Global DU10','2020-02-04 12:00:54','DU10',1),('thtrung','Trần Huy Trung - CMC Global Marketing','2020-02-04 12:00:54','MARKETING',1),('thtung','Tạ Hoàng Tùng - CMC Global DU8','2020-02-05 12:01:08','DU8',1),('tkien','Trịnh Kiên - CMC Global DU2','2019-11-04 12:00:30','DU2',0),('tlhung','Trần Lê Hưng - CMC Global DU12','2020-02-04 12:00:54','DU12',1),('tlnham','Trần Linh Nhâm - CMC Global DU3','2020-02-04 12:00:54','DU3',1),('tmchau','Trần Minh Châu - CMC Global DU1','2020-02-05 12:01:08','DU1',1),('tmduc','Trần Minh Đức','2019-10-29 08:40:50','DU3',0),('tmgiang','Tống Minh Giang - CMC Global DU6','2020-02-04 12:00:54','DU6',1),('tmhoang','Trần Minh Hoàng - CMC Global DU12','2020-02-04 12:00:54','DU12',1),('tmhoat','Trần Minh Hoạt - CMC Global DU1','2019-11-29 00:02:13','DU1',1),('tmnguyet2','Từ Minh Nguyệt - CMC Global DU3','2019-11-04 12:00:30','DU3',0),('tmphuong','Trần Minh Phương - CMC Global DU8','2020-01-09 10:40:46','CMC JAPAN',1),('tmsang','Trịnh Minh Sang - CMC Global DU7','2020-02-06 12:00:23','DU7',1),('tmtung','Trần Minh Tùng - CMC Global DU1','2019-11-04 12:00:30','DU1',0),('tnduc','Trịnh Ngọc Đức - CMC Global Admin','2020-02-07 12:00:41','ADMIN',1),('tnluan','Trần Ngọc Luân - CMC Global DU3','2020-02-02 12:00:31','DU3',1),('tnstung','Trương Ngọc Sơn Tùng - CMC Global DU3','2020-01-08 12:00:17','DU3',0),('tnthang1','Trần Ngọc Thắng - CMC GLobal DU3','2020-02-04 12:00:54','DU3',1),('tphuy','Trần Phước Huy - CMC Global DU3','2019-11-24 10:41:11','DU3',1),('tptanh','Trần Phạm Tú Anh - CMC Global BU','2020-02-04 12:00:54','BU3',1),('tqhuy2','Tạ Quang Huy - CMC Global DU3','2020-02-04 12:00:54','DU3',1),('tqlinh','Trần Quang Linh - CMC Global DU12','2019-12-09 12:00:29','DU12',1),('tqminh1','Trương Quang Minh - CMC Global DU7','2020-02-04 12:00:54','DU7',1),('tqtien','Trần Quang Tiến - CMC Global DU10','2020-02-07 12:00:41','DU10',1),('tqtu','Trương Quang Tứ - CMC Global DU7','2020-02-07 12:00:41','DU7',1),('tqtung2','Trần Quang Tùng - CMC Global DU8','2020-02-04 12:00:54','DU8',1),('tqvinh','Trần Quang Vinh - CMC Global DU11','2020-02-04 12:00:54','DU11',1),('tqvu1','Trần Quốc Vũ - CMC Global DU7','2020-02-04 12:00:54','DU7',1),('ttai','Trần Thị Ái - CMC Global DU7','2020-02-04 12:00:54','DU7',1),('ttanh1','Trần Tuấn Anh - CMC Global DU12','2020-02-04 12:00:54','DU12',1),('ttbhuyen','Trần Thị Bảo Huyền - CMC Global GRC','2020-02-07 12:00:41','RRC',1),('ttbinh','Trần Thanh Bình - CMC Global Japan','2020-02-07 12:00:41','CMC JAPAN',1),('ttbngoc','Trần Thị Bích Ngọc - CMC Global Admin','2019-11-29 00:02:14','ADMIN',1),('ttcuong','Trần Tuấn Cường - CMC Global DU3','2020-02-04 12:00:54','DU3',1),('ttcvan','Trần Thị Cẩm Vân','2019-10-29 08:40:50','HR',0),('ttdat2','Tạ Tất Đạt','2019-11-04 12:00:30','DU2',0),('ttdung1','Trần Thị Dung - CMC Global DU8','2020-01-16 12:00:50','DU8',1),('ttha','Trinh Thu Ha (Global.DU5)','2019-11-04 12:00:30','DU5',0),('tthiep','Trần Tuấn Hiệp - CMC Global DU1','2019-11-04 12:00:30','DU1',0),('tthoai','Thái Thị Hoài - CMC Global DU5','2019-11-04 12:00:30','DU5',0),('tthong2','Trần Thị Hồng - CMC Global DU8','2020-01-09 10:40:46','DU8',1),('tththuong','Trần Thị Hoài Thương - CMC Global DU8','2020-01-08 12:00:17','DU8',1),('tthuyen1','Trần Thị Huyền - CMC Global DU12','2020-02-05 12:01:08','DU12',1),('tthuyen2','Trần Thanh Huyền - CMC Global DU6','2020-02-04 12:00:54','DU6',1),('tthyen','Trịnh Thị Hải Yến - CMC Global DU2','2020-02-04 12:00:54','DU2',1),('ttlan','Trần Thành Lân - CMC Global DU1','2019-12-12 10:41:10','DU1',0),('ttlien','Trần Thị Liên - CMC Global DU3','2020-02-04 12:00:54','DU3',1),('ttlinh2','Trần Thị Linh - CMC Global DU8','2020-02-04 12:00:54','DU8',1),('ttloan','Tô Thị Loan - CMC Global REC','2020-02-04 12:00:54','REC',1),('ttmy','Trần Trà My - CMC Global Accounting','2020-02-07 12:00:41','ACCOUNTING',1),('ttnhien','Trần Thị Ngọc Hiền - CMC Global DU10','2020-02-07 12:00:41','DU10',1),('ttphat1','Trương Tấn Phát - CMC Global DU10','2020-02-04 12:00:54','DU10',1),('ttpthao2','Thiều Thị Phương Thảo - CMC Global REC','2020-01-08 12:00:17','REC',0),('ttqminh','Minh Tran Thi Quang - CMC Global QA','2020-02-04 12:00:54','QA',1),('ttsen','Trần Thị Sen - CMC Global BU','2020-02-04 12:00:54','BU3',1),('ttson','Trương Thái Sơn','2019-10-29 08:40:50','DU3',0),('tttanh','Trần Thị Thảo Anh - CMC Global REC','2019-11-04 12:00:30','REC',0),('tttduong','Trương Thị Tùng Dương - CMC Global DU8','2020-01-08 12:00:17','DU8',1),('tttha2','Trịnh Thị Thu Hà','2019-10-29 08:40:50','ADMIN',0),('ttthe','Trương Trần Thế - CMC Global DU1','2019-12-12 10:41:10','DU1',0),('ttthien','Trịnh Thị Thu Hiền - CMC Global DU8','2019-11-04 12:00:30','DU8',0),('ttthien1','Trần Thị Thu Hiền - CMC Global DU12','2019-12-12 10:41:10','DU12',0),('tttho','Trịnh Thị Thơ - CMC Global DU6','2020-02-04 12:00:54','DU6',1),('ttthuong','Triệu Thị Thu Hương - CMC Global DU2','2020-02-04 12:00:54','DU2',1),('ttthuong1','Trần Thị Thu Hương - CMC Global DU1','2020-02-03 12:00:45','DU1',1),('ttthuy2','Trần Thanh Thủy  (Global.DU5)','2019-11-04 12:00:30','DU5',0),('ttthuyen','Trần Thị Tú Huyền','2019-10-29 08:40:50','DU5',0),('tttien','Trương Thị Tiến - CMC Global DU1','2019-11-04 12:00:30','DU1',0),('tttrang2','Trần Thiên Trang - CMC Global DU6','2020-02-04 12:00:54','DU6',1),('tttthao','Trần Thị Thu Thảo - CMC Global DU3','2020-02-04 12:00:54','DU3',1),('tttthuy','Trần Thị Thanh Thúy - CMC Global DU8','2020-02-04 12:00:54','DU8',1),('tttung2','Trần Thanh Tùng - CMC Global DU6','2020-02-07 12:00:41','DU6',1),('tttvan','Trần Thị Thanh Vân','2019-10-29 08:40:50','BU',0),('ttvan','Trần Thanh Vân - CMC Global BU','2020-02-04 12:00:54','BU1',1),('ttvanh1','Trịnh Thị Vân Anh - CMC Global DU3','2019-11-04 12:00:30','DU3',0),('ttvinh','Trần Tuấn Vinh - CMC Global DU6','2019-11-04 12:00:30','DU6',0),('ttvinh2','Trần Trọng Vinh - CMC Global DU3','2020-02-04 12:00:54','DU3',1),('ttxlanh','Trần Thị Xuân Lành - CMC Global QA','2020-01-31 12:01:04','QA',1),('ttyen','Trần Thị Yên - CMC Global DU8','2019-11-04 12:00:30','DU8',0),('tvcuong','Trần Văn Cương - CMC Global RRC','2019-11-04 12:00:30','RRC',0),('tvduan','Trịnh Viết Duẩn - CMC Global DU1','2020-02-02 12:00:31','DU1',1),('tvdung1','Triệu Văn Dũng','2019-10-29 08:40:50','DU6',0),('tvhai','Tô Văn Hải - CMC Global DU2','2019-11-29 00:02:16','DU2',1),('tvhoang','Trần Vĩnh Hoàng - CMC Global DU3','2020-02-03 12:00:45','DU3',1),('tvhuan','Trần Văn Huấn','2019-10-29 08:40:50','DU6',0),('tvhung11','Trương Văn Hưng - CMC Global DU3','2020-02-07 12:00:41','DU3',1),('tvkien','Trần Văn Kiên','2019-10-29 08:40:50','DU2',0),('tvluong','Trương Văn Lương','2019-03-22 14:23:12',NULL,1),('tvtai','Trịnh Văn Tài - CMC Global DU11','2019-11-29 00:01:25','DU11',1),('tvthinh','Trần Văn Thịnh - CMC Global DU3','2020-01-08 12:00:17','DU3',1),('tvtien','Trần Văn Tiến - CMC Global DU12','2020-02-04 12:00:54','DU12',1),('tvtiep','Trần Viết Tiệp - CMC Global DU1','2019-11-04 12:00:30','DU1',0),('tvtrang','Trần Vân Trang - CMC Global DU1','2020-02-04 12:00:54','DU1',1),('tvvu','Trương Văn Vũ - CMC Global DU10','2020-02-07 12:00:41','DU10',1),('txbach','Trần Xuân Bách','2019-03-22 14:23:12',NULL,1),('txdat','Trần Xuân Đạt - CMC Global DU6','2020-02-05 12:01:08','DU6',1),('txduy','Trần Xuân Duy - CMC Global DU3','2019-11-07 10:40:54','DU3',0),('txlam','Trần Xuân Lâm','2019-10-29 08:40:50','BOM',0),('txtung','Trần Xuân Tùng - CMC Global DU1','2019-12-12 10:41:09','DU1',0),('udayakumar','M.Udayakumar - CMC Global DU6','2020-02-05 12:01:08','DU6',1),('vaminh','Võ Anh Minh - CMC Global DU10','2020-01-08 12:00:17','DU10',0),('vananh95','Lê Thị Vân Anh','2019-08-26 08:59:09',NULL,0),('vbhuan','Vũ Bá Huấn - CMC Global DU6','2020-02-04 12:00:54','DU6',1),('vccong','Vi Chí Công - CMC Global DU6','2020-02-04 12:00:54','DU6',1),('vcthanh','Vũ Công Thành','2019-10-29 08:40:50','RRC',0),('vctoan','Võ Công Toàn - CMC Global QA','2020-02-06 12:00:23','QA',1),('vdanh','Vương Đức Anh - CMC Global DU2','2020-02-04 12:00:54','DU2',1),('vdanh2','Vũ Duy Anh - CMC Japan','2020-02-07 12:00:41','DU2',1),('vdhao','Vũ Đình Hào - CMC Global DU3','2019-11-29 00:01:39','DU3',1),('vdhoan','Vũ Đình Hoàn','2019-10-29 08:40:50','DU6',0),('vdtai','Văn Đức Tài - CMC Global DU7','2020-02-04 12:00:54','DU7',1),('vdtan','Vương Đức Tân - CMC Global DU3','2020-02-07 12:00:41','DU3',1),('vdthuan','Vũ Đức Thuần - CMC Global DU2','2019-12-12 10:41:10','DU2',0),('vdtrung','Vũ Đức Trung','2019-10-29 08:40:50','DU3',0),('vhha','Vũ Hải Hà','2019-10-29 08:40:50','QA',0),('vhson2','Võ Hoàng Sơn - CMC Global DU6','2019-12-12 10:41:10','DU6',0),('vhtuan','Vũ Hoàng Tuấn - CMC Global DU3','2019-11-04 12:00:30','DU3',0),('vhuy','Vương Huy - CMC Global DU3','2019-12-12 10:41:10','DU3',0),('vinahunguyen','Nguyễn Văn Ninh','2019-08-26 08:59:40',NULL,1),('vkdung','Vũ Kim Dung - CMC Global DU8','2020-02-05 12:01:08','DU8',1),('vkhung','Vũ Kiều Hưng - CMC Global DU3','2020-01-08 12:00:17','DU3',1),('vmkhoi','Vũ Minh Khôi - CMC Global DU6','2020-02-04 12:00:54','DU6',1),('vmphuong','Văn Minh Phương - CMC Global DU8','2019-11-16 10:40:29','DU8',1),('vndinh','Vũ Nam Định','2019-10-29 08:40:50','DU3',0),('vnhung','Vũ Ngọc Hùng','2019-10-29 08:40:50','RRC',0),('vnmanh','Vũ Ngọc Mai Anh','2019-10-29 08:40:50','ADMIN',0),('vnvi','Vũ Ngọc Vi - CMC Global DU10','2020-02-07 12:00:41','DU10',1),('vqdong','Vương Quảng Đông - CMC Global DU3','2020-02-04 12:00:54','DU3',1),('vsson','Vương Sỹ Sơn - CMC Global DU3','2020-02-04 12:00:54','DU3',1),('vtathu','Vũ Thị Anh Thư - CMC Global Mega Account','2020-02-07 12:00:41','MEGAACC',1),('vtchi','Văn Thị Chi - CMC Global DU2','2020-01-08 12:00:17','DU10',0),('vtchiem','Vũ Thị Chiêm - CMC Global DU2','2020-02-05 12:01:08','DU2',1),('vtdat1','Vũ Tiến Đạt - CMC Global DU12','2019-11-29 00:01:35','DU12',1),('vthnhung1','Vũ Thị Hồng Nhung - CMC Global HR','2019-11-29 00:01:33','REC',1),('vthung','Vũ Thế Hùng','2019-10-29 08:40:50','RRC',0),('vtlam','Vũ Tuấn Lâm - CMC Global GRC','2020-02-07 12:00:41','RRC',1),('vtmnga','Vũ Thị Minh Nga - CMC Global Admin','2019-11-04 12:00:30','ADMIN',0),('vtngan','Võ Thị Ngân - CMC Global DU6','2019-12-25 10:41:02','DU6',1),('vtngoc','Vương Thảo Ngọc - CMC Global REC','2019-11-15 10:41:18','REC',0),('vtson','Vũ Tùng Sơn - CMC Global DU6','2020-02-04 12:00:54','DU6',1),('vtson2','VŨ THÁI SƠN - CMC Global DU3','2019-11-04 12:00:30','DU3',0),('vttduong','Vũ Thị Thùy Dương - CMC Global DU5','2019-11-04 12:00:30','DU5',0),('vtthao','Vương Thị Thảo - CMC Global DU8','2020-01-16 12:00:50','DU8',1),('vtthuy','Vũ Thị Thúy - CMC Global DU8','2020-02-04 12:00:54','DU8',1),('vttthuy','Vũ Thị Thu Thủy - CMC Global DU8','2020-02-03 12:00:44','DU8',1),('vtttrang2','Vu Thi Thu Trang - CMC Global Japan','2019-11-04 12:00:30','DU2',0),('vvanh','Vũ Việt Anh - CMC Global DU12','2019-11-29 00:02:13','DU12',1),('vvanh2','Vũ Văn Anh - CMC Global GRC','2020-02-07 12:00:41','RRC',1),('vvanh3','Vũ Việt Anh - CMC Global ADMIN','2020-01-26 12:01:00','ADMIN',1),('vvbinh','Vũ Văn Bình - CMC Global DU3','2019-11-04 12:00:30','DU3',0),('vvchinh','Vũ Việt Chinh - CMC Global DU8','2020-02-04 12:00:54','DU8',1),('vvdong','Vũ Văn Đông - CMC Global DU2','2020-02-04 12:00:54','DU2',1),('vvha','Vũ Việt Hà - CMC Global DU3','2019-11-04 12:00:30','DU3',0),('vvhoan2','Vũ Văn Hoan - CMC Global DU3','2020-01-08 12:00:17','DU3',1),('vvhung','Vi Văn Hùng - CMC Global DU3','2020-01-08 12:00:17','DU3',1),('vvhung1','Vũ Việt Hùng - CMC Global DU12','2019-11-30 10:40:34','DU12',0),('vvlinh','Vũ Văn Linh - CMC Global DU3','2020-01-05 10:40:16','DU3',1),('vvlinh1','Vũ Văn Linh - CMC Global BU','2020-02-05 12:01:08','BU1',1),('vvlong','Vương Văn Long - CMC Global DU8','2019-11-29 00:01:26','DU8',1),('vvmanh','Vũ Văn Mạnh - CMC GLobal DU2','2020-02-04 12:00:54','DU2',1),('vvphat','Vũ Văn Phát - CMC Global DU2','2020-02-05 12:01:08','DU2',1),('vvquan','Vũ Văn Quân - CMC Global DU2','2020-02-07 12:00:41','DU2',1),('vvquyen','Vũ Văn Quyền - CMC Global DU12','2020-02-04 12:00:54','DU12',1),('vvthuy','Vũ Văn Thủy - CMC Global DU1','2020-02-04 12:00:54','DU1',1),('vxthien','Vũ Xuân Thiện - CMC Global DU3','2020-02-05 12:01:08','DU3',1),('zxshai','Zhi Xuan Shai - CMC Global DU10','2020-02-04 12:00:54','DU10',1);
/*!40000 ALTER TABLE `Employee` ENABLE KEYS */;
UNLOCK TABLES;

--
-- Table structure for table `Id_Gen`
--

DROP TABLE IF EXISTS `Id_Gen`;
/*!40101 SET @saved_cs_client     = @@character_set_client */;
/*!50503 SET character_set_client = utf8mb4 */;
CREATE TABLE `Id_Gen` (
  `gen_key` varchar(100) NOT NULL,
  `gen_value` int(11) NOT NULL,
  PRIMARY KEY (`gen_key`)
) ENGINE=InnoDB DEFAULT CHARSET=utf8mb4 COLLATE=utf8mb4_0900_ai_ci;
/*!40101 SET character_set_client = @saved_cs_client */;

--
-- Dumping data for table `Id_Gen`
--

LOCK TABLES `Id_Gen` WRITE;
/*!40000 ALTER TABLE `Id_Gen` DISABLE KEYS */;
INSERT INTO `Id_Gen` VALUES ('2019-LK-',10),('2019-PC-',7),('2019BANG',4),('2019Bảng từ',4),('2019CAME',4),('2019CANU',4),('2019DEMT',4),('2019HUT-',4),('2019INFO',8),('2019LAP-',4),('2019LOA-',4),('2019MCC-',4),('2019NAS-',4),('2019SCAN',4),('2020-BT-',9),('2020-CN-',14),('2020-LK-',107),('2020-PC-',19),('2020BT',12),('2020CAME',1),('2020CAP-',7),('2020DBV-',1),('2020GUES',8),('2020igg',3),('2020ihg',1),('2020INFO',51),('2020ing',4),('2020KET-',1),('2020LAP-',50),('2020MACH',1),('2020MHUY',1),('2020MON-',5),('2020OTH-',53),('2020PRIN',3),('2020SOFT',42),('2020SVC-',12),('2020TELE',6),('2020VPP-',14),('CIA',15),('RISK',281),('TBL_Asset',729);
/*!40000 ALTER TABLE `Id_Gen` ENABLE KEYS */;
UNLOCK TABLES;

--
-- Table structure for table `Inventory_Detail`
--

DROP TABLE IF EXISTS `Inventory_Detail`;
/*!40101 SET @saved_cs_client     = @@character_set_client */;
/*!50503 SET character_set_client = utf8mb4 */;
CREATE TABLE `Inventory_Detail` (
  `id` varchar(36) NOT NULL,
  `inventory_id` varchar(36) NOT NULL,
  `asset_id` int(11) NOT NULL,
  `status` tinyint(1) NOT NULL,
  `created_date` timestamp NULL DEFAULT NULL,
  `created_user` varchar(45) DEFAULT NULL,
  `updated_date` timestamp NULL DEFAULT NULL,
  `updated_user` varchar(45) DEFAULT NULL,
  PRIMARY KEY (`id`)
) ENGINE=InnoDB DEFAULT CHARSET=utf8mb4 COLLATE=utf8mb4_0900_ai_ci;
/*!40101 SET character_set_client = @saved_cs_client */;

--
-- Dumping data for table `Inventory_Detail`
--

LOCK TABLES `Inventory_Detail` WRITE;
/*!40000 ALTER TABLE `Inventory_Detail` DISABLE KEYS */;
INSERT INTO `Inventory_Detail` VALUES ('001687c8-fc0f-4e4e-b3cc-dc5cc9128670','c46e0035-1d05-4eec-b2e8-6f20cbdd4a38',152,0,'2020-02-05 16:28:56','mhduong',NULL,NULL),('010ccb48-92dc-4566-a577-e57abe41428a','d884de7f-ae18-48fa-a11d-e9996b186f04',166,0,'2020-02-05 18:54:24','mhduong',NULL,NULL),('027f269e-af25-4b01-9ba6-9360cefd54d7','c46e0035-1d05-4eec-b2e8-6f20cbdd4a38',158,0,'2020-02-05 16:28:56','mhduong',NULL,NULL),('03184902-34e6-4676-8f62-b1fb78c62fd8','d884de7f-ae18-48fa-a11d-e9996b186f04',169,0,'2020-02-05 18:54:24','mhduong',NULL,NULL),('03bce086-a785-44cc-aacc-6e85c14ebdc6','d5ca201e-16d0-44dc-92fe-0dbbf4318a09',236,0,'2020-02-10 21:17:26','mhduong',NULL,NULL),('0419353c-e9cc-4b08-b318-ac9d88225f11','1d535819-6f8a-4373-aa22-e1af5bb86860',246,1,'2020-02-05 19:05:39','mhduong','2020-02-10 18:58:51','mhduong'),('0451c6fc-4739-4893-b175-830ec8e7f169','2c7d2808-c0d9-42a8-b985-2cc2756d7cca',154,1,'2020-02-05 19:05:10','mhduong','2020-02-05 21:19:32','mhduong'),('050d6f4f-4222-465f-81dd-3d126acb1bb8','d884de7f-ae18-48fa-a11d-e9996b186f04',529,0,'2020-02-05 18:54:24','mhduong',NULL,NULL),('07415945-0d93-4cc6-8b8c-eac3de2437a1','c46e0035-1d05-4eec-b2e8-6f20cbdd4a38',512,0,'2020-02-05 16:28:56','mhduong',NULL,NULL),('078830d7-bf1a-456b-9d45-8f17963bddff','2c7d2808-c0d9-42a8-b985-2cc2756d7cca',686,1,'2020-02-05 19:05:10','mhduong','2020-02-07 19:58:36','mhduong'),('07e0a81c-8fef-4c0f-9c89-556251a3a461','1d535819-6f8a-4373-aa22-e1af5bb86860',169,0,'2020-02-05 19:05:39','mhduong',NULL,NULL),('088720c4-8111-47c2-aac2-9e18cd7b368f','c46e0035-1d05-4eec-b2e8-6f20cbdd4a38',82,0,'2020-02-05 16:28:56','mhduong',NULL,NULL),('08b6b711-03e8-4d66-ab33-b48357e9a492','2c7d2808-c0d9-42a8-b985-2cc2756d7cca',551,0,'2020-02-05 19:05:10','mhduong',NULL,NULL),('0a7e6916-828f-4881-ad99-f54952d38f6c','1d535819-6f8a-4373-aa22-e1af5bb86860',236,0,'2020-02-05 19:05:39','mhduong',NULL,NULL),('0aa06da5-b1fa-4c00-8d60-e0fe56623f55','c46e0035-1d05-4eec-b2e8-6f20cbdd4a38',850,0,'2020-02-05 16:28:56','mhduong',NULL,NULL),('0b18a788-3cbd-4b31-8d3f-7e50c29c2237','c46e0035-1d05-4eec-b2e8-6f20cbdd4a38',861,0,'2020-02-05 16:28:56','mhduong',NULL,NULL),('0b2c2a82-c3fc-4e5f-af46-a71186dd3d7b','2c7d2808-c0d9-42a8-b985-2cc2756d7cca',676,0,'2020-02-05 19:05:10','mhduong',NULL,NULL),('0b86d549-403d-4997-9ae2-45be997e7292','c46e0035-1d05-4eec-b2e8-6f20cbdd4a38',304,0,'2020-02-05 16:28:56','mhduong',NULL,NULL),('0bef7eb0-13b3-46fc-8a40-4d1c8e61f08c','2c7d2808-c0d9-42a8-b985-2cc2756d7cca',155,0,'2020-02-05 19:05:10','mhduong',NULL,NULL),('0c15cf25-ba90-4b7b-a6ab-d9e46e033e8e','d884de7f-ae18-48fa-a11d-e9996b186f04',83,0,'2020-02-05 18:54:24','mhduong',NULL,NULL),('0c455221-42c8-4a85-b36a-2c02dab734f0','2c7d2808-c0d9-42a8-b985-2cc2756d7cca',535,0,'2020-02-05 19:05:10','mhduong',NULL,NULL),('0cf71646-2ac3-43f2-ba8d-6fd6f492f25c','c46e0035-1d05-4eec-b2e8-6f20cbdd4a38',736,0,'2020-02-05 16:28:56','mhduong',NULL,NULL),('0cf8572b-add7-4ac4-ae29-0cfd950c7896','1d535819-6f8a-4373-aa22-e1af5bb86860',680,0,'2020-02-05 19:05:39','mhduong',NULL,NULL),('0d4dfa44-b689-4f42-9cc5-de3dadfe3467','c46e0035-1d05-4eec-b2e8-6f20cbdd4a38',507,0,'2020-02-05 16:28:56','mhduong',NULL,NULL),('0db33357-6ba3-43b0-bb3e-77515dc9d061','c46e0035-1d05-4eec-b2e8-6f20cbdd4a38',522,0,'2020-02-05 16:28:56','mhduong',NULL,NULL),('0dc59422-a842-4d38-bd4f-c63afe37e824','c46e0035-1d05-4eec-b2e8-6f20cbdd4a38',5,0,'2020-02-05 16:28:56','mhduong',NULL,NULL),('0eb81385-03b1-4499-ac05-1f9ff20c9aa6','c46e0035-1d05-4eec-b2e8-6f20cbdd4a38',21,0,'2020-02-05 16:28:56','mhduong',NULL,NULL),('0ee0722a-b76e-4ca8-a09b-241c444102bb','d884de7f-ae18-48fa-a11d-e9996b186f04',18,0,'2020-02-05 18:54:24','mhduong',NULL,NULL),('0f1c291f-87d2-4503-9e0a-191a67b434c5','dc7c647c-eae8-47d4-a811-79d3b064dfbf',427,0,'2020-01-15 14:31:00','mhduong',NULL,NULL),('0f27d21d-e84b-4324-9841-ef5dfe8eca72','2c7d2808-c0d9-42a8-b985-2cc2756d7cca',52,0,'2020-02-05 19:05:10','mhduong',NULL,NULL),('0f45c6b8-3862-4354-a079-da45e958af1a','1d535819-6f8a-4373-aa22-e1af5bb86860',255,0,'2020-02-05 19:05:39','mhduong',NULL,NULL),('0f876676-5f23-4eac-b2c2-7ea9e3b3f81a','d884de7f-ae18-48fa-a11d-e9996b186f04',345,0,'2020-02-05 18:54:24','mhduong',NULL,NULL),('0fd67da2-8c7d-406a-b78c-2382bc342342','2c7d2808-c0d9-42a8-b985-2cc2756d7cca',242,0,'2020-02-05 19:05:10','mhduong',NULL,NULL),('103e050c-08cf-4bc3-882f-4d3e5e0426ad','d884de7f-ae18-48fa-a11d-e9996b186f04',714,0,'2020-02-05 18:54:24','mhduong',NULL,NULL),('108be741-3d7b-42ec-bdda-8bc267d06493','d884de7f-ae18-48fa-a11d-e9996b186f04',692,0,'2020-02-05 18:54:24','mhduong',NULL,NULL),('10f328ea-371c-4817-bdba-97cd923d1b37','d5ca201e-16d0-44dc-92fe-0dbbf4318a09',348,0,'2020-02-10 21:17:26','mhduong',NULL,NULL),('11a8428f-3c1c-4aa0-8ac1-ce646995bf2a','1d535819-6f8a-4373-aa22-e1af5bb86860',239,1,'2020-02-05 19:05:39','mhduong','2020-02-05 22:29:28','mhduong'),('11aa286c-d140-4332-8150-58e242bc55e2','2c7d2808-c0d9-42a8-b985-2cc2756d7cca',40,0,'2020-02-05 19:05:10','mhduong',NULL,NULL),('11ebe9f7-f20e-4da6-9e90-90f2a2a14ccf','d5ca201e-16d0-44dc-92fe-0dbbf4318a09',759,0,'2020-02-10 21:17:26','mhduong',NULL,NULL),('11ef851e-576f-40ba-a014-db810639cf67','2c7d2808-c0d9-42a8-b985-2cc2756d7cca',528,0,'2020-02-05 19:05:10','mhduong',NULL,NULL),('120a07ff-5a8e-4c0c-a826-dbe0ca9ec53b','c46e0035-1d05-4eec-b2e8-6f20cbdd4a38',292,0,'2020-02-05 16:28:56','mhduong',NULL,NULL),('12480062-bf2d-4e24-8121-5e511bf38f4f','d5ca201e-16d0-44dc-92fe-0dbbf4318a09',684,0,'2020-02-10 21:17:26','mhduong',NULL,NULL),('128dde2e-3372-44ba-b8e9-2e5b53481891','2c7d2808-c0d9-42a8-b985-2cc2756d7cca',690,0,'2020-02-05 19:05:10','mhduong',NULL,NULL),('12918aa1-b18a-4114-9434-6843c0594591','c46e0035-1d05-4eec-b2e8-6f20cbdd4a38',699,0,'2020-02-05 16:28:56','mhduong',NULL,NULL),('146d9dd2-85fd-4d13-8b51-469c79700615','d5ca201e-16d0-44dc-92fe-0dbbf4318a09',101,0,'2020-02-10 21:17:26','mhduong',NULL,NULL),('14d7d848-f706-4cb0-98e9-783e8d977bb3','d5ca201e-16d0-44dc-92fe-0dbbf4318a09',154,0,'2020-02-10 21:17:26','mhduong',NULL,NULL),('15baa3ad-9983-4b87-9be3-dea0d61789f9','2c7d2808-c0d9-42a8-b985-2cc2756d7cca',694,0,'2020-02-05 19:05:10','mhduong',NULL,NULL),('1679e41f-7187-4368-ba29-ca7e6f3fa486','c46e0035-1d05-4eec-b2e8-6f20cbdd4a38',193,0,'2020-02-05 16:28:56','mhduong',NULL,NULL),('16ca47bd-5dc1-4e46-87e9-172fc03fb404','d5ca201e-16d0-44dc-92fe-0dbbf4318a09',195,0,'2020-02-10 21:17:26','mhduong',NULL,NULL),('17af9a5c-9b43-4f9f-869c-32ae980ab57a','1d535819-6f8a-4373-aa22-e1af5bb86860',180,0,'2020-02-05 19:05:39','mhduong',NULL,NULL),('17ecad3c-4314-4a06-9745-f51b6210ce17','1d535819-6f8a-4373-aa22-e1af5bb86860',757,0,'2020-02-05 19:05:39','mhduong','2020-02-07 22:38:16','mhduong'),('188896ff-c6b7-445c-bcbf-9ef1bd4ae7ca','d884de7f-ae18-48fa-a11d-e9996b186f04',19,0,'2020-02-05 18:54:24','mhduong',NULL,NULL),('19af804a-7747-4c6f-9e8f-aed4fa7c410b','d884de7f-ae18-48fa-a11d-e9996b186f04',101,0,'2020-02-05 18:54:24','mhduong',NULL,NULL),('19fecf81-e324-49b0-96d7-54c0d04ac3e1','d884de7f-ae18-48fa-a11d-e9996b186f04',691,0,'2020-02-05 18:54:24','mhduong',NULL,NULL),('1a5a91ad-2538-4f08-af90-f95e653f6b44','c46e0035-1d05-4eec-b2e8-6f20cbdd4a38',805,0,'2020-02-05 16:28:56','mhduong',NULL,NULL),('1a9f026b-44f9-4db3-9371-ed084823a462','d884de7f-ae18-48fa-a11d-e9996b186f04',168,0,'2020-02-05 18:54:24','mhduong',NULL,NULL),('1aae1af4-0193-4919-a9d8-ba10c9bd4ece','d884de7f-ae18-48fa-a11d-e9996b186f04',680,0,'2020-02-05 18:54:24','mhduong',NULL,NULL),('1ae9057b-ee14-4e57-ba52-d13380f28609','d884de7f-ae18-48fa-a11d-e9996b186f04',455,0,'2020-02-05 18:54:24','mhduong',NULL,NULL),('1af6d9aa-a6a5-4a27-bcaf-ce6209a428fb','d884de7f-ae18-48fa-a11d-e9996b186f04',407,0,'2020-02-05 18:54:24','mhduong',NULL,NULL),('1b29419b-623b-46ef-850f-86e5313d017b','dc7c647c-eae8-47d4-a811-79d3b064dfbf',408,0,'2020-01-15 14:31:00','mhduong',NULL,NULL),('1c9af7bb-ee12-478b-8b45-698307422f1a','c46e0035-1d05-4eec-b2e8-6f20cbdd4a38',253,0,'2020-02-05 16:28:56','mhduong',NULL,NULL),('1cf109b4-8e28-4692-9082-7ce53c968f9f','2c7d2808-c0d9-42a8-b985-2cc2756d7cca',760,1,'2020-02-05 19:05:10','mhduong','2020-02-07 19:51:05','mhduong'),('1d5d1380-f3e7-411d-94a8-fbe58ad57086','c46e0035-1d05-4eec-b2e8-6f20cbdd4a38',12,0,'2020-02-05 16:28:56','mhduong',NULL,NULL),('1dc3fd37-176f-4a5b-8e77-e37a4c446c85','d884de7f-ae18-48fa-a11d-e9996b186f04',553,0,'2020-02-05 18:54:24','mhduong',NULL,NULL),('1e7c3661-dbcf-4d4a-87f3-fa880f2e52ad','1d535819-6f8a-4373-aa22-e1af5bb86860',358,0,'2020-02-05 19:05:39','mhduong',NULL,NULL),('1f0127ac-d836-466d-932b-9a97fdc8152a','1d535819-6f8a-4373-aa22-e1af5bb86860',189,0,'2020-02-05 19:05:39','mhduong',NULL,NULL),('1f4d6cb8-45d8-43ac-bbf3-8bd500f4967b','1d535819-6f8a-4373-aa22-e1af5bb86860',535,0,'2020-02-05 19:05:39','mhduong',NULL,NULL),('1f8b40ca-df74-4419-b60c-a3b5aadc7dcc','d5ca201e-16d0-44dc-92fe-0dbbf4318a09',92,0,'2020-02-10 21:17:26','mhduong',NULL,NULL),('1ff785ed-d0c0-4c95-ae8a-540cd0fa172e','2c7d2808-c0d9-42a8-b985-2cc2756d7cca',687,0,'2020-02-05 19:05:10','mhduong',NULL,NULL),('202e0cbc-ffc8-4da6-b13a-9e515a9a2fb6','d5ca201e-16d0-44dc-92fe-0dbbf4318a09',678,0,'2020-02-10 21:17:26','mhduong',NULL,NULL),('208e4833-db64-4774-bbd0-4e6cd7b52486','d884de7f-ae18-48fa-a11d-e9996b186f04',550,0,'2020-02-05 18:54:24','mhduong',NULL,NULL),('224ff6dd-6c0b-4cb6-a46c-497f853d4c0b','d884de7f-ae18-48fa-a11d-e9996b186f04',396,0,'2020-02-05 18:54:24','mhduong',NULL,NULL),('227b03f3-d998-4759-880c-69b7121f916c','dc7c647c-eae8-47d4-a811-79d3b064dfbf',300,0,'2020-01-15 14:31:00','mhduong',NULL,NULL),('228b1ed8-272d-4e2d-9fb7-caabf34dc732','1d535819-6f8a-4373-aa22-e1af5bb86860',228,0,'2020-02-05 19:05:39','mhduong',NULL,NULL),('22d831f4-ddbb-4f20-bd2c-3606efe0aa40','c46e0035-1d05-4eec-b2e8-6f20cbdd4a38',240,0,'2020-02-05 16:28:56','mhduong',NULL,NULL),('236c2e13-ef7f-4a43-a6c3-46f35396b3da','d5ca201e-16d0-44dc-92fe-0dbbf4318a09',692,0,'2020-02-10 21:17:26','mhduong',NULL,NULL),('23b9d992-938d-4718-aa36-98542f48411c','c46e0035-1d05-4eec-b2e8-6f20cbdd4a38',11,0,'2020-02-05 16:28:56','mhduong',NULL,NULL),('241f003c-73cf-414d-bef9-1c4564a13188','c46e0035-1d05-4eec-b2e8-6f20cbdd4a38',776,0,'2020-02-05 16:28:56','mhduong',NULL,NULL),('262c53c4-0c0e-4f08-9e3d-c644689790f3','d884de7f-ae18-48fa-a11d-e9996b186f04',36,0,'2020-02-05 18:54:24','mhduong',NULL,NULL),('2659b297-9c67-4f86-a760-2d32614a3e99','d5ca201e-16d0-44dc-92fe-0dbbf4318a09',189,0,'2020-02-10 21:17:26','mhduong',NULL,NULL),('268986d0-f650-46c8-bf0c-88ce66772ed5','1d535819-6f8a-4373-aa22-e1af5bb86860',337,0,'2020-02-05 19:05:39','mhduong',NULL,NULL),('27b4bde3-f221-4282-8790-b4f1d447173c','c46e0035-1d05-4eec-b2e8-6f20cbdd4a38',29,0,'2020-02-05 16:28:56','mhduong',NULL,NULL),('28248144-ef09-481d-8db8-1cebd69f7d2f','c46e0035-1d05-4eec-b2e8-6f20cbdd4a38',141,0,'2020-02-05 16:28:56','mhduong',NULL,NULL),('28a99ed9-9465-4481-b339-dbebde52ac16','d5ca201e-16d0-44dc-92fe-0dbbf4318a09',246,0,'2020-02-10 21:17:26','mhduong',NULL,NULL),('293e4685-b7ba-4470-b4f7-a094b1925f14','2c7d2808-c0d9-42a8-b985-2cc2756d7cca',153,0,'2020-02-05 19:05:10','mhduong',NULL,NULL),('2968d095-87f5-4ea1-907c-e58352c7d76c','c46e0035-1d05-4eec-b2e8-6f20cbdd4a38',825,0,'2020-02-05 16:28:56','mhduong',NULL,NULL),('29b828fc-f2ec-4997-be74-8913ab4e4b0c','2c7d2808-c0d9-42a8-b985-2cc2756d7cca',758,1,'2020-02-05 19:05:10','mhduong','2020-02-07 19:55:41','mhduong'),('29e02194-3b0a-470c-b5fc-c3ed313950c7','1d535819-6f8a-4373-aa22-e1af5bb86860',155,0,'2020-02-05 19:05:39','mhduong',NULL,NULL),('2ac6c1e1-14d3-4c2d-8089-ff49265a947d','2c7d2808-c0d9-42a8-b985-2cc2756d7cca',340,0,'2020-02-05 19:05:10','mhduong',NULL,NULL),('2b31b29a-3ed2-409d-8683-a75074a852af','c46e0035-1d05-4eec-b2e8-6f20cbdd4a38',627,0,'2020-02-05 16:28:56','mhduong',NULL,NULL),('2bd554b1-0164-44e0-9af8-4eec17ba7657','1d535819-6f8a-4373-aa22-e1af5bb86860',92,0,'2020-02-05 19:05:39','mhduong',NULL,NULL),('2c5871c0-20d0-4a6a-871c-847014edfeec','2c7d2808-c0d9-42a8-b985-2cc2756d7cca',757,0,'2020-02-05 19:05:10','mhduong','2020-02-07 19:58:42','mhduong'),('2d6126e5-13b9-4181-8753-844f6284b13f','c46e0035-1d05-4eec-b2e8-6f20cbdd4a38',51,0,'2020-02-05 16:28:56','mhduong',NULL,NULL),('2da4df8e-6789-447d-a06d-a14e7fde39d0','c46e0035-1d05-4eec-b2e8-6f20cbdd4a38',8,0,'2020-02-05 16:28:56','mhduong',NULL,NULL),('2de9c090-e035-4cf3-9c45-8066f019be15','d884de7f-ae18-48fa-a11d-e9996b186f04',462,0,'2020-02-05 18:54:24','mhduong',NULL,NULL),('2e3a0f8a-cf0e-4e02-bc77-db4d97e20877','2c7d2808-c0d9-42a8-b985-2cc2756d7cca',248,0,'2020-02-05 19:05:10','mhduong',NULL,NULL),('2f0d2401-7997-4b80-9399-8d82729670a1','d5ca201e-16d0-44dc-92fe-0dbbf4318a09',161,0,'2020-02-10 21:17:26','mhduong',NULL,NULL),('2f645083-7abe-457c-b7fd-ffd72527f554','c46e0035-1d05-4eec-b2e8-6f20cbdd4a38',10,0,'2020-02-05 16:28:56','mhduong',NULL,NULL),('2f685935-69ca-44a5-af1a-cdcf503f70df','c46e0035-1d05-4eec-b2e8-6f20cbdd4a38',833,0,'2020-02-05 16:28:56','mhduong',NULL,NULL),('2ffa7e53-7e16-4f05-beb1-387e0652b0c8','d884de7f-ae18-48fa-a11d-e9996b186f04',712,0,'2020-02-05 18:54:24','mhduong',NULL,NULL),('300b4a7c-7df3-4c95-bac4-7c6e430718a3','d5ca201e-16d0-44dc-92fe-0dbbf4318a09',168,0,'2020-02-10 21:17:26','mhduong',NULL,NULL),('307c6d4a-6d84-4461-b2e0-3371832b3c20','c46e0035-1d05-4eec-b2e8-6f20cbdd4a38',145,0,'2020-02-05 16:28:56','mhduong',NULL,NULL),('32439fc1-b4a1-4a11-b0aa-d1ce00e7076e','1d535819-6f8a-4373-aa22-e1af5bb86860',352,0,'2020-02-05 19:05:39','mhduong',NULL,NULL),('325a5d07-a056-49e6-85ae-66a33574cbb0','d884de7f-ae18-48fa-a11d-e9996b186f04',759,0,'2020-02-05 18:54:24','mhduong',NULL,NULL),('32c4580a-273b-4c25-98aa-5479a7d1282a','d5ca201e-16d0-44dc-92fe-0dbbf4318a09',755,0,'2020-02-10 21:17:26','mhduong',NULL,NULL),('3336d614-c31d-48fd-9d50-26d4c259ee28','d884de7f-ae18-48fa-a11d-e9996b186f04',760,0,'2020-02-05 18:54:24','mhduong',NULL,NULL),('34b732a8-1c90-4c6f-b096-64206d393526','d5ca201e-16d0-44dc-92fe-0dbbf4318a09',676,0,'2020-02-10 21:17:26','mhduong',NULL,NULL),('34fb4af3-af9a-4429-b89d-47d34a889af8','c46e0035-1d05-4eec-b2e8-6f20cbdd4a38',719,0,'2020-02-05 16:28:56','mhduong',NULL,NULL),('35147b2e-b171-42ff-a66c-335bfb43be45','1d535819-6f8a-4373-aa22-e1af5bb86860',553,0,'2020-02-05 19:05:39','mhduong',NULL,NULL),('352ec92e-ce0f-4741-ad8f-42552f181f90','d884de7f-ae18-48fa-a11d-e9996b186f04',246,0,'2020-02-05 18:54:24','mhduong',NULL,NULL),('355f6c14-301c-4c8b-947e-9a07313aa507','d5ca201e-16d0-44dc-92fe-0dbbf4318a09',337,0,'2020-02-10 21:17:26','mhduong',NULL,NULL),('358e33cd-304f-4cd2-aaa2-c36962bfcc3b','d884de7f-ae18-48fa-a11d-e9996b186f04',248,0,'2020-02-05 18:54:24','mhduong',NULL,NULL),('35b292af-e076-473f-8a6b-b3bdabd21039','d884de7f-ae18-48fa-a11d-e9996b186f04',228,0,'2020-02-05 18:54:24','mhduong',NULL,NULL),('35e4be01-011a-42d7-9333-eaccf7703024','d884de7f-ae18-48fa-a11d-e9996b186f04',678,0,'2020-02-05 18:54:24','mhduong',NULL,NULL),('366314a6-4173-4ae0-9fa1-a0904f8f9305','c46e0035-1d05-4eec-b2e8-6f20cbdd4a38',789,0,'2020-02-05 16:28:56','mhduong',NULL,NULL),('36a78b9b-5cfb-4f7b-82ea-7466255e6c2d','d5ca201e-16d0-44dc-92fe-0dbbf4318a09',239,0,'2020-02-10 21:17:26','mhduong',NULL,NULL),('372d3dc6-6b5d-4291-a705-f722f5ae92e9','c46e0035-1d05-4eec-b2e8-6f20cbdd4a38',13,0,'2020-02-05 16:28:56','mhduong',NULL,NULL),('3796371b-e9ac-4725-ad33-ccf4d6a336c8','d5ca201e-16d0-44dc-92fe-0dbbf4318a09',248,0,'2020-02-10 21:17:26','mhduong',NULL,NULL),('382ed99b-1bcf-4f1b-9631-d0101eb3413d','c46e0035-1d05-4eec-b2e8-6f20cbdd4a38',301,0,'2020-02-05 16:28:56','mhduong',NULL,NULL),('382f8170-0152-4833-8375-577a164c9d64','d884de7f-ae18-48fa-a11d-e9996b186f04',690,0,'2020-02-05 18:54:24','mhduong',NULL,NULL),('3954a118-a37b-4dad-ad98-1f1f4c7619f0','c46e0035-1d05-4eec-b2e8-6f20cbdd4a38',707,0,'2020-02-05 16:28:56','mhduong',NULL,NULL),('39a8d6b1-99e4-4076-b173-f00d9aa82d77','2c7d2808-c0d9-42a8-b985-2cc2756d7cca',684,0,'2020-02-05 19:05:10','mhduong',NULL,NULL),('39b7fcf6-91bf-44fd-84d4-41d898de8242','c46e0035-1d05-4eec-b2e8-6f20cbdd4a38',740,0,'2020-02-05 16:28:56','mhduong',NULL,NULL),('3a25008e-f630-46ac-af3d-3c30777b6f1f','c46e0035-1d05-4eec-b2e8-6f20cbdd4a38',174,0,'2020-02-05 16:28:56','mhduong',NULL,NULL),('3a99ff58-d94a-4162-9291-e91ba8295c3e','c46e0035-1d05-4eec-b2e8-6f20cbdd4a38',341,0,'2020-02-05 16:28:56','mhduong',NULL,NULL),('3aa046e6-6a11-4650-8ea8-7e664e651161','2c7d2808-c0d9-42a8-b985-2cc2756d7cca',169,0,'2020-02-05 19:05:10','mhduong',NULL,NULL),('3aa65803-1415-4422-9e48-b54e6529d8af','1d535819-6f8a-4373-aa22-e1af5bb86860',153,0,'2020-02-05 19:05:39','mhduong',NULL,NULL),('3c2d6ffb-db02-47e5-a407-b6dbe0d418c1','d884de7f-ae18-48fa-a11d-e9996b186f04',255,0,'2020-02-05 18:54:24','mhduong',NULL,NULL),('3e2ef4c3-6cad-4ebd-82a7-f0aa8e908fdb','d884de7f-ae18-48fa-a11d-e9996b186f04',710,0,'2020-02-05 18:54:24','mhduong',NULL,NULL),('3e3a5db3-229c-4a0a-aa5f-f0cc1a93e00d','d884de7f-ae18-48fa-a11d-e9996b186f04',239,0,'2020-02-05 18:54:24','mhduong',NULL,NULL),('3e60d7ee-16bb-448d-ad47-1ea130f6c609','d5ca201e-16d0-44dc-92fe-0dbbf4318a09',694,0,'2020-02-10 21:17:26','mhduong',NULL,NULL),('3ec8d316-11ad-4c81-a0de-254a74fba319','1d535819-6f8a-4373-aa22-e1af5bb86860',340,0,'2020-02-05 19:05:39','mhduong',NULL,NULL),('3f3eae83-12e5-4d02-87a2-e9ebe0f08d40','c46e0035-1d05-4eec-b2e8-6f20cbdd4a38',373,0,'2020-02-05 16:28:56','mhduong',NULL,NULL),('3f6367f4-ffc3-4481-b49b-b658aadd853b','2c7d2808-c0d9-42a8-b985-2cc2756d7cca',236,0,'2020-02-05 19:05:10','mhduong',NULL,NULL),('3fbd0167-b97b-458f-9cda-78798063d8d1','c46e0035-1d05-4eec-b2e8-6f20cbdd4a38',450,0,'2020-02-05 16:28:56','mhduong',NULL,NULL),('3fc73cdb-52e5-439b-97cb-a37a9730e1bf','d884de7f-ae18-48fa-a11d-e9996b186f04',337,0,'2020-02-05 18:54:24','mhduong',NULL,NULL),('3fe6def3-67ad-4c44-996c-c535ceed27e6','dc7c647c-eae8-47d4-a811-79d3b064dfbf',272,0,'2020-01-15 14:31:00','mhduong',NULL,NULL),('400c94fb-6462-496b-83b1-b94a8293d398','c46e0035-1d05-4eec-b2e8-6f20cbdd4a38',547,0,'2020-02-05 16:28:56','mhduong',NULL,NULL),('40133f96-e113-4c7a-a2c1-b6a4c012688a','c46e0035-1d05-4eec-b2e8-6f20cbdd4a38',424,0,'2020-02-05 16:28:56','mhduong',NULL,NULL),('40a857aa-ecc2-4f1a-aadc-ac37dcc5624e','2c7d2808-c0d9-42a8-b985-2cc2756d7cca',759,1,'2020-02-05 19:05:10','mhduong','2020-02-07 19:51:14','mhduong'),('40dec0cc-dd8d-454a-92e6-9e95fad2e446','c46e0035-1d05-4eec-b2e8-6f20cbdd4a38',743,0,'2020-02-05 16:28:56','mhduong',NULL,NULL),('43168539-305b-4126-bcf8-a46c5840412b','2c7d2808-c0d9-42a8-b985-2cc2756d7cca',202,0,'2020-02-05 19:05:10','mhduong',NULL,NULL),('43733ed1-c688-4707-8869-be27fbf20fe3','c46e0035-1d05-4eec-b2e8-6f20cbdd4a38',744,0,'2020-02-05 16:28:56','mhduong',NULL,NULL),('4437637f-347e-4f15-8fd0-d7bdc456a740','c46e0035-1d05-4eec-b2e8-6f20cbdd4a38',336,0,'2020-02-05 16:28:56','mhduong',NULL,NULL),('4475374a-941b-4202-8bdc-ae3b81ec14dd','1d535819-6f8a-4373-aa22-e1af5bb86860',138,0,'2020-02-05 19:05:39','mhduong',NULL,NULL),('44d689ae-824a-4515-bb4e-2279bca61c82','1d535819-6f8a-4373-aa22-e1af5bb86860',83,0,'2020-02-05 19:05:39','mhduong',NULL,NULL),('453a31b8-82a0-4715-8994-b6ee7d8c15fe','c46e0035-1d05-4eec-b2e8-6f20cbdd4a38',128,0,'2020-02-05 16:28:56','mhduong',NULL,NULL),('45741f13-60eb-43a3-a52f-41960db26c7b','d5ca201e-16d0-44dc-92fe-0dbbf4318a09',553,0,'2020-02-10 21:17:26','mhduong',NULL,NULL),('45783631-be61-46ae-89eb-51bc80358329','d5ca201e-16d0-44dc-92fe-0dbbf4318a09',339,0,'2020-02-10 21:17:26','mhduong',NULL,NULL),('45d949cb-9411-45e0-8b56-aeeec2a8b1bf','c46e0035-1d05-4eec-b2e8-6f20cbdd4a38',420,0,'2020-02-05 16:28:56','mhduong',NULL,NULL),('46200157-4234-486b-926d-9de846a1aba0','dc7c647c-eae8-47d4-a811-79d3b064dfbf',266,0,'2020-01-15 14:31:00','mhduong',NULL,NULL),('4630ef24-8c39-4588-b940-ae6bab3a9299','d884de7f-ae18-48fa-a11d-e9996b186f04',503,0,'2020-02-05 18:54:24','mhduong',NULL,NULL),('46eaf6d1-69c2-4896-9665-a4b3752d2c98','d884de7f-ae18-48fa-a11d-e9996b186f04',684,0,'2020-02-05 18:54:24','mhduong',NULL,NULL),('46eb7126-cbbd-40eb-9188-0817fd3938e9','2c7d2808-c0d9-42a8-b985-2cc2756d7cca',92,0,'2020-02-05 19:05:10','mhduong',NULL,NULL),('47a35090-f18b-4aa0-8ba3-a4f37b09c79d','1d535819-6f8a-4373-aa22-e1af5bb86860',6,0,'2020-02-05 19:05:39','mhduong',NULL,NULL),('47abaeab-4862-488f-9c85-971344337281','1d535819-6f8a-4373-aa22-e1af5bb86860',202,0,'2020-02-05 19:05:39','mhduong',NULL,NULL),('482d700a-783d-42ff-bc2f-94034625a389','d884de7f-ae18-48fa-a11d-e9996b186f04',159,0,'2020-02-05 18:54:24','mhduong',NULL,NULL),('48522feb-75a1-4d8b-936c-775336781d36','1d535819-6f8a-4373-aa22-e1af5bb86860',684,0,'2020-02-05 19:05:39','mhduong',NULL,NULL),('48761345-21ec-41bc-847f-2fb8da8ade63','2c7d2808-c0d9-42a8-b985-2cc2756d7cca',452,0,'2020-02-05 19:05:10','mhduong',NULL,NULL),('48958d89-6748-49b2-bdd7-497cc775a2a4','d884de7f-ae18-48fa-a11d-e9996b186f04',52,0,'2020-02-05 18:54:24','mhduong',NULL,NULL),('48af97a9-c031-477a-9efc-bb5063e89ad3','dc7c647c-eae8-47d4-a811-79d3b064dfbf',85,0,'2020-01-15 14:31:00','mhduong',NULL,NULL),('49c397cf-8208-40f2-b29f-90e16e987482','2c7d2808-c0d9-42a8-b985-2cc2756d7cca',19,0,'2020-02-05 19:05:10','mhduong',NULL,NULL),('4ac38ef3-05a7-488d-85d8-de33a832a823','2c7d2808-c0d9-42a8-b985-2cc2756d7cca',755,1,'2020-02-05 19:05:10','mhduong','2020-02-07 19:50:57','mhduong'),('4c20ca8b-833f-4022-b8ed-0e464abbcd0d','d5ca201e-16d0-44dc-92fe-0dbbf4318a09',347,0,'2020-02-10 21:17:26','mhduong',NULL,NULL),('4c8e4e4a-45bc-419a-a963-bdcf44eb525b','d884de7f-ae18-48fa-a11d-e9996b186f04',358,0,'2020-02-05 18:54:24','mhduong',NULL,NULL),('4c901940-c5cb-4267-901c-7077a3f3999e','d5ca201e-16d0-44dc-92fe-0dbbf4318a09',83,0,'2020-02-10 21:17:26','mhduong',NULL,NULL),('4d539ada-6973-47bf-90f6-40bd52118e83','c46e0035-1d05-4eec-b2e8-6f20cbdd4a38',247,0,'2020-02-05 16:28:56','mhduong',NULL,NULL),('4d5fd32c-6f6f-4b0b-b16a-5f3115edc1fa','2c7d2808-c0d9-42a8-b985-2cc2756d7cca',689,0,'2020-02-05 19:05:10','mhduong',NULL,NULL),('4dc32391-10d4-489d-a436-7a31e2326be6','d5ca201e-16d0-44dc-92fe-0dbbf4318a09',690,0,'2020-02-10 21:17:26','mhduong',NULL,NULL),('4ddd044e-9d97-4fe7-b410-b68694ec455b','2c7d2808-c0d9-42a8-b985-2cc2756d7cca',345,0,'2020-02-05 19:05:10','mhduong',NULL,NULL),('4e1d3991-f6c4-45ea-a384-85ba8ad8021a','c46e0035-1d05-4eec-b2e8-6f20cbdd4a38',333,0,'2020-02-05 16:28:56','mhduong',NULL,NULL),('4e7971b3-08e2-4642-9471-90935c904099','d884de7f-ae18-48fa-a11d-e9996b186f04',713,0,'2020-02-05 18:54:24','mhduong',NULL,NULL),('4f00275c-9489-482a-9aa6-7462307393be','c46e0035-1d05-4eec-b2e8-6f20cbdd4a38',30,0,'2020-02-05 16:28:56','mhduong',NULL,NULL),('505aac3f-bbb6-4e98-948a-b9d193dae1e8','d5ca201e-16d0-44dc-92fe-0dbbf4318a09',552,0,'2020-02-10 21:17:26','mhduong',NULL,NULL),('50a7777f-7952-476f-8194-5354942a2029','c46e0035-1d05-4eec-b2e8-6f20cbdd4a38',795,0,'2020-02-05 16:28:56','mhduong',NULL,NULL),('52824aed-2f13-485c-9107-3a063522fd49','1d535819-6f8a-4373-aa22-e1af5bb86860',676,0,'2020-02-05 19:05:39','mhduong',NULL,NULL),('54015904-4032-4177-bcd9-0d6c82ceb578','d5ca201e-16d0-44dc-92fe-0dbbf4318a09',737,0,'2020-02-10 21:17:26','mhduong',NULL,NULL),('5441fa0d-2f1d-4a5f-a1d1-f07aea1459b9','d884de7f-ae18-48fa-a11d-e9996b186f04',242,0,'2020-02-05 18:54:24','mhduong',NULL,NULL),('5476bc3a-2e44-4814-9ff5-3eeb8dfbb931','d5ca201e-16d0-44dc-92fe-0dbbf4318a09',196,0,'2020-02-10 21:17:26','mhduong',NULL,NULL),('54d21834-e8a5-4417-9895-56b4ff8436b4','1d535819-6f8a-4373-aa22-e1af5bb86860',36,0,'2020-02-05 19:05:39','mhduong',NULL,NULL),('54dd04e4-2b26-4722-aa83-b0925b02e2c3','2c7d2808-c0d9-42a8-b985-2cc2756d7cca',241,0,'2020-02-05 19:05:10','mhduong',NULL,NULL),('54fc1bbd-33bc-4dd6-9e13-98589a7c097b','2c7d2808-c0d9-42a8-b985-2cc2756d7cca',680,0,'2020-02-05 19:05:10','mhduong',NULL,NULL),('551b2833-b009-40d0-8b09-adeaf7241a39','2c7d2808-c0d9-42a8-b985-2cc2756d7cca',166,0,'2020-02-05 19:05:10','mhduong',NULL,NULL),('55c24ff7-6bb6-4da9-8a9e-5faeaedf0374','d5ca201e-16d0-44dc-92fe-0dbbf4318a09',680,0,'2020-02-10 21:17:26','mhduong',NULL,NULL),('56091746-402b-4fcc-8f55-dbc07d5bc3ea','d884de7f-ae18-48fa-a11d-e9996b186f04',757,0,'2020-02-05 18:54:24','mhduong',NULL,NULL),('5678092b-f1e4-42c2-9a4b-1778c7b3ba36','c46e0035-1d05-4eec-b2e8-6f20cbdd4a38',102,0,'2020-02-05 16:28:56','mhduong',NULL,NULL),('57010087-c6ea-4a20-8174-e81780f8132c','d884de7f-ae18-48fa-a11d-e9996b186f04',551,0,'2020-02-05 18:54:24','mhduong',NULL,NULL),('5897be91-9f60-49a7-b93e-5e87e0426106','c46e0035-1d05-4eec-b2e8-6f20cbdd4a38',15,0,'2020-02-05 16:28:56','mhduong',NULL,NULL),('59438263-27e3-441c-8414-748cd8c888cd','2c7d2808-c0d9-42a8-b985-2cc2756d7cca',239,0,'2020-02-05 19:05:10','mhduong',NULL,NULL),('5c213c40-8c13-46c6-b127-0d1bccea1d62','d884de7f-ae18-48fa-a11d-e9996b186f04',676,0,'2020-02-05 18:54:24','mhduong',NULL,NULL),('5c918906-7aa5-429c-956f-bac176d87f5d','d884de7f-ae18-48fa-a11d-e9996b186f04',81,0,'2020-02-05 18:54:24','mhduong',NULL,NULL),('5d24ea59-12a7-4283-a91e-4ddb64665394','1d535819-6f8a-4373-aa22-e1af5bb86860',39,0,'2020-02-05 19:05:39','mhduong',NULL,NULL),('5dde8486-543c-4f5d-ba66-b72316bfe00a','d884de7f-ae18-48fa-a11d-e9996b186f04',350,0,'2020-02-05 18:54:24','mhduong',NULL,NULL),('5e621551-7d08-4bb8-a513-6e52d84dc683','1d535819-6f8a-4373-aa22-e1af5bb86860',672,0,'2020-02-05 19:05:39','mhduong',NULL,NULL),('5ec59073-7bea-4877-8a18-d780e8c6c7b4','2c7d2808-c0d9-42a8-b985-2cc2756d7cca',337,0,'2020-02-05 19:05:10','mhduong',NULL,NULL),('605b92ec-0fd0-46eb-aede-8820272822fe','1d535819-6f8a-4373-aa22-e1af5bb86860',81,0,'2020-02-05 19:05:39','mhduong',NULL,NULL),('616de09c-e8e7-45d3-a98d-1a32606c0f7a','d884de7f-ae18-48fa-a11d-e9996b186f04',535,0,'2020-02-05 18:54:24','mhduong',NULL,NULL),('6173cdd1-da3f-4ab7-bafb-3d1b353b2190','2c7d2808-c0d9-42a8-b985-2cc2756d7cca',190,0,'2020-02-05 19:05:10','mhduong',NULL,NULL),('617925f4-a0d2-4d35-89f5-b496b544c976','c46e0035-1d05-4eec-b2e8-6f20cbdd4a38',722,0,'2020-02-05 16:28:56','mhduong',NULL,NULL),('63062419-36bb-4e59-84a3-87ae7535c868','1d535819-6f8a-4373-aa22-e1af5bb86860',503,0,'2020-02-05 19:05:39','mhduong',NULL,NULL),('63cda9aa-4716-41a1-b630-29d5c0e9fc20','dc7c647c-eae8-47d4-a811-79d3b064dfbf',235,0,'2020-01-15 14:31:00','mhduong',NULL,NULL),('64a2c3b5-4269-490b-b83e-761c26ff261e','2c7d2808-c0d9-42a8-b985-2cc2756d7cca',691,0,'2020-02-05 19:05:10','mhduong',NULL,NULL),('64b181b1-863b-4e50-a69a-33bad87fd0ff','d5ca201e-16d0-44dc-92fe-0dbbf4318a09',758,0,'2020-02-10 21:17:26','mhduong',NULL,NULL),('64ee0052-b10b-4992-8c61-c7223d6a45d7','1d535819-6f8a-4373-aa22-e1af5bb86860',154,0,'2020-02-05 19:05:39','mhduong',NULL,NULL),('65029487-ad6d-42f8-94f4-9aa42d5e0638','c46e0035-1d05-4eec-b2e8-6f20cbdd4a38',376,0,'2020-02-05 16:28:56','mhduong',NULL,NULL),('6507b6ed-e3bd-4e2c-b87a-fc038827d47d','c46e0035-1d05-4eec-b2e8-6f20cbdd4a38',752,0,'2020-02-05 16:28:56','mhduong',NULL,NULL),('651ae981-127e-417b-875f-6611cddc41de','2c7d2808-c0d9-42a8-b985-2cc2756d7cca',101,0,'2020-02-05 19:05:10','mhduong',NULL,NULL),('653b56c4-5356-44fa-922f-04d85487636e','2c7d2808-c0d9-42a8-b985-2cc2756d7cca',756,1,'2020-02-05 19:05:10','mhduong','2020-02-07 19:48:00','mhduong'),('65698308-d40e-4ba0-868e-91f0427c810f','d5ca201e-16d0-44dc-92fe-0dbbf4318a09',551,0,'2020-02-10 21:17:26','mhduong',NULL,NULL),('658c37b2-bbc3-421b-b4bc-94950f6db2c5','c46e0035-1d05-4eec-b2e8-6f20cbdd4a38',454,0,'2020-02-05 16:28:56','mhduong',NULL,NULL),('65a6667b-86b8-4128-b020-1ffb132eab00','2c7d2808-c0d9-42a8-b985-2cc2756d7cca',39,0,'2020-02-05 19:05:10','mhduong',NULL,NULL),('65cf4ae3-8e67-417d-9f9d-3bbfbea0f1d0','c46e0035-1d05-4eec-b2e8-6f20cbdd4a38',425,0,'2020-02-05 16:28:56','mhduong',NULL,NULL),('65e0d6ba-e7f0-4a83-a4a1-689c48bacefe','c46e0035-1d05-4eec-b2e8-6f20cbdd4a38',845,0,'2020-02-05 16:28:56','mhduong',NULL,NULL),('662369b7-308f-4ebe-b66c-881fab8f0f81','2c7d2808-c0d9-42a8-b985-2cc2756d7cca',196,0,'2020-02-05 19:05:10','mhduong',NULL,NULL),('666975e4-2c7b-4850-ad58-83c904d16593','d5ca201e-16d0-44dc-92fe-0dbbf4318a09',771,0,'2020-02-10 21:17:26','mhduong',NULL,NULL),('6694cba3-6784-4dea-a8e8-ee907805d4fd','d5ca201e-16d0-44dc-92fe-0dbbf4318a09',358,0,'2020-02-10 21:17:26','mhduong',NULL,NULL),('670cafe2-8705-4152-a61f-c6424014503d','2c7d2808-c0d9-42a8-b985-2cc2756d7cca',189,0,'2020-02-05 19:05:10','mhduong',NULL,NULL),('68279f75-28f2-41a7-b3c2-e90ea4c69f07','1d535819-6f8a-4373-aa22-e1af5bb86860',747,0,'2020-02-05 19:05:39','mhduong',NULL,NULL),('69e29f46-7244-4fbd-bdf6-66936f3c7703','d884de7f-ae18-48fa-a11d-e9996b186f04',170,0,'2020-02-05 18:54:24','mhduong',NULL,NULL),('6a1b9303-d55b-40d3-8ef7-d0d76f0a0bfe','d5ca201e-16d0-44dc-92fe-0dbbf4318a09',155,0,'2020-02-10 21:17:26','mhduong',NULL,NULL),('6a68f88b-fc1c-4121-b8bd-9a6fc95824e2','d884de7f-ae18-48fa-a11d-e9996b186f04',153,0,'2020-02-05 18:54:24','mhduong',NULL,NULL),('6a9449be-8edc-4b85-a0fd-bccc5f38458c','2c7d2808-c0d9-42a8-b985-2cc2756d7cca',150,0,'2020-02-05 19:05:10','mhduong',NULL,NULL),('6b354255-2b85-4de9-b0de-0e33dbde67ec','d5ca201e-16d0-44dc-92fe-0dbbf4318a09',691,0,'2020-02-10 21:17:26','mhduong',NULL,NULL),('6b97a220-120e-422d-8a69-88ee43906da5','2c7d2808-c0d9-42a8-b985-2cc2756d7cca',550,0,'2020-02-05 19:05:10','mhduong',NULL,NULL),('6bad9b61-5c78-43df-b198-6d4169c71766','d884de7f-ae18-48fa-a11d-e9996b186f04',347,0,'2020-02-05 18:54:24','mhduong',NULL,NULL),('6c818e73-44e4-4e2b-a02c-da0e77f38f73','d884de7f-ae18-48fa-a11d-e9996b186f04',161,0,'2020-02-05 18:54:24','mhduong',NULL,NULL),('6c946c14-979e-45cc-b24e-61642241f48f','d5ca201e-16d0-44dc-92fe-0dbbf4318a09',535,0,'2020-02-10 21:17:26','mhduong',NULL,NULL),('6cbf20ca-f9b3-485d-bfc9-760fa4ccd7f9','d884de7f-ae18-48fa-a11d-e9996b186f04',353,0,'2020-02-05 18:54:24','mhduong',NULL,NULL),('6d3fb915-83d3-43dd-b443-5f6995072d55','d5ca201e-16d0-44dc-92fe-0dbbf4318a09',36,0,'2020-02-10 21:17:26','mhduong',NULL,NULL),('6d4b41fb-feb7-4868-825c-34b8655f780a','2c7d2808-c0d9-42a8-b985-2cc2756d7cca',36,0,'2020-02-05 19:05:10','mhduong',NULL,NULL),('6e00935d-f626-4434-9b46-981d40060524','c46e0035-1d05-4eec-b2e8-6f20cbdd4a38',69,0,'2020-02-05 16:28:56','mhduong',NULL,NULL),('6e4e4e06-149e-487c-846b-6a200efc3ae1','d884de7f-ae18-48fa-a11d-e9996b186f04',344,0,'2020-02-05 18:54:24','mhduong',NULL,NULL),('6e5a7bbf-adcd-41d5-9368-5fcba6862a69','d884de7f-ae18-48fa-a11d-e9996b186f04',756,0,'2020-02-05 18:54:24','mhduong',NULL,NULL),('6e7a25d8-79c8-4291-86ca-e0682ed53ff9','2c7d2808-c0d9-42a8-b985-2cc2756d7cca',50,0,'2020-02-05 19:05:10','mhduong',NULL,NULL),('6e87c1b6-b876-406a-9fd3-f9b9d204cfd0','d5ca201e-16d0-44dc-92fe-0dbbf4318a09',362,0,'2020-02-10 21:17:26','mhduong',NULL,NULL),('6f4f37df-ed26-4a4c-8dda-c0f343aafab6','1d535819-6f8a-4373-aa22-e1af5bb86860',342,0,'2020-02-05 19:05:39','mhduong',NULL,NULL),('6fb32236-4efe-454a-9a2e-18db9b768b08','1d535819-6f8a-4373-aa22-e1af5bb86860',758,0,'2020-02-05 19:05:39','mhduong',NULL,NULL),('6fef4ec9-8f5f-4897-b0a3-16518670d0da','d884de7f-ae18-48fa-a11d-e9996b186f04',210,0,'2020-02-05 18:54:24','mhduong',NULL,NULL),('70ac4aec-0c94-4c5e-93d9-f532dbd2427e','d5ca201e-16d0-44dc-92fe-0dbbf4318a09',228,0,'2020-02-10 21:17:26','mhduong',NULL,NULL),('70e30d0a-86a9-4050-ac1e-aa3176497a93','d884de7f-ae18-48fa-a11d-e9996b186f04',189,0,'2020-02-05 18:54:24','mhduong',NULL,NULL),('71cc6bf1-7728-4d1e-a076-9f3e407d2045','1d535819-6f8a-4373-aa22-e1af5bb86860',690,0,'2020-02-05 19:05:39','mhduong',NULL,NULL),('72375319-860e-4a93-bd3e-da01b93bd0c5','2c7d2808-c0d9-42a8-b985-2cc2756d7cca',339,0,'2020-02-05 19:05:10','mhduong',NULL,NULL),('723ed8b8-091e-4e3f-b38b-8e6f2bf29907','d884de7f-ae18-48fa-a11d-e9996b186f04',100,0,'2020-02-05 18:54:24','mhduong',NULL,NULL),('7320a2d6-3660-4345-899d-e54b6af13dc3','c46e0035-1d05-4eec-b2e8-6f20cbdd4a38',697,0,'2020-02-05 16:28:56','mhduong',NULL,NULL),('73226fb0-d338-40b5-bc7f-bd3023af7b5a','1d535819-6f8a-4373-aa22-e1af5bb86860',551,0,'2020-02-05 19:05:39','mhduong',NULL,NULL),('738debe7-60aa-4425-9d5f-182d6cf3b8f4','d884de7f-ae18-48fa-a11d-e9996b186f04',256,0,'2020-02-05 18:54:24','mhduong',NULL,NULL),('73917fc8-ffa7-4fda-9c8e-cfd40950cd6e','1d535819-6f8a-4373-aa22-e1af5bb86860',204,0,'2020-02-05 19:05:39','mhduong',NULL,NULL),('74008d70-3286-4c20-ace9-d9a399a18529','c46e0035-1d05-4eec-b2e8-6f20cbdd4a38',677,0,'2020-02-05 16:28:56','mhduong',NULL,NULL),('74066254-fcb4-4804-8547-6fce09b3e471','d5ca201e-16d0-44dc-92fe-0dbbf4318a09',242,0,'2020-02-10 21:17:26','mhduong',NULL,NULL),('748b3c42-9a85-4a43-9e2b-b55626dcbebd','1d535819-6f8a-4373-aa22-e1af5bb86860',529,0,'2020-02-05 19:05:39','mhduong',NULL,NULL),('74ace63f-998a-4506-8834-6ca3b7598e96','2c7d2808-c0d9-42a8-b985-2cc2756d7cca',350,0,'2020-02-05 19:05:10','mhduong',NULL,NULL),('75cbab8b-23e8-4022-8c88-c52c70a2fc21','1d535819-6f8a-4373-aa22-e1af5bb86860',190,0,'2020-02-05 19:05:39','mhduong',NULL,NULL),('75cdddda-c340-4272-9f66-dc43f10bcbb8','c46e0035-1d05-4eec-b2e8-6f20cbdd4a38',46,0,'2020-02-05 16:28:56','mhduong',NULL,NULL),('75e46a10-6483-44b5-9e4f-a72994a3b7e5','1d535819-6f8a-4373-aa22-e1af5bb86860',345,0,'2020-02-05 19:05:39','mhduong',NULL,NULL),('7612bf83-2dde-4cc2-b806-4171f67959db','d5ca201e-16d0-44dc-92fe-0dbbf4318a09',757,0,'2020-02-10 21:17:26','mhduong',NULL,NULL),('76993182-7be8-4d89-833e-e378d176f6ea','2c7d2808-c0d9-42a8-b985-2cc2756d7cca',81,0,'2020-02-05 19:05:10','mhduong',NULL,NULL),('76a742f7-76ae-4331-a11b-8e3a108c6930','d5ca201e-16d0-44dc-92fe-0dbbf4318a09',345,0,'2020-02-10 21:17:26','mhduong',NULL,NULL),('77831a18-739b-4e3f-8f58-5667ef696d7b','d5ca201e-16d0-44dc-92fe-0dbbf4318a09',693,0,'2020-02-10 21:17:26','mhduong',NULL,NULL),('7827289a-09e8-48ff-bbe0-81494df2b482','c46e0035-1d05-4eec-b2e8-6f20cbdd4a38',800,0,'2020-02-05 16:28:56','mhduong',NULL,NULL),('7a119416-a938-4311-8c59-010431eebebc','2c7d2808-c0d9-42a8-b985-2cc2756d7cca',256,0,'2020-02-05 19:05:10','mhduong',NULL,NULL),('7a6e18c9-04c7-488f-a49c-88519b340c8f','d884de7f-ae18-48fa-a11d-e9996b186f04',236,0,'2020-02-05 18:54:24','mhduong',NULL,NULL),('7aed49da-eb1d-4a89-80ce-916795bf8564','c46e0035-1d05-4eec-b2e8-6f20cbdd4a38',790,0,'2020-02-05 16:28:56','mhduong',NULL,NULL),('7c158a7c-dc9f-4873-b020-04af40165b6c','dc7c647c-eae8-47d4-a811-79d3b064dfbf',176,0,'2020-01-15 14:31:00','mhduong',NULL,NULL),('7cd55d87-759b-456b-8154-b6d4936ab205','1d535819-6f8a-4373-aa22-e1af5bb86860',691,0,'2020-02-05 19:05:39','mhduong',NULL,NULL),('7cdd0f3e-2648-418e-b4c7-8e124f12c051','1d535819-6f8a-4373-aa22-e1af5bb86860',686,0,'2020-02-05 19:05:39','mhduong',NULL,NULL),('7d39a4ff-7f78-4a71-b88b-338325cd93c9','c46e0035-1d05-4eec-b2e8-6f20cbdd4a38',750,0,'2020-02-05 16:28:56','mhduong',NULL,NULL),('7d39d990-f75a-46a4-8e96-ba3a97e2efc8','2c7d2808-c0d9-42a8-b985-2cc2756d7cca',737,0,'2020-02-05 19:05:10','mhduong',NULL,NULL),('7d3e0054-8951-4566-8bc7-d22173710fda','d5ca201e-16d0-44dc-92fe-0dbbf4318a09',396,0,'2020-02-10 21:17:26','mhduong',NULL,NULL),('7de7f693-dc16-41b7-945a-269306d3958c','d5ca201e-16d0-44dc-92fe-0dbbf4318a09',672,0,'2020-02-10 21:17:26','mhduong',NULL,NULL),('7e20f2fd-2fcb-4855-b124-c3928f256435','d884de7f-ae18-48fa-a11d-e9996b186f04',50,0,'2020-02-05 18:54:24','mhduong',NULL,NULL),('7eab412c-f3d9-45d7-908c-fd1a87700f6d','c46e0035-1d05-4eec-b2e8-6f20cbdd4a38',786,0,'2020-02-05 16:28:56','mhduong',NULL,NULL),('7eae2673-15f2-40e9-89c9-f12e6f1a1d1e','d884de7f-ae18-48fa-a11d-e9996b186f04',552,0,'2020-02-05 18:54:24','mhduong',NULL,NULL),('7ec58b83-0179-46d2-8073-859e6429b6d2','c46e0035-1d05-4eec-b2e8-6f20cbdd4a38',435,0,'2020-02-05 16:28:56','mhduong',NULL,NULL),('8072cb35-0afb-48f0-9526-0dc14f68046d','c46e0035-1d05-4eec-b2e8-6f20cbdd4a38',534,0,'2020-02-05 16:28:56','mhduong',NULL,NULL),('81913e35-c28d-45da-a925-fbef4514054e','2c7d2808-c0d9-42a8-b985-2cc2756d7cca',692,0,'2020-02-05 19:05:10','mhduong',NULL,NULL),('822a9cb1-f542-4328-94ce-2636d0033b21','1d535819-6f8a-4373-aa22-e1af5bb86860',771,0,'2020-02-05 19:05:39','mhduong',NULL,NULL),('82568988-e894-4a48-ba7d-2fd6c598e364','1d535819-6f8a-4373-aa22-e1af5bb86860',710,0,'2020-02-05 19:05:39','mhduong',NULL,NULL),('826e63ca-e26f-4bc7-bc5f-690830b384fa','c46e0035-1d05-4eec-b2e8-6f20cbdd4a38',61,0,'2020-02-05 16:28:56','mhduong',NULL,NULL),('831f4d8e-2ca7-440f-94d2-d14a8356f945','d5ca201e-16d0-44dc-92fe-0dbbf4318a09',550,0,'2020-02-10 21:17:26','mhduong',NULL,NULL),('836165d2-0278-4684-b7bf-fffba4083a3d','d884de7f-ae18-48fa-a11d-e9996b186f04',40,0,'2020-02-05 18:54:24','mhduong',NULL,NULL),('84a429a5-0213-499a-9835-7ea78706e791','2c7d2808-c0d9-42a8-b985-2cc2756d7cca',714,0,'2020-02-05 19:05:10','mhduong',NULL,NULL),('84f889be-2d8c-46fe-8f1a-20f6ef1d985e','d5ca201e-16d0-44dc-92fe-0dbbf4318a09',255,0,'2020-02-10 21:17:26','mhduong',NULL,NULL),('852a5c15-8c07-49f3-8f3e-cd8bacae5e65','1d535819-6f8a-4373-aa22-e1af5bb86860',348,0,'2020-02-05 19:05:39','mhduong',NULL,NULL),('85954609-d201-4bd2-9b8c-c144caadbf58','d884de7f-ae18-48fa-a11d-e9996b186f04',685,0,'2020-02-05 18:54:24','mhduong',NULL,NULL),('85cb8aea-7e8a-46c1-9685-a56d0c4aa683','2c7d2808-c0d9-42a8-b985-2cc2756d7cca',83,0,'2020-02-05 19:05:10','mhduong',NULL,NULL),('861dfaf0-4523-47e2-b356-9d108b26a6bd','1d535819-6f8a-4373-aa22-e1af5bb86860',756,0,'2020-02-05 19:05:39','mhduong',NULL,NULL),('862723c8-4229-4386-b524-c2b09b790085','d5ca201e-16d0-44dc-92fe-0dbbf4318a09',687,0,'2020-02-10 21:17:26','mhduong',NULL,NULL),('86432e16-12db-4826-90a9-a221af8278bd','1d535819-6f8a-4373-aa22-e1af5bb86860',52,0,'2020-02-05 19:05:39','mhduong',NULL,NULL),('86d5eb0a-9cc6-4eb1-9d54-c27d92181479','dc7c647c-eae8-47d4-a811-79d3b064dfbf',254,0,'2020-01-15 14:31:00','mhduong',NULL,NULL),('86e2d677-d907-42bb-985b-d20603b7ccf1','2c7d2808-c0d9-42a8-b985-2cc2756d7cca',396,0,'2020-02-05 19:05:10','mhduong',NULL,NULL),('88286e0f-4887-466d-b068-b2618b37d423','2c7d2808-c0d9-42a8-b985-2cc2756d7cca',159,0,'2020-02-05 19:05:10','mhduong',NULL,NULL),('88ef3a94-eda7-495f-a25a-ce732798d117','c46e0035-1d05-4eec-b2e8-6f20cbdd4a38',834,0,'2020-02-05 16:28:56','mhduong',NULL,NULL),('891f165f-3fa2-4666-b3ba-f004337dad92','d884de7f-ae18-48fa-a11d-e9996b186f04',528,0,'2020-02-05 18:54:24','mhduong',NULL,NULL),('89c64442-25c2-476a-943f-c3e05cea54f5','c46e0035-1d05-4eec-b2e8-6f20cbdd4a38',391,0,'2020-02-05 16:28:56','mhduong',NULL,NULL),('89e17ec4-3644-4663-a08c-f20d1a741411','d5ca201e-16d0-44dc-92fe-0dbbf4318a09',256,0,'2020-02-10 21:17:26','mhduong',NULL,NULL),('8ab7b1cb-4916-4944-8bf8-d26956c341fe','c46e0035-1d05-4eec-b2e8-6f20cbdd4a38',511,0,'2020-02-05 16:28:56','mhduong',NULL,NULL),('8b303433-87e3-4599-adee-0f90f243e176','d5ca201e-16d0-44dc-92fe-0dbbf4318a09',340,0,'2020-02-10 21:17:26','mhduong',NULL,NULL),('8bad9918-e059-4ba0-9d71-a53214a12df5','c46e0035-1d05-4eec-b2e8-6f20cbdd4a38',820,0,'2020-02-05 16:28:56','mhduong',NULL,NULL),('8c0a1d95-1884-468e-b0af-eef7f2cf3675','d884de7f-ae18-48fa-a11d-e9996b186f04',263,0,'2020-02-05 18:54:24','mhduong',NULL,NULL),('8cbba9dc-bb1d-4f28-ba4a-e44969795557','c46e0035-1d05-4eec-b2e8-6f20cbdd4a38',446,0,'2020-02-05 16:28:56','mhduong',NULL,NULL),('8cece5f9-cb24-4a77-bbb6-781c717147b1','c46e0035-1d05-4eec-b2e8-6f20cbdd4a38',374,0,'2020-02-05 16:28:56','mhduong',NULL,NULL),('8d6ce644-8d2b-4063-b39e-34e26538c9e3','d5ca201e-16d0-44dc-92fe-0dbbf4318a09',342,0,'2020-02-10 21:17:26','mhduong',NULL,NULL),('8d80c794-e4eb-41ef-8491-b944bdc4f0b1','d5ca201e-16d0-44dc-92fe-0dbbf4318a09',52,0,'2020-02-10 21:17:26','mhduong',NULL,NULL),('8e5ddcce-ee10-4bcf-bbb5-b92141a4b60d','1d535819-6f8a-4373-aa22-e1af5bb86860',242,0,'2020-02-05 19:05:39','mhduong',NULL,NULL),('8e8bdd57-6e91-439a-bb4c-db494aa73103','2c7d2808-c0d9-42a8-b985-2cc2756d7cca',184,0,'2020-02-05 19:05:10','mhduong',NULL,NULL),('8e9a41f5-da60-43c5-be0d-a79981994ae5','c46e0035-1d05-4eec-b2e8-6f20cbdd4a38',742,0,'2020-02-05 16:28:56','mhduong',NULL,NULL),('8ef625b7-ab82-4b80-8d19-1ea136ff3d72','c46e0035-1d05-4eec-b2e8-6f20cbdd4a38',544,1,'2020-02-05 16:28:56','mhduong','2020-02-07 20:35:55','mhduong'),('8f7a4025-5121-4df6-9618-b5aad61b15cf','d5ca201e-16d0-44dc-92fe-0dbbf4318a09',712,0,'2020-02-10 21:17:26','mhduong',NULL,NULL),('913c1df6-ca4c-46de-aec2-c8b41173cb42','d5ca201e-16d0-44dc-92fe-0dbbf4318a09',81,0,'2020-02-10 21:17:26','mhduong',NULL,NULL),('91695c10-5e3d-4d0b-a9c2-9367ae6c8546','2c7d2808-c0d9-42a8-b985-2cc2756d7cca',353,0,'2020-02-05 19:05:10','mhduong',NULL,NULL),('91919d01-d10d-4042-b561-c440525775e1','1d535819-6f8a-4373-aa22-e1af5bb86860',407,0,'2020-02-05 19:05:39','mhduong',NULL,NULL),('91de3965-c03a-4d62-86b7-9c5c4ac69e48','c46e0035-1d05-4eec-b2e8-6f20cbdd4a38',530,0,'2020-02-05 16:28:56','mhduong',NULL,NULL),('92f4f1c9-75d2-4555-b53d-2b610211fd19','1d535819-6f8a-4373-aa22-e1af5bb86860',150,0,'2020-02-05 19:05:39','mhduong',NULL,NULL),('93a7f4c4-46e6-4064-8239-a1cf2f17ecde','2c7d2808-c0d9-42a8-b985-2cc2756d7cca',712,0,'2020-02-05 19:05:10','mhduong',NULL,NULL),('93d47056-5c32-4000-81f9-3edb2630653b','1d535819-6f8a-4373-aa22-e1af5bb86860',737,0,'2020-02-05 19:05:39','mhduong',NULL,NULL),('93ddb9f5-441b-44ea-bd51-f01d048dcf85','c46e0035-1d05-4eec-b2e8-6f20cbdd4a38',854,0,'2020-02-05 16:28:56','mhduong',NULL,NULL),('940b9c8f-9bf4-4ac4-a882-3b2d27dc4461','2c7d2808-c0d9-42a8-b985-2cc2756d7cca',553,0,'2020-02-05 19:05:10','mhduong',NULL,NULL),('94964d9a-fb8b-4261-b5f3-96952c814a92','c46e0035-1d05-4eec-b2e8-6f20cbdd4a38',508,0,'2020-02-05 16:28:56','mhduong',NULL,NULL),('94b41e49-8595-4f47-a2e4-be32d9289463','2c7d2808-c0d9-42a8-b985-2cc2756d7cca',228,0,'2020-02-05 19:05:10','mhduong',NULL,NULL),('95045b38-7c91-4a4d-9ad2-6985dee61a01','2c7d2808-c0d9-42a8-b985-2cc2756d7cca',685,0,'2020-02-05 19:05:10','mhduong',NULL,NULL),('952ffeac-54ac-4acf-8fc1-b8fae2acf464','c46e0035-1d05-4eec-b2e8-6f20cbdd4a38',826,0,'2020-02-05 16:28:56','mhduong',NULL,NULL),('957334f6-3dca-4b86-8039-600d07657b27','2c7d2808-c0d9-42a8-b985-2cc2756d7cca',246,0,'2020-02-05 19:05:10','mhduong',NULL,NULL),('95eadcc9-192b-4f59-a6f9-39edce12fb6f','2c7d2808-c0d9-42a8-b985-2cc2756d7cca',688,0,'2020-02-05 19:05:10','mhduong',NULL,NULL),('9719c09f-2dcd-47a7-9f79-982c18354072','d5ca201e-16d0-44dc-92fe-0dbbf4318a09',38,0,'2020-02-10 21:17:26','mhduong',NULL,NULL),('9742f652-ea51-4cd6-9b3c-c0bd519974f8','2c7d2808-c0d9-42a8-b985-2cc2756d7cca',771,1,'2020-02-05 19:05:10','mhduong','2020-02-07 19:50:54','mhduong'),('974c22d0-82f2-4350-a1eb-f69ec99ee987','1d535819-6f8a-4373-aa22-e1af5bb86860',688,0,'2020-02-05 19:05:39','mhduong',NULL,NULL),('9793f9c9-0463-4179-8d9a-3469098026b6','d884de7f-ae18-48fa-a11d-e9996b186f04',758,0,'2020-02-05 18:54:24','mhduong',NULL,NULL),('9820847c-288e-430b-8720-4f98fad30222','1d535819-6f8a-4373-aa22-e1af5bb86860',170,0,'2020-02-05 19:05:39','mhduong',NULL,NULL),('98550e7d-7f30-4958-9a4f-02bc0d578f53','2c7d2808-c0d9-42a8-b985-2cc2756d7cca',358,0,'2020-02-05 19:05:10','mhduong',NULL,NULL),('98e30e45-9d23-4762-accf-7d11d4d6f086','d5ca201e-16d0-44dc-92fe-0dbbf4318a09',169,0,'2020-02-10 21:17:26','mhduong',NULL,NULL),('998f977a-9d01-43a0-aca0-b23e33cc5936','1d535819-6f8a-4373-aa22-e1af5bb86860',692,0,'2020-02-05 19:05:39','mhduong',NULL,NULL),('99f1b5e8-3fb4-4cdd-a08f-789905149210','1d535819-6f8a-4373-aa22-e1af5bb86860',210,0,'2020-02-05 19:05:39','mhduong',NULL,NULL),('9a1fe2ab-be7b-47bd-9900-62ca7465ead4','1d535819-6f8a-4373-aa22-e1af5bb86860',689,0,'2020-02-05 19:05:39','mhduong',NULL,NULL),('9b327a1c-2602-4dc9-9851-6bda963083ef','d5ca201e-16d0-44dc-92fe-0dbbf4318a09',170,0,'2020-02-10 21:17:26','mhduong',NULL,NULL),('9b96b9a1-d484-4bd8-9fb0-d1d43c958c70','2c7d2808-c0d9-42a8-b985-2cc2756d7cca',672,0,'2020-02-05 19:05:10','mhduong',NULL,NULL),('9c4f0f03-1db0-455d-be3b-d904301042ee','2c7d2808-c0d9-42a8-b985-2cc2756d7cca',38,0,'2020-02-05 19:05:10','mhduong',NULL,NULL),('9cc14fde-ab5f-4a5e-9f2f-d69de24aafdc','1d535819-6f8a-4373-aa22-e1af5bb86860',248,0,'2020-02-05 19:05:39','mhduong',NULL,NULL),('9de66b6e-5cc5-40e8-8fe4-f83b2b471950','d5ca201e-16d0-44dc-92fe-0dbbf4318a09',184,0,'2020-02-10 21:17:26','mhduong',NULL,NULL),('9df77761-6402-4f2d-ae56-1b2b66eab7e7','c46e0035-1d05-4eec-b2e8-6f20cbdd4a38',799,0,'2020-02-05 16:28:56','mhduong',NULL,NULL),('9f424746-7fba-4d91-bff1-702055d90d6f','2c7d2808-c0d9-42a8-b985-2cc2756d7cca',678,0,'2020-02-05 19:05:10','mhduong',NULL,NULL),('9f5ffa8b-b123-42dc-8249-8ad235adecb7','1d535819-6f8a-4373-aa22-e1af5bb86860',38,0,'2020-02-05 19:05:39','mhduong',NULL,NULL),('9f88117c-3b4a-4b26-845a-5e8782a792ad','d884de7f-ae18-48fa-a11d-e9996b186f04',694,0,'2020-02-05 18:54:24','mhduong',NULL,NULL),('a01515e0-5cfa-41ae-87d2-b08547199c35','c46e0035-1d05-4eec-b2e8-6f20cbdd4a38',338,0,'2020-02-05 16:28:56','mhduong',NULL,NULL),('a0243265-7b7f-4c2d-8aea-c3a23ddb456a','2c7d2808-c0d9-42a8-b985-2cc2756d7cca',529,0,'2020-02-05 19:05:10','mhduong',NULL,NULL),('a0b85847-f545-4b2f-a375-6dbc4b4c93a9','d5ca201e-16d0-44dc-92fe-0dbbf4318a09',190,0,'2020-02-10 21:17:26','mhduong',NULL,NULL),('a0e196c2-11f3-42f1-8bbf-f6f78a05e574','dc7c647c-eae8-47d4-a811-79d3b064dfbf',355,0,'2020-01-15 14:31:00','mhduong',NULL,NULL),('a103a27f-272a-48d0-a41a-adf4da97bd0e','2c7d2808-c0d9-42a8-b985-2cc2756d7cca',168,0,'2020-02-05 19:05:10','mhduong',NULL,NULL),('a135d84e-5c7d-4a3b-a758-e0c50e3acceb','c46e0035-1d05-4eec-b2e8-6f20cbdd4a38',853,0,'2020-02-05 16:28:56','mhduong',NULL,NULL),('a13d7877-03bb-4a79-9ca7-7790e547b72f','1d535819-6f8a-4373-aa22-e1af5bb86860',184,0,'2020-02-05 19:05:39','mhduong',NULL,NULL),('a4c7a25b-9822-43bd-885f-1458fedc4f8d','c46e0035-1d05-4eec-b2e8-6f20cbdd4a38',156,0,'2020-02-05 16:28:56','mhduong',NULL,NULL),('a4e7d5a6-fcdc-4b8a-bcca-59429f9cfe37','c46e0035-1d05-4eec-b2e8-6f20cbdd4a38',711,0,'2020-02-05 16:28:56','mhduong',NULL,NULL),('a5d55e84-1ae4-4fbd-ba83-f1d693346fa5','c46e0035-1d05-4eec-b2e8-6f20cbdd4a38',630,0,'2020-02-05 16:28:56','mhduong',NULL,NULL),('a6d8ad59-afff-4ce6-a3cd-d539ca96dd81','1d535819-6f8a-4373-aa22-e1af5bb86860',694,0,'2020-02-05 19:05:39','mhduong',NULL,NULL),('a74ef10c-983c-4316-b87b-1f6e0adf8676','d5ca201e-16d0-44dc-92fe-0dbbf4318a09',39,0,'2020-02-10 21:17:26','mhduong',NULL,NULL),('a7c64823-1ba7-4f80-8c63-fe86017307f2','d884de7f-ae18-48fa-a11d-e9996b186f04',150,0,'2020-02-05 18:54:24','mhduong',NULL,NULL),('a822cd01-73e2-4538-b1c2-66146de446b6','c46e0035-1d05-4eec-b2e8-6f20cbdd4a38',832,0,'2020-02-05 16:28:56','mhduong',NULL,NULL),('a88ef43d-8337-4e7b-9180-8fa435c66702','2c7d2808-c0d9-42a8-b985-2cc2756d7cca',503,0,'2020-02-05 19:05:10','mhduong',NULL,NULL),('a8ce51b9-a1c7-4e2a-a515-dfb3543ed2b0','c46e0035-1d05-4eec-b2e8-6f20cbdd4a38',858,0,'2020-02-05 16:28:56','mhduong',NULL,NULL),('a8e43fbc-db4f-4001-a0cf-c50a39024650','2c7d2808-c0d9-42a8-b985-2cc2756d7cca',161,0,'2020-02-05 19:05:10','mhduong',NULL,NULL),('a9238225-ae4a-411d-bd3e-c5dc4b831bd5','d884de7f-ae18-48fa-a11d-e9996b186f04',184,0,'2020-02-05 18:54:24','mhduong',NULL,NULL),('a9cf1f4a-852e-4798-9290-6e8ac86a1d2e','d5ca201e-16d0-44dc-92fe-0dbbf4318a09',714,0,'2020-02-10 21:17:26','mhduong',NULL,NULL),('aa62da50-b288-421f-8b22-a53ac5e12bde','c46e0035-1d05-4eec-b2e8-6f20cbdd4a38',505,0,'2020-02-05 16:28:56','mhduong',NULL,NULL),('aab32068-28b1-4b6a-8c1a-99ae045d2aa4','c46e0035-1d05-4eec-b2e8-6f20cbdd4a38',330,0,'2020-02-05 16:28:56','mhduong',NULL,NULL),('aac0dbf3-68ce-43c2-967f-2c2c5186dd80','d884de7f-ae18-48fa-a11d-e9996b186f04',190,0,'2020-02-05 18:54:24','mhduong',NULL,NULL),('aae27f43-61d2-4fed-995c-066fc7916edb','d884de7f-ae18-48fa-a11d-e9996b186f04',755,0,'2020-02-05 18:54:24','mhduong',NULL,NULL),('acd27bc2-217a-4335-8bfa-e3be53d2f8f6','d884de7f-ae18-48fa-a11d-e9996b186f04',689,0,'2020-02-05 18:54:24','mhduong',NULL,NULL),('ad5e0faa-2c4e-4692-97bf-67baf16c39e4','d884de7f-ae18-48fa-a11d-e9996b186f04',92,0,'2020-02-05 18:54:24','mhduong',NULL,NULL),('ae3f0197-3047-4fbe-a054-82a7bdd66cd9','1d535819-6f8a-4373-aa22-e1af5bb86860',40,0,'2020-02-05 19:05:39','mhduong',NULL,NULL),('ae46538b-0964-4cdf-975a-e79ceea31ba8','c46e0035-1d05-4eec-b2e8-6f20cbdd4a38',384,0,'2020-02-05 16:28:56','mhduong',NULL,NULL),('ae7ac5c1-3983-46e0-ba86-0402c62ba288','d5ca201e-16d0-44dc-92fe-0dbbf4318a09',685,0,'2020-02-10 21:17:26','mhduong',NULL,NULL),('af703afd-933f-4808-968a-75b757ce4743','d884de7f-ae18-48fa-a11d-e9996b186f04',352,0,'2020-02-05 18:54:24','mhduong',NULL,NULL),('af9c1b00-b8bb-4b60-a516-3ee104ccca62','1d535819-6f8a-4373-aa22-e1af5bb86860',161,0,'2020-02-05 19:05:39','mhduong',NULL,NULL),('b008450b-10d2-4e43-a3d6-9bb82639fa0c','d5ca201e-16d0-44dc-92fe-0dbbf4318a09',352,0,'2020-02-10 21:17:26','mhduong',NULL,NULL),('b00a8c2f-93a9-4525-b462-3340741fd1ef','d5ca201e-16d0-44dc-92fe-0dbbf4318a09',939,0,'2020-02-10 21:17:26','mhduong',NULL,NULL),('b11497c3-b5b6-4346-98cc-152df7629d2b','c46e0035-1d05-4eec-b2e8-6f20cbdd4a38',319,0,'2020-02-05 16:28:56','mhduong',NULL,NULL),('b11ea9b0-5cbb-4cd6-b358-cb0ff07db456','1d535819-6f8a-4373-aa22-e1af5bb86860',347,0,'2020-02-05 19:05:39','mhduong',NULL,NULL),('b154d41a-93a0-4d87-9188-df591c5994dc','d5ca201e-16d0-44dc-92fe-0dbbf4318a09',50,0,'2020-02-10 21:17:26','mhduong',NULL,NULL),('b1ce3d24-bd2b-44a1-9a56-f9496c7761bd','2c7d2808-c0d9-42a8-b985-2cc2756d7cca',114,0,'2020-02-05 19:05:10','mhduong',NULL,NULL),('b23e6122-c684-4fd0-afde-f3cd388c0819','c46e0035-1d05-4eec-b2e8-6f20cbdd4a38',361,0,'2020-02-05 16:28:56','mhduong',NULL,NULL),('b29d5812-a7ab-40d0-a996-79e0b6eebc20','c46e0035-1d05-4eec-b2e8-6f20cbdd4a38',741,0,'2020-02-05 16:28:56','mhduong',NULL,NULL),('b316fb81-84e1-40f0-8893-38a688955647','d5ca201e-16d0-44dc-92fe-0dbbf4318a09',114,0,'2020-02-10 21:17:26','mhduong',NULL,NULL),('b4453875-b7d4-414a-8feb-e8e5c593f91a','c46e0035-1d05-4eec-b2e8-6f20cbdd4a38',449,0,'2020-02-05 16:28:56','mhduong',NULL,NULL),('b4c7566b-3295-4415-80fa-a554e9358464','c46e0035-1d05-4eec-b2e8-6f20cbdd4a38',197,0,'2020-02-05 16:28:56','mhduong',NULL,NULL),('b544615e-938b-4cb4-a62f-59b96a986aea','d5ca201e-16d0-44dc-92fe-0dbbf4318a09',210,0,'2020-02-10 21:17:26','mhduong',NULL,NULL),('b5865109-3123-4569-9890-3051a812719a','c46e0035-1d05-4eec-b2e8-6f20cbdd4a38',780,0,'2020-02-05 16:28:56','mhduong',NULL,NULL),('b602451d-468b-467f-895f-c9274165a3d8','1d535819-6f8a-4373-aa22-e1af5bb86860',114,0,'2020-02-05 19:05:39','mhduong',NULL,NULL),('b61977df-19d7-42ca-a41a-1c83754a92d0','c46e0035-1d05-4eec-b2e8-6f20cbdd4a38',667,0,'2020-02-05 16:28:56','mhduong',NULL,NULL),('b910958a-2b50-45e9-a85a-ee27ac907502','d884de7f-ae18-48fa-a11d-e9996b186f04',342,0,'2020-02-05 18:54:24','mhduong',NULL,NULL),('b9b6aa94-f34e-4fec-9244-651dc3599d46','d884de7f-ae18-48fa-a11d-e9996b186f04',38,0,'2020-02-05 18:54:24','mhduong',NULL,NULL),('b9ee0696-d707-45a8-ae6b-9d745150abd4','2c7d2808-c0d9-42a8-b985-2cc2756d7cca',455,0,'2020-02-05 19:05:10','mhduong',NULL,NULL),('ba98c478-ebc8-490e-92e6-dd6dfb759047','d5ca201e-16d0-44dc-92fe-0dbbf4318a09',529,0,'2020-02-10 21:17:26','mhduong',NULL,NULL),('baa002d7-04f0-40af-b63b-0f33297b2dc5','c46e0035-1d05-4eec-b2e8-6f20cbdd4a38',258,0,'2020-02-05 16:28:56','mhduong',NULL,NULL),('bb129863-70c0-4f1c-817c-0eac6dea34fe','d884de7f-ae18-48fa-a11d-e9996b186f04',202,0,'2020-02-05 18:54:24','mhduong',NULL,NULL),('bb281290-7bb5-4ea3-9b3d-58e28d870e04','2c7d2808-c0d9-42a8-b985-2cc2756d7cca',552,0,'2020-02-05 19:05:10','mhduong',NULL,NULL),('bb4518e7-3bab-4f4e-b123-1955441127ee','2c7d2808-c0d9-42a8-b985-2cc2756d7cca',180,0,'2020-02-05 19:05:10','mhduong',NULL,NULL),('bb7f5e76-b5d9-437e-a3eb-d4d97fe41e9e','c46e0035-1d05-4eec-b2e8-6f20cbdd4a38',762,0,'2020-02-05 16:28:56','mhduong',NULL,NULL),('bbd97d43-3193-4a81-a912-04dbae4ede55','d884de7f-ae18-48fa-a11d-e9996b186f04',241,0,'2020-02-05 18:54:24','mhduong',NULL,NULL),('bcd7e331-76b9-479e-8cc5-ae57b97358a0','d5ca201e-16d0-44dc-92fe-0dbbf4318a09',202,0,'2020-02-10 21:17:26','mhduong',NULL,NULL),('bd2de70b-bbf3-4390-9896-8f35cc5e5f3e','1d535819-6f8a-4373-aa22-e1af5bb86860',241,0,'2020-02-05 19:05:39','mhduong',NULL,NULL),('bdcda5e5-0c2f-4df5-bf40-5bd8b5580568','d5ca201e-16d0-44dc-92fe-0dbbf4318a09',756,0,'2020-02-10 21:17:26','mhduong',NULL,NULL),('be478a19-0f6f-406d-8b6e-8b73a4a5a451','dc7c647c-eae8-47d4-a811-79d3b064dfbf',117,0,'2020-01-15 14:31:00','mhduong',NULL,NULL),('bf196a34-8c64-46e2-aae4-ed02c00bbac0','1d535819-6f8a-4373-aa22-e1af5bb86860',19,0,'2020-02-05 19:05:39','mhduong',NULL,NULL),('bf4a192d-5628-47d8-a1e6-d090770848a0','c46e0035-1d05-4eec-b2e8-6f20cbdd4a38',636,0,'2020-02-05 16:28:56','mhduong',NULL,NULL),('c0142958-bcfe-4b0f-81f3-089b7a0bdd40','dc7c647c-eae8-47d4-a811-79d3b064dfbf',54,0,'2020-01-15 14:31:00','mhduong',NULL,NULL),('c06d7c5b-f684-4b42-8878-a41f38c0d536','2c7d2808-c0d9-42a8-b985-2cc2756d7cca',255,0,'2020-02-05 19:05:10','mhduong',NULL,NULL),('c17a5d0f-71b2-4566-a8ba-9e82088a77a1','d884de7f-ae18-48fa-a11d-e9996b186f04',39,0,'2020-02-05 18:54:24','mhduong',NULL,NULL),('c3d4f99d-0dc1-4bad-98b0-017757f9bdcc','d884de7f-ae18-48fa-a11d-e9996b186f04',672,0,'2020-02-05 18:54:24','mhduong',NULL,NULL),('c46c7069-f60d-448b-ac2c-c35f6021b0ff','1d535819-6f8a-4373-aa22-e1af5bb86860',396,0,'2020-02-05 19:05:39','mhduong',NULL,NULL),('c500004d-aa71-42c5-a72c-fb5c6d8b1f83','d5ca201e-16d0-44dc-92fe-0dbbf4318a09',40,0,'2020-02-10 21:17:26','mhduong',NULL,NULL),('c6b79c03-0080-408a-8aa4-c6a46ce7b1f3','d5ca201e-16d0-44dc-92fe-0dbbf4318a09',138,0,'2020-02-10 21:17:26','mhduong',NULL,NULL),('c6d4ec15-8506-4b5d-afc7-cfd205b76346','d5ca201e-16d0-44dc-92fe-0dbbf4318a09',686,0,'2020-02-10 21:17:26','mhduong',NULL,NULL),('c8c587df-7d6c-4c56-b29a-5e8b28336665','c46e0035-1d05-4eec-b2e8-6f20cbdd4a38',765,0,'2020-02-05 16:28:56','mhduong',NULL,NULL),('c8fd37a3-55fd-43d0-8510-de1385d8ccbc','d5ca201e-16d0-44dc-92fe-0dbbf4318a09',941,0,'2020-02-10 21:17:26','mhduong',NULL,NULL),('ca4f223f-5cb1-4d7a-82de-ec42a85c49a8','1d535819-6f8a-4373-aa22-e1af5bb86860',713,0,'2020-02-05 19:05:39','mhduong',NULL,NULL),('ca6e65f9-c916-4c8d-a906-58b3775bd915','2c7d2808-c0d9-42a8-b985-2cc2756d7cca',362,0,'2020-02-05 19:05:10','mhduong',NULL,NULL),('ca6ee1f0-9d2e-4f23-aef9-f0b4edf194b3','c46e0035-1d05-4eec-b2e8-6f20cbdd4a38',143,0,'2020-02-05 16:28:56','mhduong',NULL,NULL),('cb50e5c1-23ce-4e60-8e7d-9331d6b3df2a','c46e0035-1d05-4eec-b2e8-6f20cbdd4a38',852,0,'2020-02-05 16:28:56','mhduong',NULL,NULL),('cb9e8c4f-6ea0-446e-b329-62c158e4530e','d5ca201e-16d0-44dc-92fe-0dbbf4318a09',150,0,'2020-02-10 21:17:26','mhduong',NULL,NULL),('cbba9add-4a85-4199-9298-f3416ef9847a','1d535819-6f8a-4373-aa22-e1af5bb86860',693,0,'2020-02-05 19:05:39','mhduong',NULL,NULL),('cbcf2c30-aef7-49ee-a17e-c9ab99791fd9','2c7d2808-c0d9-42a8-b985-2cc2756d7cca',6,0,'2020-02-05 19:05:10','mhduong',NULL,NULL),('cbdf51cb-549a-48fd-baf5-4e678ee1fc6e','c46e0035-1d05-4eec-b2e8-6f20cbdd4a38',831,0,'2020-02-05 16:28:56','mhduong',NULL,NULL),('cbe3b40b-8a84-41b0-89f1-3b27ef1f179c','d5ca201e-16d0-44dc-92fe-0dbbf4318a09',688,0,'2020-02-10 21:17:26','mhduong',NULL,NULL),('cbf78012-6be3-40e1-86d2-8ea12e0d113b','c46e0035-1d05-4eec-b2e8-6f20cbdd4a38',801,0,'2020-02-05 16:28:56','mhduong',NULL,NULL),('cc300a16-aa41-446a-8bd5-b8a0c809e94c','c46e0035-1d05-4eec-b2e8-6f20cbdd4a38',504,0,'2020-02-05 16:28:56','mhduong',NULL,NULL),('cd60d4ac-ed60-4147-9995-5bf05177b1bb','2c7d2808-c0d9-42a8-b985-2cc2756d7cca',100,0,'2020-02-05 19:05:10','mhduong',NULL,NULL),('cdb27d35-64b4-4070-8921-2324f5f1885d','d5ca201e-16d0-44dc-92fe-0dbbf4318a09',6,0,'2020-02-10 21:17:26','mhduong',NULL,NULL),('cdfc8972-07c5-4ca2-8e4d-64c163dba5f4','c46e0035-1d05-4eec-b2e8-6f20cbdd4a38',67,0,'2020-02-05 16:28:56','mhduong',NULL,NULL),('cedd555e-e635-407e-85d5-0ffc44344fa3','d5ca201e-16d0-44dc-92fe-0dbbf4318a09',353,0,'2020-02-10 21:17:26','mhduong',NULL,NULL),('cef3ec7c-f3f8-4847-a932-f06e3bf9df75','d884de7f-ae18-48fa-a11d-e9996b186f04',114,0,'2020-02-05 18:54:24','mhduong',NULL,NULL),('cf7b5b63-0087-4df0-b2bb-b9f4bafe280d','d884de7f-ae18-48fa-a11d-e9996b186f04',154,0,'2020-02-05 18:54:24','mhduong',NULL,NULL),('cfcd31a2-4dcb-42fc-aa76-050fb0a35522','c46e0035-1d05-4eec-b2e8-6f20cbdd4a38',718,0,'2020-02-05 16:28:56','mhduong',NULL,NULL),('cfe1d3c6-f197-4295-a33f-41bacbbf039a','2c7d2808-c0d9-42a8-b985-2cc2756d7cca',693,0,'2020-02-05 19:05:10','mhduong',NULL,NULL),('d04d3440-ebca-4b67-bdd0-82dd4700d0ef','2c7d2808-c0d9-42a8-b985-2cc2756d7cca',462,0,'2020-02-05 19:05:10','mhduong',NULL,NULL),('d0af8bb9-db23-4f5a-b36e-10b1a224a933','c46e0035-1d05-4eec-b2e8-6f20cbdd4a38',816,0,'2020-02-05 16:28:56','mhduong',NULL,NULL),('d0fcce8a-0890-49c3-bcab-4d252a89957d','d884de7f-ae18-48fa-a11d-e9996b186f04',362,0,'2020-02-05 18:54:24','mhduong',NULL,NULL),('d1576c59-55f6-41fa-96b1-86f509cc6da5','1d535819-6f8a-4373-aa22-e1af5bb86860',528,0,'2020-02-05 19:05:39','mhduong',NULL,NULL),('d17974cb-7647-4ca1-8a12-9b7c583acbc6','d5ca201e-16d0-44dc-92fe-0dbbf4318a09',241,0,'2020-02-10 21:17:26','mhduong',NULL,NULL),('d200526e-d6a1-4eec-8408-ab5c5a892bf2','2c7d2808-c0d9-42a8-b985-2cc2756d7cca',348,0,'2020-02-05 19:05:10','mhduong',NULL,NULL),('d21721c5-cbf5-4784-adf4-08a055e737ba','c46e0035-1d05-4eec-b2e8-6f20cbdd4a38',785,0,'2020-02-05 16:28:56','mhduong',NULL,NULL),('d2333fb4-0884-4686-88f0-589832c090a2','1d535819-6f8a-4373-aa22-e1af5bb86860',195,0,'2020-02-05 19:05:39','mhduong',NULL,NULL),('d2a39bfb-3a3a-4ad5-b93a-c4f59a0c4375','1d535819-6f8a-4373-aa22-e1af5bb86860',256,0,'2020-02-05 19:05:39','mhduong',NULL,NULL),('d2c92c82-a916-45aa-b8b9-57c486857639','d5ca201e-16d0-44dc-92fe-0dbbf4318a09',710,0,'2020-02-10 21:17:26','mhduong',NULL,NULL),('d3550341-9de4-496d-8beb-8e118e3e91c0','2c7d2808-c0d9-42a8-b985-2cc2756d7cca',710,0,'2020-02-05 19:05:10','mhduong',NULL,NULL),('d391ca67-4b20-4507-83f8-2dff5ad09229','c46e0035-1d05-4eec-b2e8-6f20cbdd4a38',4,0,'2020-02-05 16:28:56','mhduong',NULL,NULL),('d4624251-cf99-4eac-a337-7beffec01344','1d535819-6f8a-4373-aa22-e1af5bb86860',101,0,'2020-02-05 19:05:39','mhduong',NULL,NULL),('d5372637-eaf1-429d-97dd-f6e867c5962a','c46e0035-1d05-4eec-b2e8-6f20cbdd4a38',56,0,'2020-02-05 16:28:56','mhduong',NULL,NULL),('d599c7cd-4b53-41fd-a2c4-5691f85c148f','d5ca201e-16d0-44dc-92fe-0dbbf4318a09',153,0,'2020-02-10 21:17:26','mhduong',NULL,NULL),('d5cdcb41-96a4-46a6-9167-c9f676862137','c46e0035-1d05-4eec-b2e8-6f20cbdd4a38',78,0,'2020-02-05 16:28:56','mhduong',NULL,NULL),('d6582fc8-88ac-464b-8639-ab9de3b78c39','d884de7f-ae18-48fa-a11d-e9996b186f04',686,0,'2020-02-05 18:54:24','mhduong',NULL,NULL),('d65e0c9f-6e65-4951-b2a5-3e8870337ced','1d535819-6f8a-4373-aa22-e1af5bb86860',759,0,'2020-02-05 19:05:39','mhduong',NULL,NULL),('d71ab710-3874-4c25-b8df-e188518a319b','d884de7f-ae18-48fa-a11d-e9996b186f04',737,0,'2020-02-05 18:54:24','mhduong',NULL,NULL),('d770aa20-8bf7-4456-a0bf-fb576993cb51','2c7d2808-c0d9-42a8-b985-2cc2756d7cca',195,0,'2020-02-05 19:05:10','mhduong',NULL,NULL),('d7747819-7d40-4b25-bc38-b87cb8fbdff3','d884de7f-ae18-48fa-a11d-e9996b186f04',340,0,'2020-02-05 18:54:24','mhduong',NULL,NULL),('d7d66dbe-a35f-4a61-94cb-31220caf3370','d884de7f-ae18-48fa-a11d-e9996b186f04',6,0,'2020-02-05 18:54:24','mhduong',NULL,NULL),('d8141897-f924-427a-ab38-5f56c8d2a018','2c7d2808-c0d9-42a8-b985-2cc2756d7cca',138,0,'2020-02-05 19:05:10','mhduong',NULL,NULL),('d8cf7366-e52d-4266-ae20-a91cdfb5305d','2c7d2808-c0d9-42a8-b985-2cc2756d7cca',210,0,'2020-02-05 19:05:10','mhduong',NULL,NULL),('d95efcb3-5468-401d-a2e9-e1c2b24dc585','1d535819-6f8a-4373-aa22-e1af5bb86860',552,0,'2020-02-05 19:05:39','mhduong',NULL,NULL),('d9a9c5ce-69dc-42da-a26c-43f96df70d1b','1d535819-6f8a-4373-aa22-e1af5bb86860',550,0,'2020-02-05 19:05:39','mhduong',NULL,NULL),('da9ef3ad-6410-4966-931d-71a69f9e3317','d884de7f-ae18-48fa-a11d-e9996b186f04',180,0,'2020-02-05 18:54:24','mhduong',NULL,NULL),('db61d015-af3d-417b-b39c-ecd3d1c48620','d5ca201e-16d0-44dc-92fe-0dbbf4318a09',204,0,'2020-02-10 21:17:26','mhduong',NULL,NULL),('db7d4e6f-67f7-46eb-9876-e5894514645f','d884de7f-ae18-48fa-a11d-e9996b186f04',195,0,'2020-02-05 18:54:24','mhduong',NULL,NULL),('dbb6bab5-cb7a-41b2-a82c-f6eac7c467f7','dc7c647c-eae8-47d4-a811-79d3b064dfbf',234,0,'2020-01-15 14:31:00','mhduong',NULL,NULL),('de8bdf4b-bfeb-49fc-9741-e639ada61fe9','2c7d2808-c0d9-42a8-b985-2cc2756d7cca',713,0,'2020-02-05 19:05:10','mhduong',NULL,NULL),('ded6a998-dd31-490a-bacc-24ec973681ef','c46e0035-1d05-4eec-b2e8-6f20cbdd4a38',521,0,'2020-02-05 16:28:56','mhduong',NULL,NULL),('df53d02b-f7d2-45f2-a700-f5911222cb96','c46e0035-1d05-4eec-b2e8-6f20cbdd4a38',79,0,'2020-02-05 16:28:56','mhduong',NULL,NULL),('df8fa9b2-4844-4474-ab4b-51da4bbf1f80','c46e0035-1d05-4eec-b2e8-6f20cbdd4a38',519,0,'2020-02-05 16:28:56','mhduong',NULL,NULL),('df9ac189-1aa6-42b7-bf9c-6b3109d261e3','2c7d2808-c0d9-42a8-b985-2cc2756d7cca',352,0,'2020-02-05 19:05:10','mhduong',NULL,NULL),('dfc374dc-59dc-412d-8454-f2675268a4be','d884de7f-ae18-48fa-a11d-e9996b186f04',339,0,'2020-02-05 18:54:24','mhduong',NULL,NULL),('dfdf5520-6f1b-4d84-a60b-2e9637936d2e','d5ca201e-16d0-44dc-92fe-0dbbf4318a09',407,0,'2020-02-10 21:17:26','mhduong',NULL,NULL),('e02162a0-3145-4671-a3d6-506cc73b9cc8','1d535819-6f8a-4373-aa22-e1af5bb86860',50,0,'2020-02-05 19:05:39','mhduong',NULL,NULL),('e07e5efd-46b0-4687-b97b-58cb886f1361','2c7d2808-c0d9-42a8-b985-2cc2756d7cca',18,0,'2020-02-05 19:05:10','mhduong',NULL,NULL),('e11d833a-3855-4ba4-b0d5-3a92a5f17dfc','1d535819-6f8a-4373-aa22-e1af5bb86860',714,0,'2020-02-05 19:05:39','mhduong',NULL,NULL),('e201ed9e-fad1-421b-a6be-25d481c10804','1d535819-6f8a-4373-aa22-e1af5bb86860',196,0,'2020-02-05 19:05:39','mhduong',NULL,NULL),('e2c9ac4f-f45d-40ad-ac02-dbedae35681f','c46e0035-1d05-4eec-b2e8-6f20cbdd4a38',715,0,'2020-02-05 16:28:56','mhduong',NULL,NULL),('e33a38fc-0716-483d-b001-ab111c0a443c','c46e0035-1d05-4eec-b2e8-6f20cbdd4a38',824,0,'2020-02-05 16:28:56','mhduong',NULL,NULL),('e4a05306-ffa8-4cda-8698-bf315b2a5814','d884de7f-ae18-48fa-a11d-e9996b186f04',196,0,'2020-02-05 18:54:24','mhduong',NULL,NULL),('e5516807-ee6c-4c65-be5e-f38be4e49ef2','c46e0035-1d05-4eec-b2e8-6f20cbdd4a38',316,0,'2020-02-05 16:28:56','mhduong',NULL,NULL),('e6081eae-b12b-4923-afdd-86bef1fb93d0','d884de7f-ae18-48fa-a11d-e9996b186f04',688,0,'2020-02-05 18:54:24','mhduong',NULL,NULL),('e69d84e1-9669-44e2-ae6f-a790e99bb378','1d535819-6f8a-4373-aa22-e1af5bb86860',353,0,'2020-02-05 19:05:39','mhduong',NULL,NULL),('e7030eec-bfa6-428d-adf9-b595e66e25c8','c46e0035-1d05-4eec-b2e8-6f20cbdd4a38',509,0,'2020-02-05 16:28:56','mhduong',NULL,NULL),('e724d7f1-1994-4e75-b408-c1c0a8cf0dc3','1d535819-6f8a-4373-aa22-e1af5bb86860',339,0,'2020-02-05 19:05:39','mhduong',NULL,NULL),('e80fdd46-3a5e-45b1-9281-f3828ba4c4b3','d884de7f-ae18-48fa-a11d-e9996b186f04',348,0,'2020-02-05 18:54:24','mhduong',NULL,NULL),('e845ac3e-3eff-467f-8641-d9af17a1e75b','2c7d2808-c0d9-42a8-b985-2cc2756d7cca',347,0,'2020-02-05 19:05:10','mhduong',NULL,NULL),('e90f36cd-4b6f-4b50-8a27-abeb1b6d6c27','1d535819-6f8a-4373-aa22-e1af5bb86860',362,0,'2020-02-05 19:05:39','mhduong',NULL,NULL),('e94ebe25-3e54-46e6-811b-56f7cb5b7ce8','2c7d2808-c0d9-42a8-b985-2cc2756d7cca',263,0,'2020-02-05 19:05:10','mhduong',NULL,NULL),('ea540158-33d9-4247-b493-eb6a9f385756','1d535819-6f8a-4373-aa22-e1af5bb86860',760,0,'2020-02-05 19:05:39','mhduong',NULL,NULL),('eba3963d-4c0b-48e7-88ac-0d2fffdcc433','d5ca201e-16d0-44dc-92fe-0dbbf4318a09',503,0,'2020-02-10 21:17:26','mhduong',NULL,NULL),('ec3e912b-951d-4387-a8f6-e6c219f1b30b','d884de7f-ae18-48fa-a11d-e9996b186f04',155,0,'2020-02-05 18:54:24','mhduong',NULL,NULL),('eda85dd9-0ffe-4409-865b-2d4186046c9c','dc7c647c-eae8-47d4-a811-79d3b064dfbf',35,0,'2020-01-15 14:31:00','ndvan',NULL,NULL),('edd5ad53-def0-4914-9229-98acf22b08f0','d884de7f-ae18-48fa-a11d-e9996b186f04',452,0,'2020-02-05 18:54:24','mhduong',NULL,NULL),('eeb0f8a9-3bd2-482c-adda-942d76633b8f','c46e0035-1d05-4eec-b2e8-6f20cbdd4a38',20,0,'2020-02-05 16:28:56','mhduong',NULL,NULL),('eec33176-2195-4cda-a1dc-6c944941a666','d884de7f-ae18-48fa-a11d-e9996b186f04',549,0,'2020-02-05 18:54:24','mhduong',NULL,NULL),('efadbe27-4415-4439-8dc3-cbb326f32144','d884de7f-ae18-48fa-a11d-e9996b186f04',194,0,'2020-02-05 18:54:24','mhduong',NULL,NULL),('f02d41ed-04c4-40e1-88bc-4a0f2e10c6fb','1d535819-6f8a-4373-aa22-e1af5bb86860',168,0,'2020-02-05 19:05:39','mhduong',NULL,NULL),('f04d5cac-ab2b-493c-83eb-4d5e1fa752dc','d5ca201e-16d0-44dc-92fe-0dbbf4318a09',528,0,'2020-02-10 21:17:26','mhduong',NULL,NULL),('f06d2eb1-5c50-4130-a992-0582bc9cee2b','c46e0035-1d05-4eec-b2e8-6f20cbdd4a38',766,0,'2020-02-05 16:28:56','mhduong',NULL,NULL),('f0974329-0143-4a36-92d1-f3269669bd04','d5ca201e-16d0-44dc-92fe-0dbbf4318a09',549,0,'2020-02-10 21:17:26','mhduong',NULL,NULL),('f0edd3ca-18b5-451a-b139-28ea35452c96','d884de7f-ae18-48fa-a11d-e9996b186f04',693,0,'2020-02-05 18:54:24','mhduong',NULL,NULL),('f1414985-645f-441e-b98d-50b289f16c9c','2c7d2808-c0d9-42a8-b985-2cc2756d7cca',549,0,'2020-02-05 19:05:10','mhduong',NULL,NULL),('f180e656-ac44-42e2-8614-1f0ed8218fee','1d535819-6f8a-4373-aa22-e1af5bb86860',678,0,'2020-02-05 19:05:39','mhduong',NULL,NULL),('f3759bd8-f317-47b0-9219-388bb31d3847','2c7d2808-c0d9-42a8-b985-2cc2756d7cca',170,0,'2020-02-05 19:05:10','mhduong',NULL,NULL),('f39d55ac-59a4-4625-a1d1-4e2af1472e1a','1d535819-6f8a-4373-aa22-e1af5bb86860',685,0,'2020-02-05 19:05:39','mhduong',NULL,NULL),('f44738e9-6574-429b-a14e-412e61461892','d884de7f-ae18-48fa-a11d-e9996b186f04',747,0,'2020-02-05 18:54:24','mhduong',NULL,NULL),('f44fca51-7f61-4135-91a5-d89e89d4fda9','2c7d2808-c0d9-42a8-b985-2cc2756d7cca',194,0,'2020-02-05 19:05:10','mhduong',NULL,NULL),('f46481f0-6455-4e21-bd4c-0ca9a8bfc7c7','1d535819-6f8a-4373-aa22-e1af5bb86860',549,0,'2020-02-05 19:05:39','mhduong',NULL,NULL),('f46cd931-c72f-4d24-b680-6db771de4509','c46e0035-1d05-4eec-b2e8-6f20cbdd4a38',761,0,'2020-02-05 16:28:56','mhduong',NULL,NULL),('f47fb874-db2b-4ef9-9aa8-f6e6c1308304','2c7d2808-c0d9-42a8-b985-2cc2756d7cca',342,0,'2020-02-05 19:05:10','mhduong',NULL,NULL),('f4a5c73d-4c85-4e0c-a488-cb695412bac5','2c7d2808-c0d9-42a8-b985-2cc2756d7cca',407,0,'2020-02-05 19:05:10','mhduong',NULL,NULL),('f4fe0a7a-1a22-40cf-bd6a-4185f2a9a1ee','d884de7f-ae18-48fa-a11d-e9996b186f04',204,0,'2020-02-05 18:54:24','mhduong',NULL,NULL),('f7106860-cb74-4807-99b8-23ba356752d9','d884de7f-ae18-48fa-a11d-e9996b186f04',687,0,'2020-02-05 18:54:24','mhduong',NULL,NULL),('f7a963b6-8d78-4663-9b5b-6a75c64e7f2a','2c7d2808-c0d9-42a8-b985-2cc2756d7cca',204,0,'2020-02-05 19:05:10','mhduong',NULL,NULL),('f9677187-ff73-46ec-b6e3-fa8fab3ff24f','dc7c647c-eae8-47d4-a811-79d3b064dfbf',223,0,'2020-01-15 14:31:00','ndvan',NULL,NULL),('fa2c5b6b-40a0-46ff-9a3c-36b481efd57e','d5ca201e-16d0-44dc-92fe-0dbbf4318a09',19,0,'2020-02-10 21:17:26','mhduong',NULL,NULL),('fa3870c4-6ab1-4795-bc3c-0b19813f952e','c46e0035-1d05-4eec-b2e8-6f20cbdd4a38',9,0,'2020-02-05 16:28:56','mhduong',NULL,NULL),('fa63d417-2867-48ba-aff9-0b201aee37ef','d5ca201e-16d0-44dc-92fe-0dbbf4318a09',747,0,'2020-02-10 21:17:26','mhduong',NULL,NULL),('fa6850a1-9e4e-450d-9f4d-a37f44494efb','2c7d2808-c0d9-42a8-b985-2cc2756d7cca',747,0,'2020-02-05 19:05:10','mhduong',NULL,NULL),('fa9f85a1-9a1b-4b3b-ad8d-da763585bc56','d884de7f-ae18-48fa-a11d-e9996b186f04',138,0,'2020-02-05 18:54:24','mhduong',NULL,NULL),('faa02257-f69d-4590-8c85-9c462d41361f','c46e0035-1d05-4eec-b2e8-6f20cbdd4a38',271,0,'2020-02-05 16:28:56','mhduong',NULL,NULL),('faae08ff-6617-4d1a-9d88-acd20d1f5341','d5ca201e-16d0-44dc-92fe-0dbbf4318a09',180,0,'2020-02-10 21:17:26','mhduong',NULL,NULL),('fab9abe7-d79b-42e4-9bbe-65da5287ebef','d5ca201e-16d0-44dc-92fe-0dbbf4318a09',689,0,'2020-02-10 21:17:26','mhduong',NULL,NULL),('fbaf1862-223a-49ca-94ca-6bf63e19c4d4','1d535819-6f8a-4373-aa22-e1af5bb86860',712,0,'2020-02-05 19:05:39','mhduong',NULL,NULL),('fc1fde69-c28e-4e77-af13-f40f9e019d47','1d535819-6f8a-4373-aa22-e1af5bb86860',687,0,'2020-02-05 19:05:39','mhduong',NULL,NULL),('fc4d225e-0fca-4bb1-822f-088ef2479279','d884de7f-ae18-48fa-a11d-e9996b186f04',771,0,'2020-02-05 18:54:24','mhduong',NULL,NULL),('fd673be7-8b86-434f-b60d-c4ee3e7a60dc','d5ca201e-16d0-44dc-92fe-0dbbf4318a09',713,0,'2020-02-10 21:17:26','mhduong',NULL,NULL),('fe4c9438-15ea-4b83-b4b1-74302d1f3e87','d5ca201e-16d0-44dc-92fe-0dbbf4318a09',760,0,'2020-02-10 21:17:26','mhduong',NULL,NULL),('fea2ccf0-3338-4aa1-8202-05f2d4c0f1ce','2c7d2808-c0d9-42a8-b985-2cc2756d7cca',344,0,'2020-02-05 19:05:10','mhduong',NULL,NULL),('ff37c328-dfee-42c8-ad84-729e89440c6e','c46e0035-1d05-4eec-b2e8-6f20cbdd4a38',787,0,'2020-02-05 16:28:56','mhduong',NULL,NULL),('ff85e635-481c-4ad9-9870-0d78ac2b55e6','c46e0035-1d05-4eec-b2e8-6f20cbdd4a38',817,0,'2020-02-05 16:28:56','mhduong',NULL,NULL),('fffca7c5-c321-4297-866b-eb3e62058bc9','1d535819-6f8a-4373-aa22-e1af5bb86860',755,0,'2020-02-05 19:05:39','mhduong',NULL,NULL);
/*!40000 ALTER TABLE `Inventory_Detail` ENABLE KEYS */;
UNLOCK TABLES;

--
-- Table structure for table `Inventory_General`
--

DROP TABLE IF EXISTS `Inventory_General`;
/*!40101 SET @saved_cs_client     = @@character_set_client */;
/*!50503 SET character_set_client = utf8mb4 */;
CREATE TABLE `Inventory_General` (
  `id` varchar(36) NOT NULL,
  `name` varchar(250) NOT NULL,
  `from_date` timestamp NOT NULL,
  `to_date` timestamp NOT NULL,
  `status` tinyint(1) NOT NULL,
  `created_date` timestamp NULL DEFAULT NULL,
  `created_user` varchar(45) DEFAULT NULL,
  `updated_date` timestamp NULL DEFAULT NULL,
  `updated_user` varchar(45) DEFAULT NULL,
  PRIMARY KEY (`id`)
) ENGINE=InnoDB DEFAULT CHARSET=utf8mb4 COLLATE=utf8mb4_0900_ai_ci;
/*!40101 SET character_set_client = @saved_cs_client */;

--
-- Dumping data for table `Inventory_General`
--

LOCK TABLES `Inventory_General` WRITE;
/*!40000 ALTER TABLE `Inventory_General` DISABLE KEYS */;
INSERT INTO `Inventory_General` VALUES ('0e4916ea-bd30-4b2c-b3ef-56c67056d6eb','string 111','2020-02-13 22:27:54','2020-02-14 22:27:54',0,'2020-02-05 16:30:45','mhduong','2020-02-11 17:44:18','mhduong'),('1d535819-6f8a-4373-aa22-e1af5bb86860','555555','2020-02-06 12:05:32','2020-02-07 12:05:32',0,'2020-02-05 19:05:39','mhduong',NULL,NULL),('2c7d2808-c0d9-42a8-b985-2cc2756d7cca','string 5555','2020-02-06 12:03:59','2020-02-07 12:03:59',0,'2020-02-05 19:05:10','mhduong',NULL,NULL),('c46e0035-1d05-4eec-b2e8-6f20cbdd4a38','string 3','2020-02-05 09:28:28','2020-02-06 09:28:28',1,'2020-02-05 16:28:56','mhduong',NULL,NULL),('d5ca201e-16d0-44dc-92fe-0dbbf4318a09','string 6666','2020-02-10 14:17:22','2020-02-11 14:17:22',1,'2020-02-10 21:17:26','mhduong',NULL,NULL),('d884de7f-ae18-48fa-a11d-e9996b186f04','string 5','2020-02-06 11:54:19','2020-02-07 11:54:19',1,'2020-02-05 18:54:24','mhduong',NULL,NULL),('dc7c647c-eae8-47d4-a811-79d3b064dfbf','string 2','2020-01-15 07:25:11','2020-01-15 07:25:11',0,'2020-01-15 14:29:18','mhduong','2020-02-10 21:18:02','mhduong');
/*!40000 ALTER TABLE `Inventory_General` ENABLE KEYS */;
UNLOCK TABLES;

--
-- Table structure for table `Inventory_Scope`
--

DROP TABLE IF EXISTS `Inventory_Scope`;
/*!40101 SET @saved_cs_client     = @@character_set_client */;
/*!50503 SET character_set_client = utf8mb4 */;
CREATE TABLE `Inventory_Scope` (
  `id` varchar(36) NOT NULL,
  `inventory_id` varchar(36) NOT NULL,
  `department_name` varchar(13) NOT NULL,
  `created_date` timestamp NULL DEFAULT NULL,
  `created_user` varchar(45) DEFAULT NULL,
  `updated_date` timestamp NULL DEFAULT NULL,
  `updated_user` varchar(45) DEFAULT NULL,
  PRIMARY KEY (`id`)
) ENGINE=InnoDB DEFAULT CHARSET=utf8mb4 COLLATE=utf8mb4_0900_ai_ci;
/*!40101 SET character_set_client = @saved_cs_client */;

--
-- Dumping data for table `Inventory_Scope`
--

LOCK TABLES `Inventory_Scope` WRITE;
/*!40000 ALTER TABLE `Inventory_Scope` DISABLE KEYS */;
INSERT INTO `Inventory_Scope` VALUES ('0c623ff8-1bad-4e58-bb78-8b48d8b7fa61','c46e0035-1d05-4eec-b2e8-6f20cbdd4a38','DU11','2020-02-05 16:28:56','mhduong',NULL,NULL),('10912236-eb30-4785-a670-feee476e7184','c46e0035-1d05-4eec-b2e8-6f20cbdd4a38','DU TEST','2020-02-05 16:28:56','mhduong',NULL,NULL),('2ecb79b5-202a-41c9-b41b-9c368303f437','1d535819-6f8a-4373-aa22-e1af5bb86860','ADMIN','2020-02-05 19:05:39','mhduong',NULL,NULL),('37934086-af43-4d16-a6ac-c63170036621','2c7d2808-c0d9-42a8-b985-2cc2756d7cca','ACCOUNTING','2020-02-05 19:05:10','mhduong',NULL,NULL),('5ec8e09e-3720-447b-9c5d-4300885b9165','d5ca201e-16d0-44dc-92fe-0dbbf4318a09','ADMIN','2020-02-10 21:17:26','mhduong',NULL,NULL),('6075df59-0e57-46ec-9902-1f60ec7d1e99','d5ca201e-16d0-44dc-92fe-0dbbf4318a09','BACKOFFICE','2020-02-10 21:17:26','mhduong',NULL,NULL),('6daa8204-bf72-4627-ad47-178b04991319','1d535819-6f8a-4373-aa22-e1af5bb86860','BACKOFFICE','2020-02-05 19:05:39','mhduong',NULL,NULL),('a2c6f8f9-62e8-42a6-a887-93d4d23a42e9','dc7c647c-eae8-47d4-a811-79d3b064dfbf','DU12','2020-01-15 14:29:30','mhduong',NULL,NULL),('aed85e05-99a7-4ebc-921b-7b3473c83e00','d884de7f-ae18-48fa-a11d-e9996b186f04','ADMIN','2020-02-05 18:54:24','mhduong',NULL,NULL),('b87b7264-057b-465c-b69d-aa904a95b8cd','2c7d2808-c0d9-42a8-b985-2cc2756d7cca','ADMIN','2020-02-05 19:05:10','mhduong',NULL,NULL),('c709a700-9453-4f1c-b0ad-7ef332d15f4b','d884de7f-ae18-48fa-a11d-e9996b186f04','ACCOUNTING','2020-02-05 18:54:24','mhduong',NULL,NULL),('da2f18b9-24d5-4b7f-a494-2624b7fd9f03','0e4916ea-bd30-4b2c-b3ef-56c67056d6eb','DU TEST','2020-02-05 16:30:45','mhduong',NULL,NULL);
/*!40000 ALTER TABLE `Inventory_Scope` ENABLE KEYS */;
UNLOCK TABLES;

--
-- Table structure for table `Manufacturer`
--

DROP TABLE IF EXISTS `Manufacturer`;
/*!40101 SET @saved_cs_client     = @@character_set_client */;
/*!50503 SET character_set_client = utf8mb4 */;
CREATE TABLE `Manufacturer` (
  `id` int(11) NOT NULL AUTO_INCREMENT,
  `manufacturer_name` varchar(250) DEFAULT NULL,
  `notes` varchar(45) DEFAULT NULL,
  PRIMARY KEY (`id`)
) ENGINE=InnoDB AUTO_INCREMENT=89 DEFAULT CHARSET=utf8mb4 COLLATE=utf8mb4_0900_ai_ci;
/*!40101 SET character_set_client = @saved_cs_client */;

--
-- Dumping data for table `Manufacturer`
--

LOCK TABLES `Manufacturer` WRITE;
/*!40000 ALTER TABLE `Manufacturer` DISABLE KEYS */;
INSERT INTO `Manufacturer` VALUES (1,'Modul',NULL),(2,'Samsung',NULL),(3,'Hitachi',NULL),(4,'Hòa phát',NULL),(5,'Lenovo','321'),(6,'Dell',NULL),(7,'Apple',NULL),(69,'Toshiba',NULL),(78,'HP','xxxx'),(84,'SK Hynix',NULL),(88,'   aasd','    ');
/*!40000 ALTER TABLE `Manufacturer` ENABLE KEYS */;
UNLOCK TABLES;

--
-- Table structure for table `Purchasing`
--

DROP TABLE IF EXISTS `Purchasing`;
/*!40101 SET @saved_cs_client     = @@character_set_client */;
/*!50503 SET character_set_client = utf8mb4 */;
CREATE TABLE `Purchasing` (
  `id` int(11) NOT NULL AUTO_INCREMENT,
  `manufacturer_id` int(11) DEFAULT NULL,
  `supplier_id` int(11) DEFAULT NULL,
  `price` decimal(20,0) DEFAULT NULL,
  `purchase_date` datetime DEFAULT NULL,
  `warranty` tinyint(2) DEFAULT NULL,
  PRIMARY KEY (`id`),
  KEY `Puercase_Supplirer_fk_idx` (`supplier_id`),
  CONSTRAINT `Puercase_Supplirer_fk` FOREIGN KEY (`supplier_id`) REFERENCES `Supplier` (`id`)
) ENGINE=InnoDB AUTO_INCREMENT=367 DEFAULT CHARSET=utf8mb4 COLLATE=utf8mb4_0900_ai_ci;
/*!40101 SET character_set_client = @saved_cs_client */;

--
-- Dumping data for table `Purchasing`
--

LOCK TABLES `Purchasing` WRITE;
/*!40000 ALTER TABLE `Purchasing` DISABLE KEYS */;
INSERT INTO `Purchasing` VALUES (1,5,4,NULL,'2019-08-02 00:00:00',NULL),(2,2,2,2000,'2019-06-20 00:00:00',11),(3,1,1,2000,'2019-05-05 00:00:00',12),(4,1,1,2000,'2019-05-05 00:00:00',12),(5,1,1,2000,'2019-05-05 00:00:00',12),(6,1,1,2003,'2019-05-05 00:00:00',12),(7,1,1,2003,'2019-05-05 00:00:00',12),(9,6,3,400000,'2019-12-25 00:00:00',1),(10,2,3,NULL,NULL,12),(11,2,3,200000,'2019-12-25 00:00:00',123),(12,1,2,NULL,NULL,12),(13,6,3,NULL,'2019-12-28 00:00:00',100),(14,2,3,NULL,'2019-12-27 07:16:02',NULL),(15,6,3,NULL,NULL,12),(16,2,4,NULL,NULL,NULL),(26,6,3,15000000,'2019-08-02 00:00:00',99),(27,6,3,15000000,'2019-08-02 00:00:00',99),(28,6,3,15000000,'2019-08-02 00:00:00',99),(29,6,3,15000000,'2019-08-02 00:00:00',99),(30,6,3,15000000,'2019-08-02 00:00:00',99),(31,6,3,15000000,'2019-08-02 00:00:00',99),(32,6,3,15000000,'2019-08-02 00:00:00',99),(33,6,3,NULL,'2019-08-02 00:00:00',99),(34,6,3,15000000,'2019-08-02 00:00:00',99),(35,6,3,15000000,'2019-08-02 00:00:00',99),(36,6,6,0,'2019-12-30 09:11:05',12),(37,6,3,0,'2019-12-31 09:51:00',12),(38,6,5,0,'2019-12-31 09:52:18',12),(39,6,3,0,'2019-12-30 09:55:34',12),(72,6,4,0,'2020-01-08 02:54:29',12),(73,6,3,0,'2020-01-08 02:57:02',12),(74,6,4,0,'2020-01-08 03:11:52',12),(75,4,3,0,'2020-01-03 03:15:45',12),(76,4,3,0,'2020-01-03 03:15:45',12),(77,6,4,-1,'2020-01-08 00:00:00',-17),(78,6,3,0,'2020-01-08 03:33:40',12),(79,4,4,0,'2020-01-08 00:00:00',12),(80,6,3,0,'2020-01-08 03:39:26',12),(81,6,3,0,'2020-01-07 03:42:31',12),(82,7,4,0,'2020-01-08 03:46:14',12),(83,6,4,0,'2020-01-08 03:49:26',12),(84,6,4,0,'2020-01-09 04:00:00',12),(85,6,4,0,'2020-01-06 04:06:05',12),(86,6,3,0,'2020-01-08 05:57:36',12),(87,6,4,0,'2020-01-15 05:59:24',12),(88,6,3,0,'2020-01-14 06:01:15',12),(89,5,4,0,'2020-01-08 06:02:27',12),(90,5,4,0,'2020-01-09 06:03:29',12),(91,5,4,0,'2020-01-08 06:04:14',12),(92,6,4,0,'2020-01-08 08:29:27',12),(93,6,5,0,'2020-01-14 08:32:41',12),(94,7,5,0,'2020-01-07 08:34:46',23),(95,7,6,0,'2020-01-13 08:36:57',12),(96,6,6,0,'2020-01-27 08:38:41',12),(97,5,3,0,'2020-01-15 08:41:26',12),(98,6,4,0,'2020-01-15 08:49:51',12),(99,6,4,0,'2020-01-15 09:46:14',12),(100,6,6,0,'2020-01-15 09:49:01',12),(101,6,3,0,'2020-01-09 09:51:05',12),(102,6,5,0,'2020-01-15 09:51:53',12),(103,6,5,0,'2020-01-15 09:53:23',12),(104,6,4,0,'2020-01-20 09:55:45',12),(105,6,6,0,'2020-01-28 09:57:47',22),(106,6,4,0,'2020-01-14 10:00:14',12),(107,6,4,0,'2020-01-15 00:00:00',12),(108,6,5,0,'2020-01-14 00:00:00',100),(109,7,6,0,'2020-01-20 00:00:00',12),(110,7,5,0,'2020-01-15 10:06:38',12),(111,6,6,0,'2020-01-14 00:00:00',12),(112,6,5,0,'2020-01-15 10:10:57',12),(113,6,6,0,'2020-01-14 00:00:00',12),(114,7,6,0,'2020-01-14 10:27:34',12),(115,6,5,0,'2020-01-15 10:37:51',12),(116,6,4,0,'2020-01-15 10:40:14',12),(117,6,6,0,'2020-01-28 10:45:25',12),(118,6,6,0,'2020-01-22 10:47:49',12),(119,6,6,0,'2020-01-15 10:50:38',12),(120,7,6,0,'2020-01-14 10:59:42',12),(121,6,6,0,'2020-01-22 11:00:55',12),(122,6,4,0,'2020-01-14 11:02:07',12),(123,6,3,0,'2020-01-08 11:06:26',12),(124,6,4,0,'2020-01-21 11:07:46',12),(125,6,3,0,'2020-01-20 11:08:38',12),(126,6,4,0,'2020-01-02 11:27:27',12),(127,6,4,0,'2020-01-09 02:15:10',12),(128,6,4,0,'2020-01-08 02:16:48',20),(129,6,4,0,'2020-01-09 02:20:32',12),(130,6,4,0,'2020-01-08 03:34:00',12),(131,1,2,0,'2020-01-02 00:00:00',12),(132,2,2,0,'2020-01-09 03:51:18',12),(133,4,4,0,'2020-01-02 04:09:26',12),(134,4,4,0,'2020-01-03 06:16:33',12),(135,2,1,12000,NULL,99),(136,1,4,0,'2020-01-05 00:00:00',1),(137,6,6,0,'2020-01-09 08:14:01',12),(138,1,1,0,NULL,NULL),(139,6,1,0,'2020-01-03 10:58:55',3),(140,6,3,15000000,'2019-08-02 00:00:00',99),(141,6,3,15000000,'2019-08-02 00:00:00',99),(142,6,3,15000000,'2019-08-02 00:00:00',99),(143,6,3,15000000,'2019-08-02 00:00:00',99),(144,6,3,15000000,'2019-08-02 00:00:00',99),(145,6,3,15000000,'2019-08-02 00:00:00',99),(146,6,3,15000000,'2019-08-02 00:00:00',99),(147,6,3,15000000,'2019-08-02 00:00:00',99),(148,6,3,15000000,'2019-08-02 00:00:00',99),(149,6,3,15000000,'2019-08-02 00:00:00',99),(151,6,3,15000000,'2019-08-02 00:00:00',99),(152,6,3,15000000,'2019-08-02 00:00:00',99),(153,6,3,15000000,'2019-08-02 00:00:00',99),(154,6,3,15000000,'2019-08-02 00:00:00',99),(155,6,3,15000000,'2019-08-02 00:00:00',99),(156,6,3,15000000,'2019-08-02 00:00:00',99),(157,6,3,15000000,'2019-08-02 00:00:00',99),(158,6,3,15000000,'2019-08-02 00:00:00',99),(159,6,3,15000000,'2019-08-02 00:00:00',99),(160,6,3,15000000,'2019-08-02 00:00:00',99),(161,6,3,15000000,'2019-08-02 00:00:00',99),(162,4,2,0,'2020-01-07 00:00:00',12),(163,3,1,0,NULL,NULL),(164,6,3,15000000,'2019-08-02 00:00:00',99),(165,6,3,15000000,'2019-08-02 00:00:00',99),(166,2,1,100555,'2020-01-07 00:00:00',12),(167,6,5,0,NULL,NULL),(169,6,3,15000000,'2019-08-02 00:00:00',99),(170,6,3,15000000,'2019-08-02 00:00:00',99),(171,1,1,0,NULL,NULL),(172,6,3,15000000,'2019-08-02 00:00:00',99),(173,6,3,15000000,'2019-08-02 00:00:00',99),(174,6,3,15000000,'2019-08-02 00:00:00',99),(175,2,2,0,NULL,NULL),(176,1,1,0,NULL,NULL),(177,2,4,2000000,NULL,12),(178,2,1,15000000,'2019-08-02 00:00:00',12),(179,2,1,0,NULL,NULL),(180,1,18,0,NULL,NULL),(181,1,1,0,NULL,NULL),(182,1,2,0,NULL,NULL),(183,2,3,0,NULL,NULL),(184,2,1,0,NULL,NULL),(185,1,1,0,NULL,NULL),(186,1,1,0,NULL,NULL),(187,6,8,-1,NULL,0),(188,2,4,0,NULL,NULL),(189,5,4,0,'2020-01-10 08:05:13',12),(190,6,6,0,NULL,NULL),(191,6,6,1000,NULL,NULL),(192,5,3,12000000,'2020-01-10 00:00:00',12),(193,3,3,0,'2020-01-10 09:14:34',12),(194,7,3,0,NULL,NULL),(195,5,4,10,NULL,0),(196,1,1,1000000,'2020-01-10 00:00:00',12),(197,2,3,19000000,NULL,12),(215,2,4,NULL,'2020-01-13 00:00:00',12),(220,NULL,NULL,NULL,NULL,0),(221,NULL,NULL,NULL,NULL,0),(222,NULL,NULL,100000,NULL,0),(223,NULL,NULL,100000,NULL,0),(224,NULL,NULL,10000000,NULL,0),(226,2,1,10000,NULL,12),(227,2,1,10000,NULL,12),(228,2,1,10000,NULL,12),(229,5,1,1000,NULL,NULL),(230,1,1,1000,NULL,NULL),(231,1,1,1000,NULL,NULL),(232,3,5,NULL,NULL,NULL),(233,1,2,200000,'2020-01-14 00:00:00',12),(234,1,1,NULL,NULL,NULL),(235,7,8,200000,'2020-01-15 05:45:20',12),(236,7,8,NULL,NULL,NULL),(237,NULL,NULL,NULL,NULL,0),(238,NULL,NULL,NULL,NULL,0),(239,NULL,NULL,NULL,NULL,0),(240,7,4,NULL,NULL,NULL),(241,NULL,NULL,20000000,NULL,0),(242,2,18,NULL,NULL,NULL),(243,5,5,200000002,'2020-01-15 00:00:00',12),(244,6,5,200000,'2020-01-15 00:00:00',100),(245,NULL,NULL,20000,NULL,0),(246,1,1,NULL,NULL,NULL),(247,1,1,NULL,NULL,NULL),(248,2,2,2000000,NULL,NULL),(249,1,1,NULL,NULL,NULL),(250,1,1,10000,'2020-02-03 00:00:00',10),(251,1,1,NULL,NULL,NULL),(252,6,6,NULL,NULL,NULL),(253,1,1,NULL,NULL,NULL),(254,1,1,NULL,NULL,NULL),(255,1,1,NULL,'2020-02-03 00:00:00',4),(256,1,1,NULL,NULL,NULL),(257,1,1,NULL,NULL,NULL),(258,1,1,NULL,NULL,NULL),(259,1,1,NULL,NULL,NULL),(260,4,2,NULL,NULL,NULL),(261,2,1,NULL,NULL,NULL),(262,1,1,NULL,NULL,NULL),(263,1,1,NULL,NULL,NULL),(264,1,1,NULL,NULL,NULL),(265,1,1,NULL,NULL,NULL),(266,1,1,NULL,NULL,NULL),(267,1,1,NULL,NULL,NULL),(268,4,1,NULL,NULL,NULL),(269,3,1,NULL,NULL,NULL),(270,1,1,NULL,NULL,NULL),(271,1,1,NULL,NULL,NULL),(272,1,1,NULL,NULL,NULL),(273,1,1,NULL,NULL,NULL),(274,1,1,NULL,NULL,NULL),(275,1,1,NULL,NULL,NULL),(276,1,4,NULL,NULL,NULL),(277,1,8,NULL,NULL,NULL),(278,1,1,NULL,NULL,NULL),(279,1,1,NULL,NULL,NULL),(280,1,1,NULL,NULL,NULL),(281,1,1,NULL,NULL,NULL),(282,1,1,NULL,NULL,NULL),(283,1,1,NULL,NULL,NULL),(284,1,1,NULL,NULL,NULL),(285,NULL,NULL,NULL,NULL,0),(286,NULL,NULL,100000,'2020-02-03 10:21:56',0),(287,NULL,NULL,NULL,NULL,0),(288,1,1,NULL,NULL,NULL),(289,2,2,NULL,NULL,NULL),(290,6,6,NULL,NULL,NULL),(291,7,8,NULL,NULL,NULL),(292,7,8,NULL,NULL,NULL),(293,7,8,NULL,NULL,NULL),(294,NULL,NULL,NULL,'2020-02-06 07:49:24',0),(295,1,1,NULL,NULL,NULL),(296,1,1,0,NULL,NULL),(297,1,4,NULL,NULL,2),(298,1,2,NULL,'2020-02-05 00:00:00',2),(299,1,1,NULL,NULL,NULL),(300,1,1,NULL,'2020-02-05 00:00:00',3),(301,NULL,NULL,NULL,'2020-02-12 07:16:19',0),(302,NULL,NULL,NULL,'2020-02-06 07:46:35',0),(317,69,9,NULL,NULL,NULL),(318,1,1,NULL,NULL,NULL),(319,NULL,NULL,NULL,NULL,0),(320,1,1,NULL,NULL,NULL),(321,1,1,NULL,NULL,NULL),(322,1,1,NULL,NULL,NULL),(323,1,1,NULL,NULL,NULL),(324,1,1,NULL,NULL,NULL),(325,1,2,NULL,NULL,12),(326,6,5,NULL,NULL,1),(327,5,5,NULL,NULL,NULL),(328,1,1,NULL,NULL,NULL),(329,1,1,NULL,NULL,NULL),(330,1,1,NULL,NULL,NULL),(331,6,5,NULL,NULL,NULL),(332,1,1,NULL,NULL,NULL),(333,1,2,NULL,NULL,NULL),(334,1,1,NULL,NULL,NULL),(335,1,1,NULL,NULL,NULL),(336,1,1,NULL,NULL,NULL),(337,1,1,NULL,NULL,NULL),(338,6,5,NULL,NULL,NULL),(339,1,1,NULL,NULL,NULL),(340,1,1,NULL,NULL,NULL),(341,2,1,NULL,NULL,NULL),(342,1,1,NULL,NULL,NULL),(343,NULL,NULL,NULL,NULL,0),(344,1,1,NULL,NULL,NULL),(345,1,1,NULL,NULL,NULL),(347,1,1,NULL,NULL,NULL),(348,1,1,NULL,NULL,NULL),(349,1,1,NULL,NULL,NULL),(350,2,2,NULL,NULL,NULL),(351,NULL,NULL,NULL,NULL,0),(352,1,1,NULL,NULL,NULL),(353,1,1,NULL,NULL,NULL),(354,1,1,NULL,NULL,NULL),(355,1,1,NULL,NULL,NULL),(356,1,1,NULL,NULL,NULL),(357,1,1,NULL,NULL,NULL),(358,1,1,NULL,NULL,NULL),(359,2,2,NULL,NULL,NULL),(360,NULL,NULL,NULL,NULL,0),(361,1,2,NULL,NULL,NULL),(362,1,1,NULL,NULL,NULL),(363,1,1,NULL,NULL,NULL),(364,1,1,NULL,NULL,NULL),(365,2,2,NULL,NULL,NULL),(366,1,1,NULL,NULL,NULL);
/*!40000 ALTER TABLE `Purchasing` ENABLE KEYS */;
UNLOCK TABLES;

--
-- Table structure for table `Risk_Detail`
--

DROP TABLE IF EXISTS `Risk_Detail`;
/*!40101 SET @saved_cs_client     = @@character_set_client */;
/*!50503 SET character_set_client = utf8mb4 */;
CREATE TABLE `Risk_Detail` (
  `risk_id` varchar(36) NOT NULL,
  `asset_id` int(11) NOT NULL,
  `risk_code` varchar(45) NOT NULL,
  `threat` varchar(200) NOT NULL,
  `vulnerability` varchar(200) NOT NULL,
  `description` varchar(200) NOT NULL,
  `consequence` int(11) NOT NULL,
  `probability` int(11) NOT NULL,
  `handling_option` int(11) NOT NULL,
  `applied_controls` varchar(200) DEFAULT NULL,
  `additional_controls` varchar(200) DEFAULT NULL,
  `action` varchar(500) DEFAULT NULL,
  `resource` varchar(200) DEFAULT NULL,
  `responsibility` varchar(200) DEFAULT NULL,
  `deadline` timestamp NULL DEFAULT NULL,
  `created_date` timestamp NULL DEFAULT NULL,
  `created_user` varchar(45) DEFAULT NULL,
  `updated_date` timestamp NULL DEFAULT NULL,
  `updated_user` varchar(45) DEFAULT NULL,
  PRIMARY KEY (`risk_id`),
  KEY `risk_risk_general_fk_idx` (`asset_id`),
  CONSTRAINT `risk_risk_general_fk` FOREIGN KEY (`asset_id`) REFERENCES `Risk_General` (`asset_id`)
) ENGINE=InnoDB DEFAULT CHARSET=utf8mb4 COLLATE=utf8mb4_0900_ai_ci;
/*!40101 SET character_set_client = @saved_cs_client */;

--
-- Dumping data for table `Risk_Detail`
--

LOCK TABLES `Risk_Detail` WRITE;
/*!40000 ALTER TABLE `Risk_Detail` DISABLE KEYS */;
INSERT INTO `Risk_Detail` VALUES ('00a3897f-7df2-4dfd-b26f-b93e53483c23',378,'RISK00233','N/A','N/A','N/A',2,1,2,'N/A','N/A','Hello this is a random message.','N/A','N/A','2021-01-06 07:58:28','2020-02-07 21:47:40','mhduong','2020-02-07 21:47:40','mhduong'),('0454860f-f200-46ea-a0b6-1c780e6f9356',338,'RISK00212','Test','sad','asd',1,2,1,NULL,NULL,' ndnrn',' tfnsfnsn',' rtnrtnrnrn','2020-02-11 15:18:32','2020-02-07 21:22:53','mhduong','2020-02-07 21:22:53','mhduong'),('05f5327d-c058-4202-aff2-eee98c8db9a0',343,'RISK00250','string','string','string',1,1,1,'string','string','string','string','string','2020-02-10 12:18:57','2020-02-10 15:33:25','mhduong','2020-02-10 19:19:16','mhduong'),('07a9e7ef-e008-49bb-a08d-9eee50267c11',332,'RISK00234','1','1','1',1,1,2,NULL,NULL,NULL,NULL,NULL,NULL,'2020-02-07 21:49:33','mhduong','2020-02-07 21:49:33','mhduong'),('0bedca86-f9f4-481e-b917-d489f5ee52a4',963,'RISK00279','CNNGA123','TEST123','TESTABC',2,2,1,NULL,NULL,'sbc',NULL,NULL,NULL,'2020-02-11 19:03:00','mhduong','2020-02-11 19:03:00','mhduong'),('11c2c9b1-6da0-4027-a9ae-772580ec8f6c',123,'RISK00238','Test CNNGA','ehshs','shsfdh',2,1,2,'fddddddddddddddđfffffffffffffffffffffffffffffffffffffffffffffffffffffffffffffffffffffffffffffffffffffnghgmhffffffffffffffffffffffffffffffffffnghgmhffffffffffffffffffffffffffffffffffnghgmhfffffffffffff','fddddddddddddddđfffffffffffffffffffffffffffffffffffffffffffffffffffffffffffffffffffffffffffffffffffffnghgmhffffffffffffffffffffffffffffffffffnghgmhffffffffffffffffffffffffffffffffffnghgmhfffffffffffff','fddddddddddddddđfffffffffffffffffffffffffffffffffffffffffffffffffffffffffffffffffffffffffffffffffffffnghgmhffffffffffffffffffffffffffffffffffnghgmhffffffffffffffffffffffffffffffffffnghgmhfffffffffffff',NULL,NULL,NULL,'2020-02-07 21:51:06','mhduong','2020-02-07 21:51:06','mhduong'),('122d2391-2605-40b6-82ad-f3761db259ac',379,'RISK00228','12','1','1',1,1,2,NULL,NULL,NULL,NULL,NULL,NULL,'2020-02-07 21:39:08','mhduong','2020-02-07 21:39:08','mhduong'),('1449405d-f2de-4015-85ca-68a75e8317cd',798,'RISK00157','1','1','1',1,1,2,NULL,NULL,NULL,NULL,NULL,NULL,'2020-01-30 20:27:17','mhduong','2020-01-30 20:27:17','mhduong'),('157b1b86-23cc-40fd-8cac-302f3803543d',37,'RISK00129','string','string','string',1,2,1,'string',NULL,'string','string','string','2020-01-10 08:44:44','2020-01-17 19:53:36','mhduong','2020-01-17 19:53:36','mhduong'),('165f8001-9381-4af2-a871-add0e22ffc2e',2,'RISK00011','string','string','string',1,2,1,'string',NULL,'string','string','string','2020-01-10 08:44:44','2020-01-17 16:49:55','mhduong','2020-01-17 16:49:55','mhduong'),('16bb1580-4c3b-4650-a9a9-d33dcccdf61e',374,'RISK00189','dsdsdsdsdsdsdsdsdsdsdsdsdsdsdsdsdsdsdsdsdsdsddsaasdsdsdsdsdsdsdsdsdsdsdsdsdsdsdsdsdsdsdsdsdsdsdsddsaasdsdsdsdsdsdsdsdsdsdsdsdsdsdsdsdsdsdsdsdsdsdsdsddsaasdsdsdsdsdsdsdsdsdsdsdsds','dsdsdsdsdsdsdsdsdsdsdsdsdsdsdsdsdsdsdsdsdsdsddsaasdsdsdsdsdsdsdsdsdsdsdsdsdsdsdsdsdsdsdsdsdsdsdsddsaasdsdsdsdsdsdsdsdsdsdsdsdsdsdsdsdsdsdsdsdsdsdsdsddsaasdsdsdsdsdsdsdsdsdsdsdsds','dsdsdsdsdsdsdsdsdsdsdsdsdsdsdsdsdsdsdsdsdsdsddsaasdsdsdsdsdsdsdsdsdsdsdsdsdsdsdsdsdsdsdsdsdsdsdsddsaasdsdsdsdsdsdsdsdsdsdsdsdsdsdsdsdsdsdsdsdsdsdsdsddsaasdsdsdsdsdsdsdsdsdsdsdsds',1,1,2,NULL,NULL,NULL,NULL,NULL,NULL,'2020-02-07 16:10:48','mhduong','2020-02-07 16:10:48','mhduong'),('174be9f6-7c77-42f4-ba8d-1484fd1b803b',953,'RISK00271','asdddddddddddasdddddddddddasdddddddddddasdddddddddddasdddddddddddasdddddddddddasdddddddddddasdddddddddddasdddddddddddasdddddddddddasdddddddddddasdddddddddddasdddddddddddasdddddddddddasddddddd','ehshs','shsfdh',2,1,2,'fddddddddddddddđfffffffffffffffffffffffffffffffffffffffffffffffffffffffffffffffffffffffffffffffffffffnghgmhffffffffffffffffffffffffffffffffffnghgmhffffffffffffffffffffffffffffffffffnghgmhfffffffffffff','fddddddddddddddđfffffffffffffffffffffffffffffffffffffffffffffffffffffffffffffffffffffffffffffffffffffnghgmhffffffffffffffffffffffffffffffffffnghgmhffffffffffffffffffffffffffffffffffnghgmhfffffffffffff','fddddddddddddddđfffffffffffffffffffffffffffffffffffffffffffffffffffffffffffffffffffffffffffffffffffffnghgmhffffffffffffffffffffffffffffffffffnghgmhffffffffffffffffffffffffffffffffffnghgmhfffffffffffff',NULL,NULL,NULL,'2020-02-10 21:10:02','mhduong','2020-02-10 21:10:17','mhduong'),('18b860fe-cd1d-43fc-b93e-3aecd55ab4da',332,'RISK00200','Test','sad','asd',1,2,1,NULL,NULL,' ndnrn',' tfnsfnsn',' rtnrtnrnrn','2020-02-11 15:18:32','2020-02-07 20:39:33','mhduong','2020-02-07 20:39:33','mhduong'),('19da2025-8eee-4180-9340-296dfb5385d6',332,'RISK00160','string','string','string',1,2,1,'string',NULL,'string','string','string','2020-01-10 08:44:44','2020-02-05 16:19:52','mhduong','2020-02-05 16:19:52','mhduong'),('1a374557-fc94-4c94-b45c-ddb93b62ed66',343,'RISK00251','test123','test','test',3,2,1,'test','test','test','test','test','2020-01-21 13:54:19','2020-02-10 15:33:25','mhduong','2020-02-10 15:33:25','mhduong'),('1c6211b6-f2d0-4837-bbff-767562fed8eb',185,'RISK00241','N/A','N/A','N/A',2,1,2,'N/A','N/A','Hello this is a random message.','N/A','N/A','2021-01-06 07:58:28','2020-02-07 21:54:13','mhduong','2020-02-07 21:54:13','mhduong'),('1e94a2f0-8ae9-4096-922e-410f4841cb7b',379,'RISK00228','12','1','1',1,1,2,NULL,NULL,NULL,NULL,NULL,NULL,'2020-02-07 21:39:08','mhduong','2020-02-07 21:39:08','mhduong'),('1ec03037-8db7-4826-9317-db15ed149d8b',37,'RISK00208','Test CNNGA','ehshs','shsfdh',2,1,2,'fddddddddddddddđfffffffffffffffffffffffffffffffffffffffffffffffffffffffffffffffffffffffffffffffffffffnghgmhffffffffffffffffffffffffffffffffffnghgmhffffffffffffffffffffffffffffffffffnghgmhfffffffffffff','fddddddddddddddđfffffffffffffffffffffffffffffffffffffffffffffffffffffffffffffffffffffffffffffffffffffnghgmhffffffffffffffffffffffffffffffffffnghgmhffffffffffffffffffffffffffffffffffnghgmhfffffffffffff','fddddddddddddddđfffffffffffffffffffffffffffffffffffffffffffffffffffffffffffffffffffffffffffffffffffffnghgmhffffffffffffffffffffffffffffffffffnghgmhffffffffffffffffffffffffffffffffffnghgmhfffffffffffff',NULL,NULL,NULL,'2020-02-07 21:03:40','mhduong','2020-02-07 21:03:40','mhduong'),('1ee10759-c427-497b-8e4c-407f0e6615fb',630,'RISK00028','demo','demo','demo',2,3,2,'N/A','N/A','Report Admin','N/A','N/A','2021-01-06 07:58:28','2020-01-17 19:43:40','mhduong','2020-01-17 19:43:40','mhduong'),('1efac254-2799-411b-a038-8d0e1be0a86f',381,'RISK00203','N/A','N/A','N/A',2,1,2,'N/A','N/A','Hello this is a random message.','N/A','N/A','2021-01-06 07:58:28','2020-02-07 20:51:49','mhduong','2020-02-07 20:51:49','mhduong'),('1f085bd3-7fda-442b-a5c6-fbf94c594324',332,'RISK00170','Test CNNGA','ehshs','shsfdh',2,1,2,'fddddddddddddddđfffffffffffffffffffffffffffffffffffffffffffffffffffffffffffffffffffffffffffffffffffffnghgmhffffffffffffffffffffffffffffffffffnghgmhffffffffffffffffffffffffffffffffffnghgmhfffffffffffff','fddddddddddddddđfffffffffffffffffffffffffffffffffffffffffffffffffffffffffffffffffffffffffffffffffffffnghgmhffffffffffffffffffffffffffffffffffnghgmhffffffffffffffffffffffffffffffffffnghgmhfffffffffffff','fddddddddddddddđfffffffffffffffffffffffffffffffffffffffffffffffffffffffffffffffffffffffffffffffffffffnghgmhffffffffffffffffffffffffffffffffffnghgmhffffffffffffffffffffffffffffffffffnghgmhfffffffffffff','fddddddddddddddđfffffffffffffffffffffffffffffffffffffffffffffffffffffffffffffffffffffffffffffffffffffnghgmhffffffffffffffffffffffffffffffffffnghgmhffffffffffffffffffffffffffffffffffnghgmhfffffffffffff','fddddddddddddddđfffffffffffffffffffffffffffffffffffffffffffffffffffffffffffffffffffffffffffffffffffffnghgmhffffffffffffffffffffffffffffffffffnghgmhffffffffffffffffffffffffffffffffffnghgmhfffffffffffff','2020-02-12 15:58:09','2020-02-06 22:37:47','mhduong','2020-02-06 22:58:20','mhduong'),('201af907-863e-453d-a1a6-34b196ac3b52',967,'RISK00277','CNNGA123','TEST123','TESTABC',2,2,2,NULL,NULL,NULL,NULL,NULL,NULL,'2020-02-11 15:50:10','mhduong','2020-02-11 15:50:10','mhduong'),('201cf2a9-d0d1-4139-9f60-5a9bef80dae3',798,'RISK00197','string','string','string',2,1,2,'    ','  ng','    ','    ng','    gh','2020-02-07 11:34:12','2020-02-07 18:35:31','mhduong','2020-02-07 18:35:31','mhduong'),('20785d16-fb72-485b-8272-4e775016f8bb',326,'RISK00193','GAMS-525','frrfrf','rgrrrrrr',1,2,2,'f   ','   ','       ','   ','    rrr',NULL,'2020-02-07 18:25:48','mhduong','2020-02-07 18:25:48','mhduong'),('228d4623-5db5-4047-b564-5131fb21d644',508,'RISK00224','N/A','N/A','N/A',2,1,2,'N/A','N/A','Hello this is a random message.','N/A','N/A','2021-01-06 07:58:28','2020-02-07 21:35:03','mhduong','2020-02-07 21:35:03','mhduong'),('242d0578-adfa-4a46-9e36-3aa79fbab2ac',379,'RISK00226','demo 1','demo','demo',2,1,1,'asd',NULL,'sda','sd','sda','2020-01-22 14:36:41','2020-02-07 21:38:53','mhduong','2020-02-07 21:38:53','mhduong'),('255d40f5-2445-465b-8c16-25e00d1e757c',1,'RISK00206','string','string','string',1,3,1,'string',NULL,'string','string','string','2020-01-10 08:44:44','2020-02-07 20:57:49','mhduong','2020-02-07 20:57:49','mhduong'),('2590638b-9f31-47bc-afd3-a5633c8b75bf',335,'RISK00264','fddddddddddddddđfffffffffffffffffffffffffffffffffffffffffffffffffffffffffffffffffffffffnghgmhfffffffffffffssdvfddddddddddddddđfffffffffffffffffffffffffffffffffffffffffffffffffffffff','fddddddddddddddđfffffffffffffffffffffffffffffffff','ssbbdfbdfbfbdfbdbdbdbdbdbđb',2,3,2,NULL,NULL,NULL,NULL,NULL,NULL,'2020-02-10 19:49:30','mhduong','2020-02-10 19:49:30','mhduong'),('259fd5f2-c862-4db9-9b46-53a5101bb981',359,'RISK00148','string','string','string',1,2,1,'string',NULL,'string','string','string','2020-01-10 08:44:44','2020-01-17 22:28:50','mhduong','2020-01-17 22:28:50','mhduong'),('25d54e55-8528-4e27-9069-d7b52a33259e',630,'RISK00025','test123','test','test',3,2,1,'test','test','test','test','test','2020-01-21 13:54:19','2020-01-17 19:43:40','mhduong','2020-01-17 19:43:40','mhduong'),('261a9896-5200-4cd7-b9ec-94293c3f1265',630,'RISK00017','This is Thread','hang de vo','ko co mo ta',1,1,1,NULL,'N/A','No action',NULL,NULL,'2020-01-10 12:11:52','2020-01-17 19:37:20','mhduong','2020-01-17 19:37:20','mhduong'),('27207ec1-e288-44d7-bee3-93b382b5a388',377,'RISK00229','demo 1','demo','demo',2,1,1,'asd',NULL,'sda','sd','sda','2020-01-22 14:36:41','2020-02-07 21:42:25','mhduong','2020-02-07 21:42:25','mhduong'),('2737cc36-f0a6-4593-90d1-4c72130d2422',392,'RISK00192','string','string','string',1,3,1,'string',NULL,'string','string','string','2020-01-10 08:44:44','2020-02-07 16:43:52','mhduong','2020-02-07 16:43:52','mhduong'),('28d24909-563b-4e01-933e-3c3044313900',326,'RISK00266','N/A','N/A','N/A',2,1,2,'N/A','N/A','Hello this is a random message.','N/A','N/A','2021-01-06 07:58:28','2020-02-10 20:44:03','mhduong','2020-02-10 20:44:03','mhduong'),('296d6882-8349-42af-ba38-03e080c50e24',378,'RISK00236','N/A','N/A','N/A',2,1,2,'N/A','N/A','Hello this is a random message.','N/A','N/A','2021-01-06 07:58:28','2020-02-07 21:50:48','mhduong','2020-02-07 21:50:48','mhduong'),('2a0f0d85-1272-426c-9a39-3db8882a0c4e',37,'RISK00209','Test CNNGA','ehshs','shsfdh',2,1,2,'fddddddddddddddđfffffffffffffffffffffffffffffffffffffffffffffffffffffffffffffffffffffffffffffffffffffnghgmhffffffffffffffffffffffffffffffffffnghgmhffffffffffffffffffffffffffffffffffnghgmhfffffffffffff','fddddddddddddddđfffffffffffffffffffffffffffffffffffffffffffffffffffffffffffffffffffffffffffffffffffffnghgmhffffffffffffffffffffffffffffffffffnghgmhffffffffffffffffffffffffffffffffffnghgmhfffffffffffff','fddddddddddddddđfffffffffffffffffffffffffffffffffffffffffffffffffffffffffffffffffffffffffffffffffffffnghgmhffffffffffffffffffffffffffffffffffnghgmhffffffffffffffffffffffffffffffffffnghgmhfffffffffffff',NULL,NULL,NULL,'2020-02-07 21:04:04','mhduong','2020-02-07 21:04:04','mhduong'),('2a8abff9-4c07-4c97-90d3-2f814675b945',875,'RISK00272','N/A','N/A','N/A',2,1,2,'N/A','N/A','Hello this is a random message.','N/A','N/A','2021-01-06 07:58:28','2020-02-10 21:12:32','mhduong','2020-02-10 21:12:32','mhduong'),('2af86101-6849-4dc3-815f-9a9e7660e4fc',957,'RISK00268','Test','sad','asd',1,2,1,NULL,NULL,' ndnrn',' tfnsfnsn',' rtnrtnrnrn','2020-02-11 15:18:32','2020-02-10 20:53:01','mhduong','2020-02-10 20:53:01','mhduong'),('2baa37a9-e426-442a-a109-2c2d47e965d1',967,'RISK00273','Test CNNGA','ehshs','shsfdh',2,1,2,'fddddddddddddddđfffffffffffffffffffffffffffffffffffffffffffffffffffffffffffffffffffffffffffffffffffffnghgmhffffffffffffffffffffffffffffffffffnghgmhffffffffffffffffffffffffffffffffffnghgmhfffffffffffff','fddddddddddddddđfffffffffffffffffffffffffffffffffffffffffffffffffffffffffffffffffffffffffffffffffffffnghgmhffffffffffffffffffffffffffffffffffnghgmhffffffffffffffffffffffffffffffffffnghgmhfffffffffffff','fddddddddddddddđfffffffffffffffffffffffffffffffffffffffffffffffffffffffffffffffffffffffffffffffffffffnghgmhffffffffffffffffffffffffffffffffffnghgmhffffffffffffffffffffffffffffffffffnghgmhfffffffffffff',NULL,NULL,NULL,'2020-02-10 22:31:15','mhduong','2020-02-10 22:31:15','mhduong'),('2bac9de8-283c-4e2c-b5e6-f68e511e9d0f',185,'RISK00242','Test CNNGA','ehshs','shsfdh',2,1,2,'fddddddddddddddđfffffffffffffffffffffffffffffffffffffffffffffffffffffffffffffffffffffffffffffffffffffnghgmhffffffffffffffffffffffffffffffffffnghgmhffffffffffffffffffffffffffffffffffnghgmhfffffffffffff','fddddddddddddddđfffffffffffffffffffffffffffffffffffffffffffffffffffffffffffffffffffffffffffffffffffffnghgmhffffffffffffffffffffffffffffffffffnghgmhffffffffffffffffffffffffffffffffffnghgmhfffffffffffff','fddddddddddddddđfffffffffffffffffffffffffffffffffffffffffffffffffffffffffffffffffffffffffffffffffffffnghgmhffffffffffffffffffffffffffffffffffnghgmhffffffffffffffffffffffffffffffffffnghgmhfffffffffffff',NULL,NULL,NULL,'2020-02-07 21:54:38','mhduong','2020-02-07 21:54:38','mhduong'),('2bd19db3-11ea-40e5-b233-2a4d8545bf02',92,'RISK00247','N/A','N/A','N/A',2,1,2,'N/A','N/A','Hello this is a random message.','N/A','N/A','2021-01-06 07:58:28','2020-02-07 22:02:24','mhduong','2020-02-07 22:02:24','mhduong'),('2cf11f16-51df-4d71-a0ca-c152a713d287',377,'RISK00231','N/A','N/A','N/A',2,1,2,'N/A','N/A','Hello this is a random message.','N/A','N/A','2021-01-06 07:58:28','2020-02-07 21:42:55','mhduong','2020-02-07 21:42:55','mhduong'),('2dbefb15-f3f8-4b02-ba43-7cd8ab1fffe2',20,'RISK00256','test123','test','test',3,2,1,'test','test','test','test','test','2020-01-21 13:54:19','2020-02-10 16:35:51','mhduong','2020-02-10 16:35:51','mhduong'),('2dfc6804-ca62-4eec-86c8-1c2b6aa86c4b',7,'RISK00134','N/A','N/A','N/A',1,1,2,'N/A','N/A','Hello this is a random message.','N/A','N/A','2021-01-06 07:58:28','2020-01-17 20:35:14','mhduong','2020-01-17 20:37:39','mhduong'),('2e081cd4-7485-48f9-8e83-b25d2f5118f2',341,'RISK00216','demo 1','demo','demo',2,1,1,'asd',NULL,'sda','sd','sda','2020-01-22 14:36:41','2020-02-07 21:29:55','mhduong','2020-02-07 21:29:55','mhduong'),('2ef464df-66e9-4659-8087-fe99580c0597',19,'RISK00144','string','string','string',1,2,1,'string',NULL,'string','string','string','2020-01-10 08:44:44','2020-01-17 20:49:49','mhduong','2020-01-17 20:49:49','mhduong'),('2f200640-f072-4930-9dcf-be0d15069adc',630,'RISK00027','N/A','N/A','N/A',2,2,1,'N/A','N/A','Report Admin','N/A','N/A','2021-01-06 07:58:28','2020-01-17 19:43:40','mhduong','2020-01-17 19:43:40','mhduong'),('300c3800-6586-4e8b-b3d9-9b3f4b270642',185,'RISK00244','fffff','ffff','fff',2,1,2,'   ','   ','   ','   ','   fg',NULL,'2020-02-07 21:57:51','mhduong','2020-02-07 21:57:51','mhduong'),('30a94736-bc37-46fd-bc2d-25f9b9662f7e',332,'RISK00161','string','string','string',1,2,1,'string',NULL,'string','string','string','2020-01-10 08:44:44','2020-02-05 16:19:52','mhduong','2020-02-05 16:19:52','mhduong'),('31654301-cbf7-497e-9a06-dd2dd8da5f76',955,'RISK00280','N/A','N/A','N/A',1,2,2,'N/A','N/A','Report Admin',NULL,NULL,NULL,'2020-02-11 19:11:25','mhduong','2020-02-11 19:11:44','mhduong'),('325d6a88-41f4-416f-a9db-acd8ac3795f1',91,'RISK00246','Test CNNGA','ehshs','shsfdh',2,1,2,'fddddddddddddddđfffffffffffffffffffffffffffffffffffffffffffffffffffffffffffffffffffffffffffffffffffffnghgmhffffffffffffffffffffffffffffffffffnghgmhffffffffffffffffffffffffffffffffffnghgmhfffffffffffff','fddddddddddddddđfffffffffffffffffffffffffffffffffffffffffffffffffffffffffffffffffffffffffffffffffffffnghgmhffffffffffffffffffffffffffffffffffnghgmhffffffffffffffffffffffffffffffffffnghgmhfffffffffffff','fddddddddddddddđfffffffffffffffffffffffffffffffffffffffffffffffffffffffffffffffffffffffffffffffffffffnghgmhffffffffffffffffffffffffffffffffffnghgmhffffffffffffffffffffffffffffffffffnghgmhfffffffffffff',NULL,NULL,NULL,'2020-02-07 22:00:41','mhduong','2020-02-07 22:00:41','mhduong'),('350d6385-c521-43ba-9ac7-6477239e4c9b',360,'RISK00181','string','string','string',1,2,1,'string',NULL,'string','string','string','2020-01-10 08:44:44','2020-02-07 15:47:16','mhduong','2020-02-07 15:47:16','mhduong'),('3961f130-28b6-4d52-b147-ca0a73788ef8',332,'RISK00235','N/A','N/A','N/A',2,1,2,'N/A','N/A','Hello this is a random message.','N/A','N/A','2021-01-06 07:58:28','2020-02-07 21:50:03','mhduong','2020-02-07 21:50:03','mhduong'),('39dfb239-c8ae-450a-aa5d-9c98089a3e60',19,'RISK00143','string','string','string',1,2,1,'string',NULL,'string','string','string','2020-01-10 08:44:44','2020-01-17 20:49:49','mhduong','2020-01-17 20:49:49','mhduong'),('3a819eb1-21e9-4ce5-aa47-0c3164d7af4d',975,'RISK00278','Test CNNGA','ehshs','shsfdh',2,1,2,'fddddddddddddddđfffffffffffffffffffffffffffffffffffffffffffffffffffffffffffffffffffffffffffffffffffffnghgmhffffffffffffffffffffffffffffffffffnghgmhffffffffffffffffffffffffffffffffffnghgmhfffffffffffff','fddddddddddddddđfffffffffffffffffffffffffffffffffffffffffffffffffffffffffffffffffffffffffffffffffffffnghgmhffffffffffffffffffffffffffffffffffnghgmhffffffffffffffffffffffffffffffffffnghgmhfffffffffffff','fddddddddddddddđfffffffffffffffffffffffffffffffffffffffffffffffffffffffffffffffffffffffffffffffffffffnghgmhffffffffffffffffffffffffffffffffffnghgmhffffffffffffffffffffffffffffffffffnghgmhfffffffffffff',NULL,NULL,NULL,'2020-02-11 15:51:17','mhduong','2020-02-11 15:51:17','mhduong'),('3dc918a7-6da0-4dd9-8760-8f7d3ba0c72a',6,'RISK00130','string','string','string',1,3,1,'string',NULL,'string','string','string','2020-01-10 08:44:44','2020-01-17 20:09:38','mhduong','2020-02-06 20:28:18','mhduong'),('3e32cb4d-e416-42f0-98c9-11c0677e0d09',797,'RISK00156','2','2','2',1,2,2,NULL,NULL,NULL,NULL,NULL,NULL,'2020-01-30 20:22:20','mhduong','2020-01-30 20:22:20','mhduong'),('3f146fea-020e-426e-b42b-162e8f4c0f27',5,'RISK00008','demo 1','demo','demo',2,1,1,'asd',NULL,'sda','sd','sda','2020-01-22 14:36:41','2020-01-16 21:36:43','mhduong','2020-01-16 21:39:50','mhduong'),('418252dc-32da-45ee-bf99-2bce667d9d37',2,'RISK00010','N/A','N/A','N/A',2,1,2,'N/A','N/A','Hello this is a random message.','N/A','N/A','2021-01-06 07:58:28','2020-01-17 16:49:06','mhduong','2020-01-17 16:49:06','mhduong'),('43dad947-87a7-4962-ac4f-40c451005575',7,'RISK00139','string','string','string',1,1,1,'string',NULL,'string','string','string','2020-01-10 08:44:44','2020-01-17 20:35:14','mhduong','2020-01-17 20:37:32','mhduong'),('47059bef-f4d5-49e5-84ab-cd443a33ef34',975,'RISK00276','CNNGA123','TEST123','TESTABC',2,2,1,NULL,NULL,'sbc','fsdfsd','sdsdgsd','2020-02-12 12:02:20','2020-02-11 15:34:24','mhduong','2020-02-11 19:02:22','mhduong'),('4b5a0f93-45f7-41e8-8d78-21c15bb72476',332,'RISK00235','N/A','N/A','N/A',2,1,2,'N/A','N/A','Hello this is a random message.','N/A','N/A','2021-01-06 07:58:28','2020-02-07 21:50:03','mhduong','2020-02-07 21:50:03','mhduong'),('525d376e-e33f-4233-a263-e164b6d722b6',630,'RISK00020','sad','sda','sad',3,2,1,NULL,NULL,'asd','sda','sdad','2020-01-21 15:14:03','2020-01-17 19:43:40','mhduong','2020-01-17 19:43:40','mhduong'),('533ec5a3-1be4-4637-b545-ce570286b99c',378,'RISK00239','N/A','N/A','N/A',2,1,2,'N/A','N/A','Hello this is a random message.','N/A','N/A','2021-01-06 07:58:28','2020-02-07 21:52:59','mhduong','2020-02-07 21:52:59','mhduong'),('55eea288-e9dc-48d4-97e7-c6373a03c623',380,'RISK00219','string','string','string',1,3,2,'string',NULL,'string','string','string','2020-01-10 08:44:44','2020-02-07 21:31:56','mhduong','2020-02-07 21:32:14','mhduong'),('58e3128e-73c1-4798-8c50-6fc9325c60fe',2,'RISK00014','N/A','N/A','N/A',2,2,1,'N/A','N/A','Report Admin','N/A','N/A','2021-01-06 07:58:28','2020-01-17 16:53:45','mhduong','2020-01-17 16:53:45','mhduong'),('5d26ec91-7d85-4235-a298-e3419147dbd0',377,'RISK00230','N/A','N/A','N/A',2,1,2,'N/A','N/A','Hello this is a random message.','N/A','N/A','2021-01-06 07:58:28','2020-02-07 21:42:55','mhduong','2020-02-07 21:42:55','mhduong'),('5e14b21a-f973-4818-aded-330496fe7281',630,'RISK00034','string','string','string',1,2,1,'string',NULL,'string','string','string','2020-01-10 08:44:44','2020-01-17 19:43:40','mhduong','2020-01-17 19:43:40','mhduong'),('5fc1f642-47e1-4e9d-b709-eca8381f91c8',374,'RISK00187','sadsda','sadsda','sd   sadsda',2,1,2,'','','','','',NULL,'2020-02-07 16:08:00','mhduong','2020-02-07 16:08:00','mhduong'),('60c11f42-8e59-484c-b727-333d2bcff575',333,'RISK00232','test123','test','test',3,2,1,'test','test','test','test','test','2020-01-21 13:54:19','2020-02-07 21:44:57','mhduong','2020-02-07 21:44:57','mhduong'),('63811a1f-c4ec-4c19-a065-658348e06905',340,'RISK00259','N/A','N/A','N/A',2,1,2,'N/A','N/A','Hello this is a random message.','N/A','N/A','2021-01-06 07:58:28','2020-02-10 16:36:42','mhduong','2020-02-10 16:36:42','mhduong'),('657ac968-e412-4bb3-9425-7effdfb9b7f2',337,'RISK00195','ABC','vvvvv','vvv',2,2,2,'       ','    ','     f  ','       ','   f  ',NULL,'2020-02-07 18:28:21','mhduong','2020-02-07 21:00:06','mhduong'),('662c8f29-1475-4196-9817-abb6a412da0e',341,'RISK00216','demo 1','demo','demo',2,1,1,'asd',NULL,'sda','sd','sda','2020-01-22 14:36:41','2020-02-07 21:29:55','mhduong','2020-02-07 21:29:55','mhduong'),('67f25514-42fc-46a5-9d0a-2c0ec20615ec',3,'RISK00006','dmdtmtmtmtm','N/A','N/A',3,2,1,'N/A','N/A','Report Admin','N/A','N/A','2021-01-06 07:58:28','2020-01-10 16:40:01','mhduong','2020-02-10 21:05:23','mhduong'),('6c2f07e0-5877-471c-b18a-4a91f6ad7243',630,'RISK00031','string','string','string',1,2,1,'string',NULL,'string','string','string','2020-01-10 08:44:44','2020-01-17 19:43:40','mhduong','2020-01-17 19:43:40','mhduong'),('6da84622-90df-4fe4-a01e-ded5c6675390',962,'RISK00269','Test','sad','asd',1,2,1,NULL,NULL,' ndnrn',' tfnsfnsn',' rtnrtnrnrn','2020-02-11 15:18:32','2020-02-10 20:55:28','mhduong','2020-02-10 20:55:28','mhduong'),('6e23fe6f-3a43-4401-becb-aa638985ec3d',340,'RISK00260','test123','test','test',3,2,1,'test','test','test','test','test','2020-01-21 13:54:19','2020-02-10 16:36:42','mhduong','2020-02-10 16:36:42','mhduong'),('725f5e24-d198-4057-87c8-384aa1d88733',374,'RISK00185','qwe','wqe','eq',1,1,2,NULL,NULL,NULL,NULL,NULL,NULL,'2020-02-07 15:55:42','mhduong','2020-02-07 15:55:42','mhduong'),('7381d2a7-8ba4-4a53-8de4-bfc74e68425c',344,'RISK00214','N/A','N/A','N/A',2,1,2,'N/A','N/A','Hello this is a random message.','N/A','N/A','2021-01-06 07:58:28','2020-02-07 21:28:35','mhduong','2020-02-07 21:28:35','mhduong'),('73bcef36-a130-4ecb-86a1-6d66c577f18b',630,'RISK00023','demo 1','demo','demo',2,1,1,'asd',NULL,'sda','sd','sda','2020-01-22 14:36:41','2020-01-17 19:43:40','mhduong','2020-01-17 19:43:40','mhduong'),('73e3f4fd-7427-4052-af4c-c96178a7df11',377,'RISK00146','string','string','string',1,2,1,'string',NULL,'string','string','string','2020-01-10 08:44:44','2020-01-17 21:45:31','mhduong','2020-01-17 21:45:31','mhduong'),('752497eb-db3e-4350-8e6e-a5fba23608fb',2,'RISK00002','N/A','N/A','N/A',2,1,2,'N/A','N/A','Hello this is a random message.','N/A','N/A','2021-01-06 07:58:28',NULL,NULL,NULL,NULL),('754fb3de-e61f-4a72-bcb3-e57409083d41',1,'RISK00131','string','string','string',1,2,1,'string',NULL,'string','string','string','2020-01-10 08:44:44','2020-01-17 20:16:26','mhduong','2020-01-17 20:16:26','mhduong'),('78350148-88b1-41f8-91b1-ff0f136d7cc3',964,'RISK00274','Test CNNGA','ehshs','shsfdh',2,1,2,'fddddddddddddddđfffffffffffffffffffffffffffffffffffffffffffffffffffffffffffffffffffffffffffffffffffffnghgmhffffffffffffffffffffffffffffffffffnghgmhffffffffffffffffffffffffffffffffffnghgmhfffffffffffff','fddddddddddddddđfffffffffffffffffffffffffffffffffffffffffffffffffffffffffffffffffffffffffffffffffffffnghgmhffffffffffffffffffffffffffffffffffnghgmhffffffffffffffffffffffffffffffffffnghgmhfffffffffffff','fddddddddddddddđfffffffffffffffffffffffffffffffffffffffffffffffffffffffffffffffffffffffffffffffffffffnghgmhffffffffffffffffffffffffffffffffffnghgmhffffffffffffffffffffffffffffffffffnghgmhfffffffffffff',NULL,NULL,NULL,'2020-02-10 22:33:52','mhduong','2020-02-10 22:33:52','mhduong'),('7925506c-6d5b-49d7-84b2-7a6a1a101492',345,'RISK00248','N/A','N/A','N/A',2,1,2,'N/A','N/A','Hello this is a random message.','N/A','N/A','2021-01-06 07:58:28','2020-02-07 22:33:04','mhduong','2020-02-07 22:33:04','mhduong'),('79d666c5-4fba-46d9-85df-4d37006dbf71',342,'RISK00207','string','string','string',1,3,2,'string',NULL,'string','string','string','2020-01-10 08:44:44','2020-02-07 21:01:30','mhduong','2020-02-07 21:01:39','mhduong'),('7a90807f-3139-40c5-9bf3-82288fc98bc0',20,'RISK00258','test123','test','test',3,2,1,'test','test','test','test','test','2020-01-21 13:54:19','2020-02-10 16:35:51','mhduong','2020-02-10 16:35:51','mhduong'),('7b873d9f-a637-4048-97fb-78dd650febfc',2,'RISK00013','This is Thread','hang de vo','ko co mo ta',1,1,1,NULL,'N/A','No action',NULL,NULL,'2020-01-10 12:11:52','2020-01-17 16:53:09','mhduong','2020-01-17 16:53:09','mhduong'),('7bc25d8d-db7b-4d8d-bf18-567dd9dc5390',2,'RISK00012','string','string','string',1,2,1,'string',NULL,'string','string','string','2020-01-10 08:44:44','2020-01-17 16:52:31','mhduong','2020-01-17 16:52:31','mhduong'),('7dd0349f-f936-49de-82e0-970748e3fa7f',630,'RISK00019','This is Thread','hang de vo','ko co mo ta',1,1,1,NULL,'N/A','No action',NULL,NULL,'2020-01-10 12:11:52','2020-01-17 19:43:40','mhduong','2020-01-17 19:43:40','mhduong'),('7ef1065a-4f0c-4e3f-a554-46d5404ec973',332,'RISK00234','1','1','1',1,1,2,NULL,NULL,NULL,NULL,NULL,NULL,'2020-02-07 21:49:33','mhduong','2020-02-07 21:49:33','mhduong'),('807a9cac-a657-4bee-9b7e-76a79ee11501',334,'RISK00182','CNNGA','string','string',1,1,2,'string',NULL,'rgeegreg','êrheh','ẻherheheh','2020-01-10 08:44:44','2020-02-07 15:54:08','mhduong','2020-02-07 20:59:35','mhduong'),('825cd6a2-d4fe-4f0c-a449-3c0f8f2f552a',630,'RISK00026','N/A','N/A','N/A',2,2,1,'N/A','N/A','Report Admin','N/A','N/A','2021-01-06 07:58:28','2020-01-17 19:43:40','mhduong','2020-01-17 19:43:40','mhduong'),('83ec505b-74f0-4c37-be49-de1c00b1c535',508,'RISK00221','demo 1','demo','demo',2,1,1,'asd',NULL,'sda','sd','sda','2020-01-22 14:36:41','2020-02-07 21:32:56','mhduong','2020-02-07 21:32:56','mhduong'),('88c01333-a2af-4488-99c6-7c0e65cb812e',385,'RISK00205','string','string','string',1,2,1,'string',NULL,'string','string','string','2020-01-10 08:44:44','2020-02-07 20:52:44','mhduong','2020-02-07 20:52:44','mhduong'),('89eb1881-36ff-42ef-b774-283220190926',630,'RISK00030','This is Thread','hang de vo','ko co mo ta',1,1,1,NULL,'N/A','No action',NULL,NULL,'2020-01-10 12:11:52','2020-01-17 19:43:40','mhduong','2020-01-17 19:43:40','mhduong'),('8fe45a97-be30-467a-9664-49f0f85d4d6e',372,'RISK00249','N/A','N/A','N/A',2,1,2,'N/A','N/A','Hello this is a random message.','N/A','N/A','2021-01-06 07:58:28','2020-02-07 22:33:33','mhduong','2020-02-07 22:33:33','mhduong'),('91b840cd-4c0b-4529-9317-e8c59d3118f7',339,'RISK00245','test123','test','test',3,2,1,'test','test','test','test','test','2020-01-21 13:54:19','2020-02-07 21:59:42','mhduong','2020-02-07 21:59:42','mhduong'),('92c39930-ecba-4a17-95d4-75e48f87c3bb',962,'RISK00267','Test','sad','asd',1,2,1,NULL,NULL,' ndnrn',' tfnsfnsn',' rtnrtnrnrn','2020-02-11 15:18:32','2020-02-10 20:44:37','mhduong','2020-02-10 20:44:37','mhduong'),('92c6e333-41e1-4b90-9660-84a4fdc13e00',343,'RISK00252','Test','sad','asd',1,2,1,NULL,NULL,' ndnrn',' tfnsfnsn',' rtnrtnrnrn','2020-02-11 15:18:32','2020-02-10 15:33:25','mhduong','2020-02-10 15:33:25','mhduong'),('949c2437-ea4f-4f43-a080-a0f5f3e43bc5',328,'RISK00152','thrt','string','rtnrnrn',1,2,1,'string',NULL,'string','string','string','2020-01-10 08:44:44','2020-01-20 13:46:01','mhduong','2020-02-07 15:47:49','mhduong'),('95e28c09-7aa8-43cf-89c9-ae0a93a0cf5b',345,'RISK00248','N/A','N/A','N/A',2,1,2,'N/A','N/A','Hello this is a random message.','N/A','N/A','2021-01-06 07:58:28','2020-02-07 22:33:04','mhduong','2020-02-07 22:33:04','mhduong'),('960d5503-b0ce-4804-9538-dcda24cb1f33',359,'RISK00149','string','string','string',1,2,1,'string',NULL,'string','string','string','2020-01-10 08:44:44','2020-01-17 22:28:50','mhduong','2020-01-17 22:28:50','mhduong'),('969fb2c9-d969-4635-b7c9-081a2c89dfd4',379,'RISK00227','demo 1','demo','demo',2,1,1,'asd',NULL,'sda','sd','sda','2020-01-22 14:36:41','2020-02-07 21:38:53','mhduong','2020-02-07 21:38:53','mhduong'),('9c375f30-06e2-41ae-aba2-1d147568b2fe',344,'RISK00215','Test','sad','asd',1,2,1,NULL,NULL,' ndnrn',' tfnsfnsn',' rtnrtnrnrn','2020-02-11 15:18:32','2020-02-07 21:28:35','mhduong','2020-02-07 21:28:35','mhduong'),('9c8fe6ad-7eda-456b-bdd1-361775a2f4ff',630,'RISK00024','N/A','N/A','N/A',2,1,2,'N/A','N/A','Hello this is a random message.','N/A','N/A','2021-01-06 07:58:28','2020-01-17 19:43:40','mhduong','2020-01-17 19:43:40','mhduong'),('9cd511e7-20da-45b8-924a-29c7dcb8974a',957,'RISK00270','Test','sad','asd',1,2,1,NULL,NULL,' ndnrn',NULL,NULL,NULL,'2020-02-10 20:57:53','mhduong','2020-02-10 20:57:53','mhduong'),('9daa132d-83c3-4842-844f-74c7b8438c09',339,'RISK00245','test123','test','test',3,2,1,'test','test','test','test','test','2020-01-21 13:54:19','2020-02-07 21:59:42','mhduong','2020-02-07 21:59:42','mhduong'),('9e828090-8147-4602-be61-a2b066b5324c',185,'RISK00244','fffff','ffff','fff',2,1,2,'   ','   ','   ','   ','   fg',NULL,'2020-02-07 21:57:51','mhduong','2020-02-07 21:57:51','mhduong'),('9ecb2e7f-a5ff-4aa8-aeee-6eb4831db1c2',797,'RISK00155','1','1','1',2,1,2,NULL,NULL,NULL,NULL,NULL,NULL,'2020-01-30 20:15:32','mhduong','2020-01-30 20:15:32','mhduong'),('9f05d63e-efc8-45d3-aabb-40e0ffd7f528',385,'RISK00204','string','string','string',1,2,1,'string',NULL,'string','string','string','2020-01-10 08:44:44','2020-02-07 20:52:44','mhduong','2020-02-07 20:52:44','mhduong'),('a08d3063-2112-4b8c-aa79-965615e274ff',91,'RISK00246','Test CNNGA','ehshs','shsfdh',2,1,2,'fddddddddddddddđfffffffffffffffffffffffffffffffffffffffffffffffffffffffffffffffffffffffffffffffffffffnghgmhffffffffffffffffffffffffffffffffffnghgmhffffffffffffffffffffffffffffffffffnghgmhfffffffffffff','fddddddddddddddđfffffffffffffffffffffffffffffffffffffffffffffffffffffffffffffffffffffffffffffffffffffnghgmhffffffffffffffffffffffffffffffffffnghgmhffffffffffffffffffffffffffffffffffnghgmhfffffffffffff','fddddddddddddddđfffffffffffffffffffffffffffffffffffffffffffffffffffffffffffffffffffffffffffffffffffffnghgmhffffffffffffffffffffffffffffffffffnghgmhffffffffffffffffffffffffffffffffffnghgmhfffffffffffff',NULL,NULL,NULL,'2020-02-07 22:00:41','mhduong','2020-02-07 22:00:41','mhduong'),('a2ef6f2e-3c1b-449b-9f6a-285ab64c9678',630,'RISK00035','string','string','string',1,2,1,'string',NULL,'string','string','string','2020-01-10 08:44:44','2020-01-17 19:43:40','mhduong','2020-01-17 19:43:40','mhduong'),('a35555e3-364e-4b11-8bb7-a56279a8c1a5',1,'RISK00132','string','string','string',1,2,1,'string',NULL,'string','string','string','2020-01-10 08:44:44','2020-01-17 20:16:26','mhduong','2020-01-17 20:16:26','mhduong'),('a3d8e53d-6a97-4318-a4cb-d16fb35ead69',508,'RISK00223','demo 1','demo','demo',2,1,1,'asd',NULL,'sda','sd','sda','2020-01-22 14:36:41','2020-02-07 21:34:00','mhduong','2020-02-07 21:34:00','mhduong'),('a5c97255-d542-4915-932a-8e4c98ee927c',340,'RISK00261','Test','sad','asd',1,2,1,NULL,NULL,' ndnrn',' tfnsfnsn',' rtnrtnrnrn','2020-02-11 15:18:32','2020-02-10 16:36:42','mhduong','2020-02-10 16:36:42','mhduong'),('a6000a90-2606-40e5-a6f9-b79ebd4e3437',20,'RISK00255','N/A','N/A','N/A',2,1,2,'N/A','N/A','Hello this is a random message.','N/A','N/A','2021-01-06 07:58:28','2020-02-10 16:35:51','mhduong','2020-02-10 16:35:51','mhduong'),('aa7de25a-958a-4283-b0e4-ccf102a240a0',37,'RISK00210','string','string','string',1,2,1,'string',NULL,'string',NULL,NULL,NULL,'2020-02-07 21:08:27','mhduong','2020-02-07 21:08:27','mhduong'),('ab8a2a61-6420-49d1-b73a-91c32babf784',335,'RISK00190','string','string','string',3,3,1,'string',NULL,'string','string','string','2020-01-10 08:44:44','2020-02-07 16:42:19','mhduong','2020-02-07 16:42:40','mhduong'),('ace216d1-670f-42f2-8bac-8e78bbc07356',331,'RISK00188','sadsda','sadsda','sd   sadsda',2,1,2,'','','','','',NULL,'2020-02-07 16:08:19','mhduong','2020-02-07 16:08:19','mhduong'),('ad2f82f9-c11a-48b6-801a-f9ab91ef8027',328,'RISK00179','string','string','string',3,3,1,'string',NULL,'string','string','string','2020-01-10 08:44:44','2020-02-07 15:32:47','mhduong','2020-02-07 15:32:47','mhduong'),('ad5966dc-48a2-469f-a623-97927d1b6dce',630,'RISK00021','string','string','string',1,2,1,'string',NULL,'string','string','string','2020-01-10 08:44:44','2020-01-17 19:43:40','mhduong','2020-01-17 19:43:40','mhduong'),('ae46e84f-b9cc-4fdb-ae1a-f24b6c5be06c',326,'RISK00151','string','string','string',1,2,1,'string',NULL,'string','string','string','2020-01-10 08:44:44','2020-01-17 22:31:56','mhduong','2020-01-17 22:31:56','mhduong'),('b287c23e-a6b2-4876-90de-2ba8c8f3bd38',378,'RISK00240','1','1','1',1,1,2,NULL,NULL,NULL,NULL,NULL,NULL,'2020-02-07 21:53:53','mhduong','2020-02-07 21:53:53','mhduong'),('b2dfe0d1-8105-4f12-93b6-13fd48629438',373,'RISK00184','test','test','test',3,3,2,NULL,NULL,NULL,NULL,NULL,NULL,'2020-02-07 15:55:04','mhduong','2020-02-07 15:55:04','mhduong'),('b33e7bd8-51c8-416d-8cb1-03572e0ff79e',123,'RISK00237','Test CNNGA','ehshs','shsfdh',2,1,2,'fddddddddddddddđfffffffffffffffffffffffffffffffffffffffffffffffffffffffffffffffffffffffffffffffffffffnghgmhffffffffffffffffffffffffffffffffffnghgmhffffffffffffffffffffffffffffffffffnghgmhfffffffffffff','fddddddddddddddđfffffffffffffffffffffffffffffffffffffffffffffffffffffffffffffffffffffffffffffffffffffnghgmhffffffffffffffffffffffffffffffffffnghgmhffffffffffffffffffffffffffffffffffnghgmhfffffffffffff','fddddddddddddddđfffffffffffffffffffffffffffffffffffffffffffffffffffffffffffffffffffffffffffffffffffffnghgmhffffffffffffffffffffffffffffffffffnghgmhffffffffffffffffffffffffffffffffffnghgmhfffffffffffff',NULL,NULL,NULL,'2020-02-07 21:50:51','mhduong','2020-02-07 21:50:51','mhduong'),('b45d3c87-a246-4f33-b30e-58363662010b',378,'RISK00236','N/A','N/A','N/A',2,1,2,'N/A','N/A','Hello this is a random message.','N/A','N/A','2021-01-06 07:58:28','2020-02-07 21:50:48','mhduong','2020-02-07 21:50:48','mhduong'),('b6bdf11a-8f5b-4c9a-80b1-f28337dbedc8',630,'RISK00032','string','string','string',1,2,1,'string',NULL,'string','string','string','2020-01-10 08:44:44','2020-01-17 19:43:40','mhduong','2020-01-17 19:43:40','mhduong'),('b77730be-8798-42ff-94ce-c1d999f13c99',356,'RISK00213','demo 1','demo','demo',2,1,1,'asd',NULL,'sda','sd','sda','2020-01-22 14:36:41','2020-02-07 21:28:02','mhduong','2020-02-07 21:28:02','mhduong'),('b782b8ce-4698-4953-aba8-89fe5e818ede',346,'RISK00196','fffff','ffff','fff',2,1,2,'   ','   ','   ','   ','   fg',NULL,'2020-02-07 18:31:42','mhduong','2020-02-07 18:31:42','mhduong'),('ba5d2c1a-31ed-46d7-a612-90363d08770d',377,'RISK00147','string1','string','string',1,2,1,'string',NULL,'string','string','string','2020-01-10 08:44:44','2020-01-17 21:45:31','mhduong','2020-02-07 21:42:14','mhduong'),('bc1372ca-8d17-4d5a-857c-daac0000c691',420,'RISK00254','gkch,hj,','h,h,hj,',',,h,h,',2,2,2,NULL,NULL,NULL,NULL,NULL,NULL,'2020-02-10 16:33:42','mhduong','2020-02-10 16:33:42','mhduong'),('bcdada90-787d-4db2-a397-b3d21a6b226c',508,'RISK00223','demo 1','demo','demo',2,1,1,'asd',NULL,'sda','sd','sda','2020-01-22 14:36:41','2020-02-07 21:34:00','mhduong','2020-02-07 21:34:00','mhduong'),('bdfb1091-cb23-4ad5-9a31-4d172b3b768e',508,'RISK00220','demo 1','demo','demo',2,1,1,'asd',NULL,'sda','sd','sda','2020-01-22 14:36:41','2020-02-07 21:32:32','mhduong','2020-02-07 21:32:32','mhduong'),('c2ccb518-02b3-4888-b039-8c57bc65209a',508,'RISK00220','demo 1','demo','demo',2,1,1,'asd',NULL,'sda','sd','sda','2020-01-22 14:36:41','2020-02-07 21:32:32','mhduong','2020-02-07 21:32:32','mhduong'),('c2e11ebe-7800-4d0d-9980-6b8f99daa509',7,'RISK00142','string','string','string',1,1,1,'string',NULL,'string','string','string','2020-01-10 08:44:44','2020-01-17 20:35:14','mhduong','2020-01-17 20:37:44','mhduong'),('c683d314-f671-4556-9348-f883d800d637',185,'RISK00243','fffff','ffff','fff',2,1,2,'   ','   ','   ','   ','   fg',NULL,'2020-02-07 21:55:23','mhduong','2020-02-07 21:55:23','mhduong'),('c973942a-7066-4edd-a361-dc1d9eec40a2',508,'RISK00224','N/A','N/A','N/A',2,1,2,'N/A','N/A','Hello this is a random message.','N/A','N/A','2021-01-06 07:58:28','2020-02-07 21:35:03','mhduong','2020-02-07 21:35:03','mhduong'),('caaf65fa-c66a-4418-bad2-9a9b3d0a6c92',343,'RISK00253','test123','test','test',3,2,1,'test','test','test','test','test','2020-01-21 13:54:19','2020-02-10 15:33:25','mhduong','2020-02-10 15:33:25','mhduong'),('cc46a6dc-c122-4f17-8454-6177cbc3f876',798,'RISK00198','string222','string','string',2,1,2,'','ng','','ng','gh','2020-02-07 11:34:12','2020-02-07 18:37:09','dnbao','2020-02-07 18:37:09','dnbao'),('ce590507-4a05-4685-a2f8-d78491d4f35f',339,'RISK00225','test','test','test',1,1,2,NULL,NULL,NULL,NULL,NULL,NULL,'2020-02-07 21:36:27','mhduong','2020-02-07 21:36:27','mhduong'),('ce9cd945-5a43-4a5d-8ed3-3177ef33164f',344,'RISK00167','demo 1','demo','demo',2,1,1,'asd',NULL,'sda','sd','sda','2020-01-22 14:36:41','2020-02-06 21:37:30','mhduong','2020-02-06 21:37:30','mhduong'),('d021b243-8850-4fbd-ad7c-b295f7d2f961',340,'RISK00262','test123','test','test',3,2,1,'test','test','test','test','test','2020-01-21 13:54:19','2020-02-10 16:36:42','mhduong','2020-02-10 16:36:42','mhduong'),('d553c3b8-0433-4faa-850e-7eae46f18239',630,'RISK00016','string','string','string',1,2,1,'string',NULL,'string','string','string','2020-01-10 08:44:44','2020-01-17 19:37:20','mhduong','2020-01-17 19:37:20','mhduong'),('d63ace04-4b4c-4e2e-b787-1864944e268d',335,'RISK00191','string','string','string',1,3,1,'string',NULL,'string','string','string','2020-01-10 08:44:44','2020-02-07 16:42:32','mhduong','2020-02-07 16:42:32','mhduong'),('d675a4d9-4681-47eb-81fe-fb69837f70ea',339,'RISK00225','test','test','test',1,1,2,NULL,NULL,NULL,NULL,NULL,NULL,'2020-02-07 21:36:27','mhduong','2020-02-07 21:36:27','mhduong'),('d6d4939b-e178-4947-a54c-0801f742b762',338,'RISK00211','N/A','N/A','N/A',2,1,2,'N/A','N/A','Hello this is a random message.','N/A','N/A','2021-01-06 07:58:28','2020-02-07 21:22:53','mhduong','2020-02-07 21:22:53','mhduong'),('d6ed3641-f8f6-4ee9-83c7-67c817702e22',956,'RISK00281','N/A','N/A','N/A',3,3,2,'N/A','N/A','Report Admin',NULL,NULL,NULL,'2020-02-11 19:12:59','mhduong','2020-02-11 19:13:11','mhduong'),('d7562eee-502d-448c-8225-3216d51450ae',185,'RISK00242','Test CNNGA','ehshs','shsfdh',2,1,2,'fddddddddddddddđfffffffffffffffffffffffffffffffffffffffffffffffffffffffffffffffffffffffffffffffffffffnghgmhffffffffffffffffffffffffffffffffffnghgmhffffffffffffffffffffffffffffffffffnghgmhfffffffffffff','fddddddddddddddđfffffffffffffffffffffffffffffffffffffffffffffffffffffffffffffffffffffffffffffffffffffnghgmhffffffffffffffffffffffffffffffffffnghgmhffffffffffffffffffffffffffffffffffnghgmhfffffffffffff','fddddddddddddddđfffffffffffffffffffffffffffffffffffffffffffffffffffffffffffffffffffffffffffffffffffffnghgmhffffffffffffffffffffffffffffffffffnghgmhffffffffffffffffffffffffffffffffffnghgmhfffffffffffff',NULL,NULL,NULL,'2020-02-07 21:54:38','mhduong','2020-02-07 21:54:38','mhduong'),('d79e5266-5695-483e-aa18-190a1c28c06d',378,'RISK00233','N/A','N/A','N/A',2,1,2,'N/A','N/A','Hello this is a random message.','N/A','N/A','2021-01-06 07:58:28','2020-02-07 21:47:40','mhduong','2020-02-07 21:47:40','mhduong'),('e150bdcc-0dbb-462b-9b53-ffa753abb29f',2,'RISK00004','string','string','string',1,2,1,'string',NULL,'string','string','string','2020-01-10 08:44:44','2020-01-10 16:36:02','mhduong','2020-01-10 16:36:02','mhduong'),('e22ff1bd-0a4d-45e9-90eb-d14e361a4dfc',378,'RISK00162','aaaa','asa','asd',1,1,2,NULL,NULL,NULL,NULL,NULL,NULL,'2020-02-06 15:21:12','mhduong','2020-02-06 15:21:12','mhduong'),('e3696a34-7afa-4dfe-9b31-ff33b9de08fd',328,'RISK00180','N/A','N/A','N/A',2,1,2,'N/A','N/A','Hello this is a random message.','N/A','N/A','2021-01-06 07:58:28','2020-02-07 15:33:45','mhduong','2020-02-07 15:33:45','mhduong'),('e43a8384-a889-4e02-9f8b-677803c84d4f',2,'RISK00015','string','string','string',1,2,1,'string',NULL,'string','string','string','2020-01-10 08:44:44','2020-01-17 19:22:36','mhduong','2020-01-17 19:22:36','mhduong'),('e6007c8b-b222-4c71-8399-5c54a8d1cfee',352,'RISK00163','test','test','test',1,1,2,NULL,NULL,NULL,NULL,NULL,NULL,'2020-02-06 20:50:04','mhduong','2020-02-06 20:50:04','mhduong'),('e99049cb-8d54-4d19-8069-65c408a25883',630,'RISK00029','N/A','N/A','N/A',2,1,2,'N/A','N/A','Hello this is a random message.','N/A','N/A','2021-01-06 07:58:28','2020-01-17 19:43:40','mhduong','2020-01-17 19:43:40','mhduong'),('eb24d13f-7fd1-4c08-9710-a932e53dc947',508,'RISK00222','demo 1','demo','demo',2,1,1,'asd',NULL,'sda','sd','sda','2020-01-22 14:36:41','2020-02-07 21:32:57','mhduong','2020-02-07 21:32:57','mhduong'),('ee29f529-0330-4ee9-99ee-74bbabf579ef',328,'RISK00153','string','string','string',1,3,1,'string',NULL,'string','string','string','2020-01-10 08:44:44','2020-01-20 13:46:01','mhduong','2020-02-07 15:25:35','mhduong'),('ef1747ce-495a-4020-adb9-957962a4b682',968,'RISK00275','àgeg','rgrgrg','rgrgrg',2,2,2,'g','','','','y',NULL,'2020-02-10 22:36:01','mhduong','2020-02-10 22:36:01','mhduong'),('f346cc94-cffd-45e6-a81d-1ee6405ec70b',630,'RISK00037','string','string','string',1,2,1,'string',NULL,'string','string','string','2020-01-10 08:44:44','2020-01-17 19:43:58','mhduong','2020-01-17 19:43:58','mhduong'),('f45d4694-409b-4b21-85ed-8225b5bcc414',20,'RISK00257','Test','sad','asd',1,2,1,NULL,NULL,' ndnrn',' tfnsfnsn',' rtnrtnrnrn','2020-02-11 15:18:32','2020-02-10 16:35:51','mhduong','2020-02-10 16:35:51','mhduong'),('f4b42580-9eff-4339-a50d-97d752d5bace',326,'RISK00150','string','string','string',3,3,1,'string',NULL,'string','string','string','2020-01-10 08:44:44','2020-01-17 22:31:56','mhduong','2020-02-07 15:32:09','mhduong'),('f6d2ed71-42f4-4005-8bd0-c759efb263d2',333,'RISK00199','Test','sad','asd',1,2,1,NULL,NULL,' ndnrn',' tfnsfnsn',' rtnrtnrnrn','2020-02-11 15:18:32','2020-02-07 20:37:20','mhduong','2020-02-07 20:38:19','mhduong'),('f6d6107d-d2ee-484f-a355-e4f82bf83b11',377,'RISK00229','demo 1','demo','demo',2,1,1,'asd',NULL,'sda','sd','sda','2020-01-22 14:36:41','2020-02-07 21:42:25','mhduong','2020-02-07 21:42:25','mhduong'),('f8628945-dea7-42bf-ba27-b5fcc52cf1b3',333,'RISK00232','test123','test','test',3,2,1,'test','test','test','test','test','2020-01-21 13:54:19','2020-02-07 21:44:57','mhduong','2020-02-07 21:44:57','mhduong'),('f8bff468-5a21-4aa6-8f76-c13505cdcfd7',630,'RISK00018','string','string','string',1,2,1,'string',NULL,'string','string','string','2020-01-10 08:44:44','2020-01-17 19:37:20','mhduong','2020-01-17 19:37:20','mhduong'),('f9a06c11-e8e8-44da-ae21-3e479ba57a03',630,'RISK00022','This is Thread','hang de vo','ko co mo ta',1,1,1,NULL,'N/A','No action',NULL,NULL,'2020-01-10 12:11:52','2020-01-17 19:43:40','mhduong','2020-01-17 19:43:40','mhduong'),('fa78fbb3-6eaa-4d74-8a53-7c6e00b4f85e',630,'RISK00033','string','string','string',1,2,1,'string',NULL,'string','string','string','2020-01-10 08:44:44','2020-01-17 19:43:40','mhduong','2020-01-17 19:43:40','mhduong'),('fc014979-ed1b-4a44-9188-84bb2d3feb82',630,'RISK00036','This is Thread','hang de vo','ko co mo ta',1,1,1,NULL,'N/A','No action',NULL,NULL,'2020-01-10 12:11:52','2020-01-17 19:43:40','mhduong','2020-01-17 19:43:40','mhduong'),('fd46c963-1711-462e-bc0f-5a5a139d3ced',349,'RISK00265','test123','test','test',3,2,1,'test','test','test','test','test','2020-01-21 13:54:19','2020-02-10 20:12:44','mhduong','2020-02-10 20:12:44','mhduong'),('fd9ec3b5-7e44-43d4-988b-97b3b75a4c61',328,'RISK00263','N/A','N/A','N/A',2,1,2,'N/A','N/A','Hello this is a random message.','N/A','N/A','2021-01-06 07:58:28','2020-02-10 16:43:19','mhduong','2020-02-10 16:43:19','mhduong');
/*!40000 ALTER TABLE `Risk_Detail` ENABLE KEYS */;
UNLOCK TABLES;

--
-- Table structure for table `Risk_General`
--

DROP TABLE IF EXISTS `Risk_General`;
/*!40101 SET @saved_cs_client     = @@character_set_client */;
/*!50503 SET character_set_client = utf8mb4 */;
CREATE TABLE `Risk_General` (
  `asset_id` int(11) NOT NULL,
  `asset_category` varchar(100) NOT NULL,
  `risk_status` int(11) NOT NULL,
  `created_date` timestamp NULL DEFAULT NULL,
  `created_user` varchar(45) DEFAULT NULL,
  `updated_date` timestamp NULL DEFAULT NULL,
  `updated_user` varchar(45) DEFAULT NULL,
  PRIMARY KEY (`asset_id`)
) ENGINE=InnoDB DEFAULT CHARSET=utf8mb4 COLLATE=utf8mb4_0900_ai_ci;
/*!40101 SET character_set_client = @saved_cs_client */;

--
-- Dumping data for table `Risk_General`
--

LOCK TABLES `Risk_General` WRITE;
/*!40000 ALTER TABLE `Risk_General` DISABLE KEYS */;
INSERT INTO `Risk_General` VALUES (1,'Camera',2,'2020-01-03 21:06:37','tqvinh','2020-01-03 21:06:37','tqvinh'),(2,'Camera',4,'2020-01-03 21:06:37','tqvinh','2020-01-03 21:06:37','tqvinh'),(3,'Bảng từ',6,'2020-01-03 21:06:37','tqvinh','2020-01-03 21:06:37','tqvinh'),(4,'Bảng từ',7,'2020-01-03 21:06:37','tqvinh','2020-01-03 21:06:37','tqvinh'),(5,'Bảng từ',2,'2020-01-03 21:06:37','tqvinh','2020-01-03 21:06:37','tqvinh'),(6,'Bảng từ',7,'2020-01-03 21:06:37','tqvinh','2020-01-03 21:06:37','tqvinh'),(7,'Bảng từ',7,'2020-01-03 21:06:37','tqvinh','2020-01-03 21:06:37','tqvinh'),(8,'Bảng từ',7,'2020-01-03 21:06:37','tqvinh','2020-01-03 21:06:37','tqvinh'),(9,'Bảng từ',1,'2020-01-03 21:06:37','tqvinh','2020-01-03 21:06:37','tqvinh'),(10,'Máy đếm $$$',1,'2020-01-03 21:06:37','tqvinh','2020-01-03 21:06:37','tqvinh'),(11,'Két sắt',1,'2020-01-03 21:06:37','tqvinh','2020-01-03 21:06:37','tqvinh'),(12,'Két sắt',1,'2020-01-03 21:06:37','tqvinh','2020-01-03 21:06:37','tqvinh'),(13,'Laptop',1,'2020-01-03 21:06:37','tqvinh','2020-01-03 21:06:37','tqvinh'),(14,'Laptop',1,'2020-01-03 21:06:37','tqvinh','2020-01-03 21:06:37','tqvinh'),(15,'Laptop',1,'2020-01-03 21:06:37','tqvinh','2020-01-03 21:06:37','tqvinh'),(16,'Laptop',1,'2020-01-03 21:06:37','tqvinh','2020-01-03 21:06:37','tqvinh'),(17,'Laptop',1,'2020-01-03 21:06:37','tqvinh','2020-01-03 21:06:37','tqvinh'),(18,'Laptop',1,'2020-01-03 21:06:37','tqvinh','2020-01-03 21:06:37','tqvinh'),(19,'Laptop',1,'2020-01-03 21:06:37','tqvinh','2020-01-03 21:06:37','tqvinh'),(20,'Laptop',1,'2020-01-03 21:06:37','tqvinh','2020-01-03 21:06:37','tqvinh'),(21,'Laptop',1,'2020-01-03 21:06:37','tqvinh','2020-01-03 21:06:37','tqvinh'),(22,'Laptop',1,'2020-01-03 21:06:37','tqvinh','2020-01-03 21:06:37','tqvinh'),(23,'Laptop',1,'2020-01-03 21:06:37','tqvinh','2020-01-03 21:06:37','tqvinh'),(24,'Laptop',1,'2020-01-03 21:06:37','tqvinh','2020-01-03 21:06:37','tqvinh'),(25,'Laptop',1,'2020-01-03 21:06:37','tqvinh','2020-01-03 21:06:37','tqvinh'),(26,'Laptop',1,'2020-01-03 21:06:37','tqvinh','2020-01-03 21:06:37','tqvinh'),(27,'Laptop',1,'2020-01-03 21:06:37','tqvinh','2020-01-03 21:06:37','tqvinh'),(28,'Laptop',1,'2020-01-03 21:06:37','tqvinh','2020-01-03 21:06:37','tqvinh'),(29,'Laptop',1,'2020-01-03 21:06:37','tqvinh','2020-01-03 21:06:37','tqvinh'),(30,'Laptop',1,'2020-01-03 21:06:37','tqvinh','2020-01-03 21:06:37','tqvinh'),(31,'Laptop',1,'2020-01-03 21:06:37','tqvinh','2020-01-03 21:06:37','tqvinh'),(32,'Laptop',1,'2020-01-03 21:06:37','tqvinh','2020-01-03 21:06:37','tqvinh'),(33,'Laptop',1,'2020-01-03 21:06:37','tqvinh','2020-01-03 21:06:37','tqvinh'),(34,'Laptop',1,'2020-01-03 21:06:37','tqvinh','2020-01-03 21:06:37','tqvinh'),(35,'Laptop',1,'2020-01-03 21:06:37','tqvinh','2020-01-03 21:06:37','tqvinh'),(36,'Laptop',1,'2020-01-03 21:06:37','tqvinh','2020-01-03 21:06:37','tqvinh'),(37,'Laptop',1,'2020-01-03 21:06:37','tqvinh','2020-01-03 21:06:37','tqvinh'),(38,'Laptop',1,'2020-01-03 21:06:37','tqvinh','2020-01-03 21:06:37','tqvinh'),(39,'Laptop',1,'2020-01-03 21:06:37','tqvinh','2020-01-03 21:06:37','tqvinh'),(40,'Linh Kiện',1,'2020-01-03 21:06:37','tqvinh','2020-01-03 21:06:37','tqvinh'),(41,'Laptop',1,'2020-01-03 21:06:37','tqvinh','2020-01-03 21:06:37','tqvinh'),(42,'Laptop',1,'2020-01-03 21:06:37','tqvinh','2020-01-03 21:06:37','tqvinh'),(43,'Laptop',1,'2020-01-03 21:06:37','tqvinh','2020-01-03 21:06:37','tqvinh'),(44,'Laptop',1,'2020-01-03 21:06:37','tqvinh','2020-01-03 21:06:37','tqvinh'),(45,'Laptop',1,'2020-01-03 21:06:37','tqvinh','2020-01-03 21:06:37','tqvinh'),(46,'Laptop',1,'2020-01-03 21:06:37','tqvinh','2020-01-03 21:06:37','tqvinh'),(47,'Laptop',1,'2020-01-03 21:06:37','tqvinh','2020-01-03 21:06:37','tqvinh'),(48,'Laptop',1,'2020-01-03 21:06:37','tqvinh','2020-01-03 21:06:37','tqvinh'),(49,'Laptop',1,'2020-01-03 21:06:37','tqvinh','2020-01-03 21:06:37','tqvinh'),(50,'Laptop',1,'2020-01-03 21:06:37','tqvinh','2020-01-03 21:06:37','tqvinh'),(51,'Laptop',1,'2020-01-03 21:06:37','tqvinh','2020-01-03 21:06:37','tqvinh'),(52,'Laptop',1,'2020-01-03 21:06:37','tqvinh','2020-01-03 21:06:37','tqvinh'),(53,'Laptop',1,'2020-01-03 21:06:37','tqvinh','2020-01-03 21:06:37','tqvinh'),(54,'Laptop',1,'2020-01-03 21:06:37','tqvinh','2020-01-03 21:06:37','tqvinh'),(55,'Laptop',1,'2020-01-03 21:06:37','tqvinh','2020-01-03 21:06:37','tqvinh'),(56,'Laptop',1,'2020-01-03 21:06:37','tqvinh','2020-01-03 21:06:37','tqvinh'),(57,'Laptop',1,'2020-01-03 21:06:37','tqvinh','2020-01-03 21:06:37','tqvinh'),(58,'Laptop',1,'2020-01-03 21:06:37','tqvinh','2020-01-03 21:06:37','tqvinh'),(59,'Laptop',1,'2020-01-03 21:06:37','tqvinh','2020-01-03 21:06:37','tqvinh'),(60,'Laptop',1,'2020-01-03 21:06:37','tqvinh','2020-01-03 21:06:37','tqvinh'),(61,'Laptop',1,'2020-01-03 21:06:37','tqvinh','2020-01-03 21:06:37','tqvinh'),(62,'Laptop',1,'2020-01-03 21:06:37','tqvinh','2020-01-03 21:06:37','tqvinh'),(63,'Laptop',1,'2020-01-03 21:06:37','tqvinh','2020-01-03 21:06:37','tqvinh'),(64,'Laptop',1,'2020-01-03 21:06:37','tqvinh','2020-01-03 21:06:37','tqvinh'),(65,'Laptop',1,'2020-01-03 21:06:37','tqvinh','2020-01-03 21:06:37','tqvinh'),(66,'Laptop',1,'2020-01-03 21:06:37','tqvinh','2020-01-03 21:06:37','tqvinh'),(67,'Laptop',1,'2020-01-03 21:06:37','tqvinh','2020-01-03 21:06:37','tqvinh'),(68,'Laptop',1,'2020-01-03 21:06:37','tqvinh','2020-01-03 21:06:37','tqvinh'),(69,'Laptop',1,'2020-01-03 21:06:37','tqvinh','2020-01-03 21:06:37','tqvinh'),(70,'Laptop',1,'2020-01-03 21:06:37','tqvinh','2020-01-03 21:06:37','tqvinh'),(71,'Laptop',1,'2020-01-03 21:06:37','tqvinh','2020-01-03 21:06:37','tqvinh'),(72,'Laptop',1,'2020-01-03 21:06:37','tqvinh','2020-01-03 21:06:37','tqvinh'),(73,'Laptop',1,'2020-01-03 21:06:37','tqvinh','2020-01-03 21:06:37','tqvinh'),(74,'Laptop',1,'2020-01-03 21:06:37','tqvinh','2020-01-03 21:06:37','tqvinh'),(75,'Laptop',1,'2020-01-03 21:06:37','tqvinh','2020-01-03 21:06:37','tqvinh'),(76,'Laptop',1,'2020-01-03 21:06:37','tqvinh','2020-01-03 21:06:37','tqvinh'),(77,'Laptop',1,'2020-01-03 21:06:37','tqvinh','2020-01-03 21:06:37','tqvinh'),(78,'Laptop',1,'2020-01-03 21:06:37','tqvinh','2020-01-03 21:06:37','tqvinh'),(79,'Laptop',1,'2020-01-03 21:06:37','tqvinh','2020-01-03 21:06:37','tqvinh'),(80,'Laptop',1,'2020-01-03 21:06:37','tqvinh','2020-01-03 21:06:37','tqvinh'),(81,'Laptop',1,'2020-01-03 21:06:37','tqvinh','2020-01-03 21:06:37','tqvinh'),(82,'Cây nước nóng lạnh',1,'2020-01-03 21:06:37','tqvinh','2020-01-03 21:06:37','tqvinh'),(83,'Laptop',1,'2020-01-03 21:06:37','tqvinh','2020-01-03 21:06:37','tqvinh'),(84,'Laptop',1,'2020-01-03 21:06:37','tqvinh','2020-01-03 21:06:37','tqvinh'),(85,'Laptop',1,'2020-01-03 21:06:37','tqvinh','2020-01-03 21:06:37','tqvinh'),(86,'Laptop',1,'2020-01-03 21:06:37','tqvinh','2020-01-03 21:06:37','tqvinh'),(87,'Laptop',1,'2020-01-03 21:06:37','tqvinh','2020-01-03 21:06:37','tqvinh'),(88,'Laptop',1,'2020-01-03 21:06:37','tqvinh','2020-01-03 21:06:37','tqvinh'),(89,'Laptop',1,'2020-01-03 21:06:37','tqvinh','2020-01-03 21:06:37','tqvinh'),(90,'Laptop',1,'2020-01-03 21:06:37','tqvinh','2020-01-03 21:06:37','tqvinh'),(91,'Laptop',1,'2020-01-03 21:06:37','tqvinh','2020-01-03 21:06:37','tqvinh'),(92,'Laptop',1,'2020-01-03 21:06:37','tqvinh','2020-01-03 21:06:37','tqvinh'),(93,'Laptop',1,'2020-01-03 21:06:37','tqvinh','2020-01-03 21:06:37','tqvinh'),(94,'Laptop',1,'2020-01-03 21:06:37','tqvinh','2020-01-03 21:06:37','tqvinh'),(95,'Laptop',1,'2020-01-03 21:06:37','tqvinh','2020-01-03 21:06:37','tqvinh'),(96,'Laptop',1,'2020-01-03 21:06:37','tqvinh','2020-01-03 21:06:37','tqvinh'),(97,'Laptop',1,'2020-01-03 21:06:37','tqvinh','2020-01-03 21:06:37','tqvinh'),(98,'Laptop',1,'2020-01-03 21:06:37','tqvinh','2020-01-03 21:06:37','tqvinh'),(99,'Laptop',1,'2020-01-03 21:06:37','tqvinh','2020-01-03 21:06:37','tqvinh'),(100,'Laptop',1,'2020-01-03 21:06:37','tqvinh','2020-01-03 21:06:37','tqvinh'),(101,'Laptop',1,'2020-01-03 21:06:37','tqvinh','2020-01-03 21:06:37','tqvinh'),(102,'Laptop',1,'2020-01-03 21:06:37','tqvinh','2020-01-03 21:06:37','tqvinh'),(103,'Laptop',1,'2020-01-03 21:06:37','tqvinh','2020-01-03 21:06:37','tqvinh'),(104,'Laptop',1,'2020-01-03 21:06:37','tqvinh','2020-01-03 21:06:37','tqvinh'),(105,'Laptop',1,'2020-01-03 21:06:37','tqvinh','2020-01-03 21:06:37','tqvinh'),(106,'Laptop',1,'2020-01-03 21:06:37','tqvinh','2020-01-03 21:06:37','tqvinh'),(107,'Laptop',1,'2020-01-03 21:06:37','tqvinh','2020-01-03 21:06:37','tqvinh'),(108,'Laptop',1,'2020-01-03 21:06:37','tqvinh','2020-01-03 21:06:37','tqvinh'),(109,'Laptop',1,'2020-01-03 21:06:37','tqvinh','2020-01-03 21:06:37','tqvinh'),(110,'Laptop',1,'2020-01-03 21:06:37','tqvinh','2020-01-03 21:06:37','tqvinh'),(111,'Laptop',1,'2020-01-03 21:06:37','tqvinh','2020-01-03 21:06:37','tqvinh'),(112,'Laptop',1,'2020-01-03 21:06:37','tqvinh','2020-01-03 21:06:37','tqvinh'),(113,'Laptop',1,'2020-01-03 21:06:37','tqvinh','2020-01-03 21:06:37','tqvinh'),(114,'Laptop',1,'2020-01-03 21:06:37','tqvinh','2020-01-03 21:06:37','tqvinh'),(115,'Laptop',1,'2020-01-03 21:06:37','tqvinh','2020-01-03 21:06:37','tqvinh'),(116,'Laptop',1,'2020-01-03 21:06:37','tqvinh','2020-01-03 21:06:37','tqvinh'),(117,'Laptop',1,'2020-01-03 21:06:37','tqvinh','2020-01-03 21:06:37','tqvinh'),(118,'Laptop',1,'2020-01-03 21:06:37','tqvinh','2020-01-03 21:06:37','tqvinh'),(119,'Laptop',1,'2020-01-03 21:06:37','tqvinh','2020-01-03 21:06:37','tqvinh'),(120,'Laptop',1,'2020-01-03 21:06:37','tqvinh','2020-01-03 21:06:37','tqvinh'),(121,'Laptop',1,'2020-01-03 21:06:37','tqvinh','2020-01-03 21:06:37','tqvinh'),(122,'Laptop',1,'2020-01-03 21:06:37','tqvinh','2020-01-03 21:06:37','tqvinh'),(123,'Laptop',1,'2020-01-03 21:06:37','tqvinh','2020-01-03 21:06:37','tqvinh'),(124,'Laptop',1,'2020-01-03 21:06:37','tqvinh','2020-01-03 21:06:37','tqvinh'),(125,'Laptop',1,'2020-01-03 21:06:37','tqvinh','2020-01-03 21:06:37','tqvinh'),(126,'Laptop',1,'2020-01-03 21:06:37','tqvinh','2020-01-03 21:06:37','tqvinh'),(127,'Laptop',1,'2020-01-03 21:06:37','tqvinh','2020-01-03 21:06:37','tqvinh'),(128,'Laptop',1,'2020-01-03 21:06:37','tqvinh','2020-01-03 21:06:37','tqvinh'),(129,'Laptop',1,'2020-01-03 21:06:37','tqvinh','2020-01-03 21:06:37','tqvinh'),(130,'Laptop',1,'2020-01-03 21:06:37','tqvinh','2020-01-03 21:06:37','tqvinh'),(131,'Laptop',1,'2020-01-03 21:06:37','tqvinh','2020-01-03 21:06:37','tqvinh'),(132,'Laptop',1,'2020-01-03 21:06:37','tqvinh','2020-01-03 21:06:37','tqvinh'),(133,'Laptop',1,'2020-01-03 21:06:37','tqvinh','2020-01-03 21:06:37','tqvinh'),(134,'Laptop',1,'2020-01-03 21:06:37','tqvinh','2020-01-03 21:06:37','tqvinh'),(135,'Laptop',1,'2020-01-03 21:06:37','tqvinh','2020-01-03 21:06:37','tqvinh'),(136,'Laptop',1,'2020-01-03 21:06:37','tqvinh','2020-01-03 21:06:37','tqvinh'),(137,'Laptop',1,'2020-01-03 21:06:37','tqvinh','2020-01-03 21:06:37','tqvinh'),(138,'Loa',1,'2020-01-03 21:06:37','tqvinh','2020-01-03 21:06:37','tqvinh'),(139,'Máy hủy tài liệu',1,'2020-01-03 21:06:37','tqvinh','2020-01-03 21:06:37','tqvinh'),(140,'Máy hủy tài liệu',1,'2020-01-03 21:06:37','tqvinh','2020-01-03 21:06:37','tqvinh'),(141,'Thiết bị test',1,'2020-01-03 21:06:37','tqvinh','2020-01-03 21:06:37','tqvinh'),(142,'Thiết bị test',1,'2020-01-03 21:06:37','tqvinh','2020-01-03 21:06:37','tqvinh'),(143,'Thiết bị test',1,'2020-01-03 21:06:37','tqvinh','2020-01-03 21:06:37','tqvinh'),(144,'Thiết bị test',1,'2020-01-03 21:06:37','tqvinh','2020-01-03 21:06:37','tqvinh'),(145,'Thiết bị test',1,'2020-01-03 21:06:37','tqvinh','2020-01-03 21:06:37','tqvinh'),(146,'Thiết bị test',1,'2020-01-03 21:06:37','tqvinh','2020-01-03 21:06:37','tqvinh'),(147,'Thiết bị test',1,'2020-01-03 21:06:37','tqvinh','2020-01-03 21:06:37','tqvinh'),(148,'Thiết bị test',1,'2020-01-03 21:06:37','tqvinh','2020-01-03 21:06:37','tqvinh'),(149,'Thiết bị test',1,'2020-01-03 21:06:37','tqvinh','2020-01-03 21:06:37','tqvinh'),(150,'Loa',1,'2020-01-03 21:06:37','tqvinh','2020-01-03 21:06:37','tqvinh'),(151,'Thiết bị test',1,'2020-01-03 21:06:37','tqvinh','2020-01-03 21:06:37','tqvinh'),(152,'Thiết bị test',1,'2020-01-03 21:06:37','tqvinh','2020-01-03 21:06:37','tqvinh'),(153,'Thiết bị test',1,'2020-01-03 21:06:37','tqvinh','2020-01-03 21:06:37','tqvinh'),(154,'Thiết bị test',1,'2020-01-03 21:06:37','tqvinh','2020-01-03 21:06:37','tqvinh'),(155,'Thiết bị test',1,'2020-01-03 21:06:37','tqvinh','2020-01-03 21:06:37','tqvinh'),(156,'Thiết bị test',1,'2020-01-03 21:06:37','tqvinh','2020-01-03 21:06:37','tqvinh'),(157,'Thiết bị test',1,'2020-01-03 21:06:37','tqvinh','2020-01-03 21:06:37','tqvinh'),(158,'Thiết bị test',1,'2020-01-03 21:06:37','tqvinh','2020-01-03 21:06:37','tqvinh'),(159,'Thiết bị test',1,'2020-01-03 21:06:37','tqvinh','2020-01-03 21:06:37','tqvinh'),(160,'Thiết bị test',1,'2020-01-03 21:06:37','tqvinh','2020-01-03 21:06:37','tqvinh'),(161,'Thiết bị test',1,'2020-01-03 21:06:37','tqvinh','2020-01-03 21:06:37','tqvinh'),(162,'Modem',1,'2020-01-03 21:06:37','tqvinh','2020-01-03 21:06:37','tqvinh'),(163,'Modem',1,'2020-01-03 21:06:37','tqvinh','2020-01-03 21:06:37','tqvinh'),(164,'Modem',1,'2020-01-03 21:06:37','tqvinh','2020-01-03 21:06:37','tqvinh'),(165,'Màn hình',1,'2020-01-03 21:06:37','tqvinh','2020-01-03 21:06:37','tqvinh'),(166,'Màn hình',1,'2020-01-03 21:06:37','tqvinh','2020-01-03 21:06:37','tqvinh'),(167,'Màn hình',1,'2020-01-03 21:06:37','tqvinh','2020-01-03 21:06:37','tqvinh'),(168,'Màn hình',1,'2020-01-03 21:06:37','tqvinh','2020-01-03 21:06:37','tqvinh'),(169,'Màn hình',1,'2020-01-03 21:06:37','tqvinh','2020-01-03 21:06:37','tqvinh'),(170,'Màn hình',1,'2020-01-03 21:06:37','tqvinh','2020-01-03 21:06:37','tqvinh'),(171,'Màn hình',1,'2020-01-03 21:06:37','tqvinh','2020-01-03 21:06:37','tqvinh'),(172,'Màn hình',1,'2020-01-03 21:06:37','tqvinh','2020-01-03 21:06:37','tqvinh'),(173,'Màn hình',1,'2020-01-03 21:06:37','tqvinh','2020-01-03 21:06:37','tqvinh'),(174,'Màn hình',1,'2020-01-03 21:06:37','tqvinh','2020-01-03 21:06:37','tqvinh'),(175,'Màn hình',1,'2020-01-03 21:06:37','tqvinh','2020-01-03 21:06:37','tqvinh'),(176,'Màn hình',1,'2020-01-03 21:06:37','tqvinh','2020-01-03 21:06:37','tqvinh'),(177,'Màn hình',1,'2020-01-03 21:06:37','tqvinh','2020-01-03 21:06:37','tqvinh'),(178,'Màn hình',1,'2020-01-03 21:06:37','tqvinh','2020-01-03 21:06:37','tqvinh'),(179,'Màn hình',1,'2020-01-03 21:06:37','tqvinh','2020-01-03 21:06:37','tqvinh'),(180,'Màn hình',1,'2020-01-03 21:06:37','tqvinh','2020-01-03 21:06:37','tqvinh'),(181,'Màn hình',1,'2020-01-03 21:06:37','tqvinh','2020-01-03 21:06:37','tqvinh'),(182,'Màn hình',1,'2020-01-03 21:06:37','tqvinh','2020-01-03 21:06:37','tqvinh'),(183,'Màn hình',1,'2020-01-03 21:06:37','tqvinh','2020-01-03 21:06:37','tqvinh'),(184,'Màn hình',1,'2020-01-03 21:06:37','tqvinh','2020-01-03 21:06:37','tqvinh'),(185,'Màn hình',1,'2020-01-03 21:06:37','tqvinh','2020-01-03 21:06:37','tqvinh'),(186,'Màn hình',1,'2020-01-03 21:06:37','tqvinh','2020-01-03 21:06:37','tqvinh'),(187,'Màn hình',1,'2020-01-03 21:06:37','tqvinh','2020-01-03 21:06:37','tqvinh'),(188,'Màn hình',1,'2020-01-03 21:06:37','tqvinh','2020-01-03 21:06:37','tqvinh'),(189,'Màn hình',1,'2020-01-03 21:06:37','tqvinh','2020-01-03 21:06:37','tqvinh'),(190,'Màn hình',1,'2020-01-03 21:06:37','tqvinh','2020-01-03 21:06:37','tqvinh'),(191,'Màn hình',1,'2020-01-03 21:06:37','tqvinh','2020-01-03 21:06:37','tqvinh'),(192,'Màn hình',1,'2020-01-03 21:06:37','tqvinh','2020-01-03 21:06:37','tqvinh'),(193,'Màn hình',1,'2020-01-03 21:06:37','tqvinh','2020-01-03 21:06:37','tqvinh'),(194,'Màn hình',1,'2020-01-03 21:06:37','tqvinh','2020-01-03 21:06:37','tqvinh'),(195,'Màn hình',1,'2020-01-03 21:06:37','tqvinh','2020-01-03 21:06:37','tqvinh'),(196,'Màn hình',1,'2020-01-03 21:06:37','tqvinh','2020-01-03 21:06:37','tqvinh'),(197,'Màn hình',1,'2020-01-03 21:06:37','tqvinh','2020-01-03 21:06:37','tqvinh'),(198,'Màn hình',1,'2020-01-03 21:06:37','tqvinh','2020-01-03 21:06:37','tqvinh'),(199,'Màn hình',1,'2020-01-03 21:06:37','tqvinh','2020-01-03 21:06:37','tqvinh'),(200,'Màn hình',1,'2020-01-03 21:06:37','tqvinh','2020-01-03 21:06:37','tqvinh'),(201,'Màn hình',1,'2020-01-03 21:06:37','tqvinh','2020-01-03 21:06:37','tqvinh'),(202,'Màn hình',1,'2020-01-03 21:06:37','tqvinh','2020-01-03 21:06:37','tqvinh'),(203,'Màn hình',1,'2020-01-03 21:06:37','tqvinh','2020-01-03 21:06:37','tqvinh'),(204,'Màn hình',1,'2020-01-03 21:06:37','tqvinh','2020-01-03 21:06:37','tqvinh'),(205,'Màn hình',1,'2020-01-03 21:06:37','tqvinh','2020-01-03 21:06:37','tqvinh'),(206,'Màn hình',1,'2020-01-03 21:06:37','tqvinh','2020-01-03 21:06:37','tqvinh'),(207,'Màn hình',1,'2020-01-03 21:06:37','tqvinh','2020-01-03 21:06:37','tqvinh'),(208,'Màn hình',1,'2020-01-03 21:06:37','tqvinh','2020-01-03 21:06:37','tqvinh'),(209,'Màn hình',1,'2020-01-03 21:06:37','tqvinh','2020-01-03 21:06:37','tqvinh'),(210,'Màn hình',1,'2020-01-03 21:06:37','tqvinh','2020-01-03 21:06:37','tqvinh'),(211,'Màn hình',1,'2020-01-03 21:06:37','tqvinh','2020-01-03 21:06:37','tqvinh'),(212,'Màn hình',1,'2020-01-03 21:06:37','tqvinh','2020-01-03 21:06:37','tqvinh'),(213,'Màn hình',1,'2020-01-03 21:06:37','tqvinh','2020-01-03 21:06:37','tqvinh'),(214,'Màn hình',1,'2020-01-03 21:06:37','tqvinh','2020-01-03 21:06:37','tqvinh'),(215,'Màn hình',1,'2020-01-03 21:06:37','tqvinh','2020-01-03 21:06:37','tqvinh'),(216,'Màn hình',1,'2020-01-03 21:06:37','tqvinh','2020-01-03 21:06:37','tqvinh'),(217,'Màn hình',1,'2020-01-03 21:06:37','tqvinh','2020-01-03 21:06:37','tqvinh'),(218,'Màn hình',1,'2020-01-03 21:06:37','tqvinh','2020-01-03 21:06:37','tqvinh'),(219,'Màn hình',1,'2020-01-03 21:06:37','tqvinh','2020-01-03 21:06:37','tqvinh'),(220,'Màn hình',1,'2020-01-03 21:06:37','tqvinh','2020-01-03 21:06:37','tqvinh'),(221,'Màn hình',1,'2020-01-03 21:06:37','tqvinh','2020-01-03 21:06:37','tqvinh'),(222,'Màn hình',1,'2020-01-03 21:06:37','tqvinh','2020-01-03 21:06:37','tqvinh'),(223,'Màn hình',1,'2020-01-03 21:06:37','tqvinh','2020-01-03 21:06:37','tqvinh'),(224,'Màn hình',1,'2020-01-03 21:06:37','tqvinh','2020-01-03 21:06:37','tqvinh'),(225,'Màn hình',1,'2020-01-03 21:06:37','tqvinh','2020-01-03 21:06:37','tqvinh'),(226,'Màn hình',1,'2020-01-03 21:06:37','tqvinh','2020-01-03 21:06:37','tqvinh'),(227,'Màn hình',1,'2020-01-03 21:06:37','tqvinh','2020-01-03 21:06:37','tqvinh'),(228,'Màn hình',1,'2020-01-03 21:06:37','tqvinh','2020-01-03 21:06:37','tqvinh'),(229,'Màn hình',1,'2020-01-03 21:06:37','tqvinh','2020-01-03 21:06:37','tqvinh'),(230,'Màn hình',1,'2020-01-03 21:06:37','tqvinh','2020-01-03 21:06:37','tqvinh'),(231,'Màn hình',1,'2020-01-03 21:06:37','tqvinh','2020-01-03 21:06:37','tqvinh'),(232,'Màn hình',1,'2020-01-03 21:06:37','tqvinh','2020-01-03 21:06:37','tqvinh'),(233,'Màn hình',1,'2020-01-03 21:06:37','tqvinh','2020-01-03 21:06:37','tqvinh'),(234,'Màn hình',1,'2020-01-03 21:06:37','tqvinh','2020-01-03 21:06:37','tqvinh'),(235,'Màn hình',1,'2020-01-03 21:06:37','tqvinh','2020-01-03 21:06:37','tqvinh'),(236,'Màn hình',1,'2020-01-03 21:06:37','tqvinh','2020-01-03 21:06:37','tqvinh'),(237,'Màn hình',1,'2020-01-03 21:06:37','tqvinh','2020-01-03 21:06:37','tqvinh'),(238,'Màn hình',1,'2020-01-03 21:06:37','tqvinh','2020-01-03 21:06:37','tqvinh'),(239,'Màn hình',1,'2020-01-03 21:06:37','tqvinh','2020-01-03 21:06:37','tqvinh'),(240,'Màn hình',1,'2020-01-03 21:06:37','tqvinh','2020-01-03 21:06:37','tqvinh'),(241,'Màn hình',1,'2020-01-03 21:06:37','tqvinh','2020-01-03 21:06:37','tqvinh'),(242,'Màn hình',1,'2020-01-03 21:06:37','tqvinh','2020-01-03 21:06:37','tqvinh'),(243,'Màn hình',1,'2020-01-03 21:06:37','tqvinh','2020-01-03 21:06:37','tqvinh'),(244,'Màn hình',1,'2020-01-03 21:06:37','tqvinh','2020-01-03 21:06:37','tqvinh'),(245,'Màn hình',1,'2020-01-03 21:06:37','tqvinh','2020-01-03 21:06:37','tqvinh'),(246,'Màn hình',1,'2020-01-03 21:06:37','tqvinh','2020-01-03 21:06:37','tqvinh'),(247,'Màn hình',1,'2020-01-03 21:06:37','tqvinh','2020-01-03 21:06:37','tqvinh'),(248,'Màn hình',1,'2020-01-03 21:06:37','tqvinh','2020-01-03 21:06:37','tqvinh'),(249,'Màn hình',1,'2020-01-03 21:06:37','tqvinh','2020-01-03 21:06:37','tqvinh'),(250,'Màn hình',1,'2020-01-03 21:06:37','tqvinh','2020-01-03 21:06:37','tqvinh'),(251,'Màn hình',1,'2020-01-03 21:06:37','tqvinh','2020-01-03 21:06:37','tqvinh'),(252,'Màn hình',1,'2020-01-03 21:06:37','tqvinh','2020-01-03 21:06:37','tqvinh'),(253,'Màn hình',1,'2020-01-03 21:06:37','tqvinh','2020-01-03 21:06:37','tqvinh'),(254,'Màn hình',1,'2020-01-03 21:06:37','tqvinh','2020-01-03 21:06:37','tqvinh'),(255,'Màn hình',1,'2020-01-03 21:06:37','tqvinh','2020-01-03 21:06:37','tqvinh'),(256,'Màn hình',1,'2020-01-03 21:06:37','tqvinh','2020-01-03 21:06:37','tqvinh'),(257,'Màn hình',1,'2020-01-03 21:06:37','tqvinh','2020-01-03 21:06:37','tqvinh'),(258,'Màn hình',1,'2020-01-03 21:06:37','tqvinh','2020-01-03 21:06:37','tqvinh'),(259,'Màn hình',1,'2020-01-03 21:06:37','tqvinh','2020-01-03 21:06:37','tqvinh'),(260,'Màn hình',1,'2020-01-03 21:06:37','tqvinh','2020-01-03 21:06:37','tqvinh'),(261,'Màn hình',1,'2020-01-03 21:06:37','tqvinh','2020-01-03 21:06:37','tqvinh'),(262,'Màn hình',1,'2020-01-03 21:06:37','tqvinh','2020-01-03 21:06:37','tqvinh'),(263,'Màn hình',1,'2020-01-03 21:06:37','tqvinh','2020-01-03 21:06:37','tqvinh'),(264,'Màn hình',1,'2020-01-03 21:06:37','tqvinh','2020-01-03 21:06:37','tqvinh'),(265,'Màn hình',1,'2020-01-03 21:06:37','tqvinh','2020-01-03 21:06:37','tqvinh'),(266,'Màn hình',1,'2020-01-03 21:06:37','tqvinh','2020-01-03 21:06:37','tqvinh'),(267,'Màn hình',1,'2020-01-03 21:06:37','tqvinh','2020-01-03 21:06:37','tqvinh'),(268,'Màn hình',1,'2020-01-03 21:06:37','tqvinh','2020-01-03 21:06:37','tqvinh'),(269,'Màn hình',1,'2020-01-03 21:06:37','tqvinh','2020-01-03 21:06:37','tqvinh'),(270,'Màn hình',1,'2020-01-03 21:06:37','tqvinh','2020-01-03 21:06:37','tqvinh'),(271,'Màn hình',1,'2020-01-03 21:06:37','tqvinh','2020-01-03 21:06:37','tqvinh'),(272,'Màn hình',1,'2020-01-03 21:06:37','tqvinh','2020-01-03 21:06:37','tqvinh'),(273,'Màn hình',1,'2020-01-03 21:06:37','tqvinh','2020-01-03 21:06:37','tqvinh'),(274,'Màn hình',1,'2020-01-03 21:06:37','tqvinh','2020-01-03 21:06:37','tqvinh'),(275,'Màn hình',1,'2020-01-03 21:06:37','tqvinh','2020-01-03 21:06:37','tqvinh'),(276,'Màn hình',1,'2020-01-03 21:06:37','tqvinh','2020-01-03 21:06:37','tqvinh'),(277,'Màn hình',1,'2020-01-03 21:06:37','tqvinh','2020-01-03 21:06:37','tqvinh'),(278,'Màn hình',1,'2020-01-03 21:06:37','tqvinh','2020-01-03 21:06:37','tqvinh'),(279,'Màn hình',1,'2020-01-03 21:06:37','tqvinh','2020-01-03 21:06:37','tqvinh'),(280,'Màn hình',1,'2020-01-03 21:06:37','tqvinh','2020-01-03 21:06:37','tqvinh'),(281,'Màn hình',1,'2020-01-03 21:06:37','tqvinh','2020-01-03 21:06:37','tqvinh'),(282,'Màn hình',1,'2020-01-03 21:06:37','tqvinh','2020-01-03 21:06:37','tqvinh'),(283,'Màn hình',1,'2020-01-03 21:06:37','tqvinh','2020-01-03 21:06:37','tqvinh'),(284,'Màn hình',1,'2020-01-03 21:06:37','tqvinh','2020-01-03 21:06:37','tqvinh'),(285,'Màn hình',1,'2020-01-03 21:06:37','tqvinh','2020-01-03 21:06:37','tqvinh'),(286,'Màn hình',1,'2020-01-03 21:06:37','tqvinh','2020-01-03 21:06:37','tqvinh'),(287,'Màn hình',1,'2020-01-03 21:06:37','tqvinh','2020-01-03 21:06:37','tqvinh'),(288,'Màn hình',1,'2020-01-03 21:06:37','tqvinh','2020-01-03 21:06:37','tqvinh'),(289,'Màn hình',1,'2020-01-03 21:06:37','tqvinh','2020-01-03 21:06:37','tqvinh'),(290,'Màn hình',1,'2020-01-03 21:06:37','tqvinh','2020-01-03 21:06:37','tqvinh'),(291,'Màn hình',1,'2020-01-03 21:06:37','tqvinh','2020-01-03 21:06:37','tqvinh'),(292,'Màn hình',1,'2020-01-03 21:06:37','tqvinh','2020-01-03 21:06:37','tqvinh'),(293,'Màn hình',1,'2020-01-03 21:06:37','tqvinh','2020-01-03 21:06:37','tqvinh'),(294,'Màn hình',1,'2020-01-03 21:06:37','tqvinh','2020-01-03 21:06:37','tqvinh'),(295,'Màn hình',1,'2020-01-03 21:06:37','tqvinh','2020-01-03 21:06:37','tqvinh'),(296,'Màn hình',1,'2020-01-03 21:06:37','tqvinh','2020-01-03 21:06:37','tqvinh'),(297,'Màn hình',1,'2020-01-03 21:06:37','tqvinh','2020-01-03 21:06:37','tqvinh'),(298,'Màn hình',1,'2020-01-03 21:06:37','tqvinh','2020-01-03 21:06:37','tqvinh'),(299,'Màn hình',1,'2020-01-03 21:06:37','tqvinh','2020-01-03 21:06:37','tqvinh'),(300,'Màn hình',1,'2020-01-03 21:06:37','tqvinh','2020-01-03 21:06:37','tqvinh'),(301,'Màn hình',1,'2020-01-03 21:06:37','tqvinh','2020-01-03 21:06:37','tqvinh'),(302,'Màn hình',1,'2020-01-03 21:06:37','tqvinh','2020-01-03 21:06:37','tqvinh'),(303,'Màn hình',1,'2020-01-03 21:06:37','tqvinh','2020-01-03 21:06:37','tqvinh'),(304,'Màn hình',1,'2020-01-03 21:06:37','tqvinh','2020-01-03 21:06:37','tqvinh'),(305,'Màn hình',1,'2020-01-03 21:06:37','tqvinh','2020-01-03 21:06:37','tqvinh'),(306,'Màn hình',1,'2020-01-03 21:06:37','tqvinh','2020-01-03 21:06:37','tqvinh'),(307,'Màn hình',1,'2020-01-03 21:06:37','tqvinh','2020-01-03 21:06:37','tqvinh'),(308,'Màn hình',1,'2020-01-03 21:06:37','tqvinh','2020-01-03 21:06:37','tqvinh'),(309,'Màn hình',1,'2020-01-03 21:06:37','tqvinh','2020-01-03 21:06:37','tqvinh'),(310,'Màn hình',1,'2020-01-03 21:06:37','tqvinh','2020-01-03 21:06:37','tqvinh'),(311,'Màn hình',1,'2020-01-03 21:06:37','tqvinh','2020-01-03 21:06:37','tqvinh'),(312,'Màn hình',1,'2020-01-03 21:06:37','tqvinh','2020-01-03 21:06:37','tqvinh'),(313,'Màn hình',1,'2020-01-03 21:06:37','tqvinh','2020-01-03 21:06:37','tqvinh'),(314,'Màn hình',1,'2020-01-03 21:06:37','tqvinh','2020-01-03 21:06:37','tqvinh'),(315,'Màn hình',1,'2020-01-03 21:06:37','tqvinh','2020-01-03 21:06:37','tqvinh'),(316,'Màn hình',1,'2020-01-03 21:06:37','tqvinh','2020-01-03 21:06:37','tqvinh'),(317,'Màn hình',1,'2020-01-03 21:06:37','tqvinh','2020-01-03 21:06:37','tqvinh'),(318,'Màn hình',1,'2020-01-03 21:06:37','tqvinh','2020-01-03 21:06:37','tqvinh'),(319,'Màn hình',1,'2020-01-03 21:06:37','tqvinh','2020-01-03 21:06:37','tqvinh'),(320,'Màn hình',1,'2020-01-03 21:06:37','tqvinh','2020-01-03 21:06:37','tqvinh'),(321,'Màn hình',1,'2020-01-03 21:06:37','tqvinh','2020-01-03 21:06:37','tqvinh'),(322,'Màn hình',1,'2020-01-03 21:06:37','tqvinh','2020-01-03 21:06:37','tqvinh'),(323,'Màn hình',1,'2020-01-03 21:06:37','tqvinh','2020-01-03 21:06:37','tqvinh'),(324,'Laptop',1,'2020-01-03 21:06:37','tqvinh','2020-01-03 21:06:37','tqvinh'),(325,'NAS',1,'2020-01-03 21:06:37','tqvinh','2020-01-03 21:06:37','tqvinh'),(326,'Camera',4,'2020-01-03 21:06:37','tqvinh','2020-01-03 21:06:37','tqvinh'),(327,'Bảng từ',1,'2020-01-03 21:06:37','tqvinh','2020-01-03 21:06:37','tqvinh'),(328,'string',4,'2020-01-03 21:06:37','tqvinh','2020-01-03 21:06:37','tqvinh'),(329,'Máy hút bụi',1,'2020-01-03 21:06:37','tqvinh','2020-01-03 21:06:37','tqvinh'),(330,'Máy scan',1,'2020-01-03 21:06:37','tqvinh','2020-01-03 21:06:37','tqvinh'),(331,'Camera',7,'2020-01-03 21:06:37','tqvinh','2020-01-03 21:06:37','tqvinh'),(332,'Camera',3,'2020-01-03 21:06:37','tqvinh','2020-01-03 21:06:37','tqvinh'),(333,'PC',4,'2020-01-03 21:06:37','tqvinh','2020-01-03 21:06:37','tqvinh'),(334,'Camera',7,'2020-01-03 21:06:37','tqvinh','2020-01-03 21:06:37','tqvinh'),(335,'PC',4,'2020-01-03 21:06:37','tqvinh','2020-01-03 21:06:37','tqvinh'),(336,'Máy scan',1,'2020-01-03 21:06:37','tqvinh','2020-01-03 21:06:37','tqvinh'),(337,'PC',4,'2020-01-03 21:06:37','tqvinh','2020-01-03 21:06:37','tqvinh'),(338,'PC',4,'2020-01-03 21:06:37','tqvinh','2020-01-03 21:06:37','tqvinh'),(339,'PC',7,'2020-01-03 21:06:37','tqvinh','2020-01-03 21:06:37','tqvinh'),(340,'PC',1,'2020-01-03 21:06:37','tqvinh','2020-01-03 21:06:37','tqvinh'),(341,'PC',4,'2020-01-03 21:06:37','tqvinh','2020-01-03 21:06:37','tqvinh'),(342,'PC',3,'2020-01-03 21:06:37','tqvinh','2020-01-03 21:06:37','tqvinh'),(343,'PC',4,'2020-01-03 21:06:37','tqvinh','2020-01-03 21:06:37','tqvinh'),(344,'PC',3,'2020-01-03 21:06:37','tqvinh','2020-01-03 21:06:37','tqvinh'),(345,'PC',1,'2020-01-03 21:06:37','tqvinh','2020-01-03 21:06:37','tqvinh'),(346,'PC',1,'2020-01-03 21:06:37','tqvinh','2020-01-03 21:06:37','tqvinh'),(347,'PC',1,'2020-01-03 21:06:37','tqvinh','2020-01-03 21:06:37','tqvinh'),(348,'PC',1,'2020-01-03 21:06:37','tqvinh','2020-01-03 21:06:37','tqvinh'),(349,'Camera',3,'2020-01-03 21:06:37','tqvinh','2020-01-03 21:06:37','tqvinh'),(350,'PC',1,'2020-01-03 21:06:37','tqvinh','2020-01-03 21:06:37','tqvinh'),(351,'PC',1,'2020-01-03 21:06:37','tqvinh','2020-01-03 21:06:37','tqvinh'),(352,'PC',4,'2020-01-03 21:06:37','tqvinh','2020-01-03 21:06:37','tqvinh'),(353,'PC',1,'2020-01-03 21:06:37','tqvinh','2020-01-03 21:06:37','tqvinh'),(354,'PC',1,'2020-01-03 21:06:37','tqvinh','2020-01-03 21:06:37','tqvinh'),(355,'PC',1,'2020-01-03 21:06:37','tqvinh','2020-01-03 21:06:37','tqvinh'),(356,'PC',4,'2020-01-03 21:06:37','tqvinh','2020-01-03 21:06:37','tqvinh'),(357,'PC',1,'2020-01-03 21:06:37','tqvinh','2020-01-03 21:06:37','tqvinh'),(358,'PC',1,'2020-01-03 21:06:37','tqvinh','2020-01-03 21:06:37','tqvinh'),(359,'PC',4,'2020-01-03 21:06:37','tqvinh','2020-01-03 21:06:37','tqvinh'),(360,'PC',4,'2020-01-03 21:06:37','tqvinh','2020-01-03 21:06:37','tqvinh'),(361,'PC',1,'2020-01-03 21:06:37','tqvinh','2020-01-03 21:06:37','tqvinh'),(362,'PC',1,'2020-01-03 21:06:37','tqvinh','2020-01-03 21:06:37','tqvinh'),(363,'PC',1,'2020-01-03 21:06:37','tqvinh','2020-01-03 21:06:37','tqvinh'),(364,'PC',1,'2020-01-03 21:06:37','tqvinh','2020-01-03 21:06:37','tqvinh'),(365,'PC',1,'2020-01-03 21:06:37','tqvinh','2020-01-03 21:06:37','tqvinh'),(366,'PC',1,'2020-01-03 21:06:37','tqvinh','2020-01-03 21:06:37','tqvinh'),(367,'PC',1,'2020-01-03 21:06:37','tqvinh','2020-01-03 21:06:37','tqvinh'),(368,'PC',1,'2020-01-03 21:06:37','tqvinh','2020-01-03 21:06:37','tqvinh'),(369,'PC',1,'2020-01-03 21:06:37','tqvinh','2020-01-03 21:06:37','tqvinh'),(370,'PC',1,'2020-01-03 21:06:37','tqvinh','2020-01-03 21:06:37','tqvinh'),(371,'PC',1,'2020-01-03 21:06:37','tqvinh','2020-01-03 21:06:37','tqvinh'),(372,'PC',1,'2020-01-03 21:06:37','tqvinh','2020-01-03 21:06:37','tqvinh'),(373,'PC',1,'2020-01-03 21:06:37','tqvinh','2020-01-03 21:06:37','tqvinh'),(374,'PC',6,'2020-01-03 21:06:37','tqvinh','2020-01-03 21:06:37','tqvinh'),(375,'PC',1,'2020-01-03 21:06:37','tqvinh','2020-01-03 21:06:37','tqvinh'),(376,'Laptop',1,'2020-01-03 21:06:37','tqvinh','2020-01-03 21:06:37','tqvinh'),(377,'Laptop',1,'2020-01-03 21:06:37','tqvinh','2020-01-03 21:06:37','tqvinh'),(378,'PC',1,'2020-01-03 21:06:37','tqvinh','2020-01-03 21:06:37','tqvinh'),(379,'PC',1,'2020-01-03 21:06:37','tqvinh','2020-01-03 21:06:37','tqvinh'),(380,'PC',3,'2020-01-03 21:06:37','tqvinh','2020-01-03 21:06:37','tqvinh'),(381,'PC',1,'2020-01-03 21:06:37','tqvinh','2020-01-03 21:06:37','tqvinh'),(382,'PC',1,'2020-01-03 21:06:37','tqvinh','2020-01-03 21:06:37','tqvinh'),(383,'PC',1,'2020-01-03 21:06:37','tqvinh','2020-01-03 21:06:37','tqvinh'),(384,'PC',1,'2020-01-03 21:06:37','tqvinh','2020-01-03 21:06:37','tqvinh'),(385,'PC',1,'2020-01-03 21:06:37','tqvinh','2020-01-03 21:06:37','tqvinh'),(386,'PC',1,'2020-01-03 21:06:37','tqvinh','2020-01-03 21:06:37','tqvinh'),(387,'PC',1,'2020-01-03 21:06:37','tqvinh','2020-01-03 21:06:37','tqvinh'),(388,'PC',1,'2020-01-03 21:06:37','tqvinh','2020-01-03 21:06:37','tqvinh'),(389,'PC',1,'2020-01-03 21:06:37','tqvinh','2020-01-03 21:06:37','tqvinh'),(390,'PC',1,'2020-01-03 21:06:37','tqvinh','2020-01-03 21:06:37','tqvinh'),(391,'PC',1,'2020-01-03 21:06:37','tqvinh','2020-01-03 21:06:37','tqvinh'),(392,'PC',1,'2020-01-03 21:06:37','tqvinh','2020-01-03 21:06:37','tqvinh'),(393,'PC',1,'2020-01-03 21:06:37','tqvinh','2020-01-03 21:06:37','tqvinh'),(394,'PC',1,'2020-01-03 21:06:37','tqvinh','2020-01-03 21:06:37','tqvinh'),(395,'PC',1,'2020-01-03 21:06:37','tqvinh','2020-01-03 21:06:37','tqvinh'),(396,'PC',1,'2020-01-03 21:06:37','tqvinh','2020-01-03 21:06:37','tqvinh'),(397,'PC',1,'2020-01-03 21:06:37','tqvinh','2020-01-03 21:06:37','tqvinh'),(398,'PC',1,'2020-01-03 21:06:37','tqvinh','2020-01-03 21:06:37','tqvinh'),(399,'PC',1,'2020-01-03 21:06:37','tqvinh','2020-01-03 21:06:37','tqvinh'),(400,'PC',1,'2020-01-03 21:06:37','tqvinh','2020-01-03 21:06:37','tqvinh'),(401,'PC',1,'2020-01-03 21:06:37','tqvinh','2020-01-03 21:06:37','tqvinh'),(402,'PC',1,'2020-01-03 21:06:37','tqvinh','2020-01-03 21:06:37','tqvinh'),(403,'PC',1,'2020-01-03 21:06:37','tqvinh','2020-01-03 21:06:37','tqvinh'),(404,'PC',1,'2020-01-03 21:06:37','tqvinh','2020-01-03 21:06:37','tqvinh'),(405,'PC',1,'2020-01-03 21:06:37','tqvinh','2020-01-03 21:06:37','tqvinh'),(406,'PC',1,'2020-01-03 21:06:37','tqvinh','2020-01-03 21:06:37','tqvinh'),(407,'PC',1,'2020-01-03 21:06:37','tqvinh','2020-01-03 21:06:37','tqvinh'),(408,'PC',1,'2020-01-03 21:06:37','tqvinh','2020-01-03 21:06:37','tqvinh'),(409,'PC',1,'2020-01-03 21:06:37','tqvinh','2020-01-03 21:06:37','tqvinh'),(410,'PC',1,'2020-01-03 21:06:37','tqvinh','2020-01-03 21:06:37','tqvinh'),(411,'PC',1,'2020-01-03 21:06:37','tqvinh','2020-01-03 21:06:37','tqvinh'),(412,'PC',1,'2020-01-03 21:06:37','tqvinh','2020-01-03 21:06:37','tqvinh'),(413,'PC',1,'2020-01-03 21:06:37','tqvinh','2020-01-03 21:06:37','tqvinh'),(414,'PC',1,'2020-01-03 21:06:37','tqvinh','2020-01-03 21:06:37','tqvinh'),(415,'PC',1,'2020-01-03 21:06:37','tqvinh','2020-01-03 21:06:37','tqvinh'),(416,'PC',1,'2020-01-03 21:06:37','tqvinh','2020-01-03 21:06:37','tqvinh'),(417,'PC',1,'2020-01-03 21:06:37','tqvinh','2020-01-03 21:06:37','tqvinh'),(418,'PC',1,'2020-01-03 21:06:37','tqvinh','2020-01-03 21:06:37','tqvinh'),(419,'PC',1,'2020-01-03 21:06:37','tqvinh','2020-01-03 21:06:37','tqvinh'),(420,'PC',1,'2020-01-03 21:06:37','tqvinh','2020-01-03 21:06:37','tqvinh'),(421,'PC',1,'2020-01-03 21:06:37','tqvinh','2020-01-03 21:06:37','tqvinh'),(422,'PC',1,'2020-01-03 21:06:37','tqvinh','2020-01-03 21:06:37','tqvinh'),(423,'PC',1,'2020-01-03 21:06:37','tqvinh','2020-01-03 21:06:37','tqvinh'),(424,'PC',1,'2020-01-03 21:06:37','tqvinh','2020-01-03 21:06:37','tqvinh'),(425,'Bảng từ',1,'2020-01-03 21:06:37','tqvinh','2020-01-03 21:06:37','tqvinh'),(426,'PC',1,'2020-01-03 21:06:37','tqvinh','2020-01-03 21:06:37','tqvinh'),(427,'PC',1,'2020-01-03 21:06:37','tqvinh','2020-01-03 21:06:37','tqvinh'),(428,'PC',1,'2020-01-03 21:06:37','tqvinh','2020-01-03 21:06:37','tqvinh'),(429,'PC',1,'2020-01-03 21:06:37','tqvinh','2020-01-03 21:06:37','tqvinh'),(430,'PC',1,'2020-01-03 21:06:37','tqvinh','2020-01-03 21:06:37','tqvinh'),(431,'PC',1,'2020-01-03 21:06:37','tqvinh','2020-01-03 21:06:37','tqvinh'),(432,'PC',1,'2020-01-03 21:06:37','tqvinh','2020-01-03 21:06:37','tqvinh'),(433,'PC',1,'2020-01-03 21:06:37','tqvinh','2020-01-03 21:06:37','tqvinh'),(434,'PC',1,'2020-01-03 21:06:37','tqvinh','2020-01-03 21:06:37','tqvinh'),(435,'PC',1,'2020-01-03 21:06:37','tqvinh','2020-01-03 21:06:37','tqvinh'),(436,'PC',1,'2020-01-03 21:06:37','tqvinh','2020-01-03 21:06:37','tqvinh'),(437,'PC',1,'2020-01-03 21:06:37','tqvinh','2020-01-03 21:06:37','tqvinh'),(438,'PC',1,'2020-01-03 21:06:37','tqvinh','2020-01-03 21:06:37','tqvinh'),(439,'PC',1,'2020-01-03 21:06:37','tqvinh','2020-01-03 21:06:37','tqvinh'),(440,'PC',1,'2020-01-03 21:06:37','tqvinh','2020-01-03 21:06:37','tqvinh'),(441,'PC',1,'2020-01-03 21:06:37','tqvinh','2020-01-03 21:06:37','tqvinh'),(442,'PC',1,'2020-01-03 21:06:37','tqvinh','2020-01-03 21:06:37','tqvinh'),(443,'PC',1,'2020-01-03 21:06:37','tqvinh','2020-01-03 21:06:37','tqvinh'),(444,'PC',1,'2020-01-03 21:06:37','tqvinh','2020-01-03 21:06:37','tqvinh'),(445,'PC',1,'2020-01-03 21:06:37','tqvinh','2020-01-03 21:06:37','tqvinh'),(446,'PC',1,'2020-01-03 21:06:37','tqvinh','2020-01-03 21:06:37','tqvinh'),(447,'PC',1,'2020-01-03 21:06:37','tqvinh','2020-01-03 21:06:37','tqvinh'),(448,'PC',1,'2020-01-03 21:06:37','tqvinh','2020-01-03 21:06:37','tqvinh'),(449,'PC',1,'2020-01-03 21:06:37','tqvinh','2020-01-03 21:06:37','tqvinh'),(450,'PC',1,'2020-01-03 21:06:37','tqvinh','2020-01-03 21:06:37','tqvinh'),(451,'PC',1,'2020-01-03 21:06:37','tqvinh','2020-01-03 21:06:37','tqvinh'),(452,'Máy in',1,'2020-01-03 21:06:37','tqvinh','2020-01-03 21:06:37','tqvinh'),(453,'Máy in',1,'2020-01-03 21:06:37','tqvinh','2020-01-03 21:06:37','tqvinh'),(454,'Máy in',1,'2020-01-03 21:06:37','tqvinh','2020-01-03 21:06:37','tqvinh'),(455,'Máy in',1,'2020-01-03 21:06:37','tqvinh','2020-01-03 21:06:37','tqvinh'),(456,'Máy in',1,'2020-01-03 21:06:37','tqvinh','2020-01-03 21:06:37','tqvinh'),(457,'Máy in',1,'2020-01-03 21:06:37','tqvinh','2020-01-03 21:06:37','tqvinh'),(458,'Quạt',1,'2020-01-03 21:06:37','tqvinh','2020-01-03 21:06:37','tqvinh'),(459,'Tủ mạng',1,'2020-01-03 21:06:37','tqvinh','2020-01-03 21:06:37','tqvinh'),(460,'Tủ mạng',1,'2020-01-03 21:06:37','tqvinh','2020-01-03 21:06:37','tqvinh'),(461,'Tủ mạng',1,'2020-01-03 21:06:37','tqvinh','2020-01-03 21:06:37','tqvinh'),(462,'Máy scan',1,'2020-01-03 21:06:37','tqvinh','2020-01-03 21:06:37','tqvinh'),(463,'Máy scan',1,'2020-01-03 21:06:37','tqvinh','2020-01-03 21:06:37','tqvinh'),(464,'Switch',1,'2020-01-03 21:06:37','tqvinh','2020-01-03 21:06:37','tqvinh'),(465,'Switch',1,'2020-01-03 21:06:37','tqvinh','2020-01-03 21:06:37','tqvinh'),(466,'Switch',1,'2020-01-03 21:06:37','tqvinh','2020-01-03 21:06:37','tqvinh'),(467,'Switch',1,'2020-01-03 21:06:37','tqvinh','2020-01-03 21:06:37','tqvinh'),(468,'Switch',1,'2020-01-03 21:06:37','tqvinh','2020-01-03 21:06:37','tqvinh'),(469,'Switch',1,'2020-01-03 21:06:37','tqvinh','2020-01-03 21:06:37','tqvinh'),(470,'Switch',1,'2020-01-03 21:06:37','tqvinh','2020-01-03 21:06:37','tqvinh'),(471,'Switch',1,'2020-01-03 21:06:37','tqvinh','2020-01-03 21:06:37','tqvinh'),(472,'Switch',1,'2020-01-03 21:06:37','tqvinh','2020-01-03 21:06:37','tqvinh'),(473,'Switch',1,'2020-01-03 21:06:37','tqvinh','2020-01-03 21:06:37','tqvinh'),(474,'Switch',1,'2020-01-03 21:06:37','tqvinh','2020-01-03 21:06:37','tqvinh'),(475,'Switch',1,'2020-01-03 21:06:37','tqvinh','2020-01-03 21:06:37','tqvinh'),(476,'Switch',1,'2020-01-03 21:06:37','tqvinh','2020-01-03 21:06:37','tqvinh'),(477,'Switch',1,'2020-01-03 21:06:37','tqvinh','2020-01-03 21:06:37','tqvinh'),(478,'Switch',1,'2020-01-03 21:06:37','tqvinh','2020-01-03 21:06:37','tqvinh'),(479,'Switch',1,'2020-01-03 21:06:37','tqvinh','2020-01-03 21:06:37','tqvinh'),(480,'Switch',1,'2020-01-03 21:06:37','tqvinh','2020-01-03 21:06:37','tqvinh'),(481,'Switch',1,'2020-01-03 21:06:37','tqvinh','2020-01-03 21:06:37','tqvinh'),(482,'Switch',1,'2020-01-03 21:06:37','tqvinh','2020-01-03 21:06:37','tqvinh'),(483,'Switch',1,'2020-01-03 21:06:37','tqvinh','2020-01-03 21:06:37','tqvinh'),(484,'Switch',1,'2020-01-03 21:06:37','tqvinh','2020-01-03 21:06:37','tqvinh'),(485,'Switch',1,'2020-01-03 21:06:37','tqvinh','2020-01-03 21:06:37','tqvinh'),(486,'Switch',1,'2020-01-03 21:06:37','tqvinh','2020-01-03 21:06:37','tqvinh'),(487,'Switch',1,'2020-01-03 21:06:37','tqvinh','2020-01-03 21:06:37','tqvinh'),(488,'Điện thoại bàn',1,'2020-01-03 21:06:37','tqvinh','2020-01-03 21:06:37','tqvinh'),(489,'Điện thoại bàn',1,'2020-01-03 21:06:37','tqvinh','2020-01-03 21:06:37','tqvinh'),(490,'Điện thoại bàn',1,'2020-01-03 21:06:37','tqvinh','2020-01-03 21:06:37','tqvinh'),(491,'Điện thoại bàn',1,'2020-01-03 21:06:37','tqvinh','2020-01-03 21:06:37','tqvinh'),(492,'Điện thoại bàn',1,'2020-01-03 21:06:37','tqvinh','2020-01-03 21:06:37','tqvinh'),(493,'Điện thoại bàn',1,'2020-01-03 21:06:37','tqvinh','2020-01-03 21:06:37','tqvinh'),(494,'Điện thoại bàn',1,'2020-01-03 21:06:37','tqvinh','2020-01-03 21:06:37','tqvinh'),(495,'Điện thoại bàn',1,'2020-01-03 21:06:37','tqvinh','2020-01-03 21:06:37','tqvinh'),(496,'Điện thoại bàn',1,'2020-01-03 21:06:37','tqvinh','2020-01-03 21:06:37','tqvinh'),(497,'Điện thoại bàn',1,'2020-01-03 21:06:37','tqvinh','2020-01-03 21:06:37','tqvinh'),(498,'Điện thoại bàn',1,'2020-01-03 21:06:37','tqvinh','2020-01-03 21:06:37','tqvinh'),(499,'Điện thoại bàn',1,'2020-01-03 21:06:37','tqvinh','2020-01-03 21:06:37','tqvinh'),(500,'Điện thoại bàn',1,'2020-01-03 21:06:37','tqvinh','2020-01-03 21:06:37','tqvinh'),(501,'Điện thoại bàn',1,'2020-01-03 21:06:37','tqvinh','2020-01-03 21:06:37','tqvinh'),(502,'Điện thoại bàn',1,'2020-01-03 21:06:37','tqvinh','2020-01-03 21:06:37','tqvinh'),(503,'Điện thoại bàn',1,'2020-01-03 21:06:37','tqvinh','2020-01-03 21:06:37','tqvinh'),(504,'Điện thoại bàn',1,'2020-01-03 21:06:37','tqvinh','2020-01-03 21:06:37','tqvinh'),(505,'Điện thoại bàn',1,'2020-01-03 21:06:37','tqvinh','2020-01-03 21:06:37','tqvinh'),(506,'Điện thoại bàn',1,'2020-01-03 21:06:37','tqvinh','2020-01-03 21:06:37','tqvinh'),(507,'Điện thoại bàn',1,'2020-01-03 21:06:37','tqvinh','2020-01-03 21:06:37','tqvinh'),(508,'Điện thoại bàn',1,'2020-01-03 21:06:37','tqvinh','2020-01-03 21:06:37','tqvinh'),(509,'Điện thoại bàn',1,'2020-01-03 21:06:37','tqvinh','2020-01-03 21:06:37','tqvinh'),(510,'Điện thoại bàn',1,'2020-01-03 21:06:37','tqvinh','2020-01-03 21:06:37','tqvinh'),(511,'Điện thoại bàn',1,'2020-01-03 21:06:37','tqvinh','2020-01-03 21:06:37','tqvinh'),(512,'Điện thoại bàn',1,'2020-01-03 21:06:37','tqvinh','2020-01-03 21:06:37','tqvinh'),(513,'Điện thoại bàn',1,'2020-01-03 21:06:37','tqvinh','2020-01-03 21:06:37','tqvinh'),(514,'Điện thoại bàn',1,'2020-01-03 21:06:37','tqvinh','2020-01-03 21:06:37','tqvinh'),(515,'Điện thoại bàn',1,'2020-01-03 21:06:37','tqvinh','2020-01-03 21:06:37','tqvinh'),(516,'Information',1,'2020-01-03 21:06:37','tqvinh','2020-01-03 21:06:37','tqvinh'),(517,'Điện thoại bàn',1,'2020-01-03 21:06:37','tqvinh','2020-01-03 21:06:37','tqvinh'),(518,'Điện thoại bàn',1,'2020-01-03 21:06:37','tqvinh','2020-01-03 21:06:37','tqvinh'),(519,'Điện thoại bàn',1,'2020-01-03 21:06:37','tqvinh','2020-01-03 21:06:37','tqvinh'),(520,'Điện thoại bàn',1,'2020-01-03 21:06:37','tqvinh','2020-01-03 21:06:37','tqvinh'),(521,'Điện thoại bàn',1,'2020-01-03 21:06:37','tqvinh','2020-01-03 21:06:37','tqvinh'),(522,'Điện thoại bàn',1,'2020-01-03 21:06:37','tqvinh','2020-01-03 21:06:37','tqvinh'),(528,'Camera',1,'2020-01-03 21:06:37','tqvinh','2020-01-03 21:06:37','tqvinh'),(529,'Camera',1,'2020-01-03 21:06:37','tqvinh','2020-01-03 21:06:37','tqvinh'),(530,'Camera',1,'2020-01-03 21:06:37','tqvinh','2020-01-03 21:06:37','tqvinh'),(534,'Camera',1,'2020-01-03 21:06:37','tqvinh','2020-01-03 21:06:37','tqvinh'),(535,'Camera',1,'2020-01-03 21:06:37','tqvinh','2020-01-03 21:06:37','tqvinh'),(536,'Information',1,'2020-01-03 21:06:37','tqvinh','2020-01-03 21:06:37','tqvinh'),(537,'Software',1,'2020-01-03 21:06:37','tqvinh','2020-01-03 21:06:37','tqvinh'),(544,'Linh Kiện',1,'2020-01-03 21:06:37','tqvinh','2020-01-03 21:06:37','tqvinh'),(545,'Linh Kiện',1,'2020-01-03 21:06:37','tqvinh','2020-01-03 21:06:37','tqvinh'),(546,'Linh Kiện',1,'2020-01-03 21:06:37','tqvinh','2020-01-03 21:06:37','tqvinh'),(547,'Linh Kiện',1,'2020-01-03 21:06:37','tqvinh','2020-01-03 21:06:37','tqvinh'),(548,'Linh Kiện',1,'2020-01-03 21:06:37','tqvinh','2020-01-03 21:06:37','tqvinh'),(549,'Linh Kiện',1,'2020-01-03 21:06:37','tqvinh','2020-01-03 21:06:37','tqvinh'),(550,'Linh Kiện',1,'2020-01-03 21:06:37','tqvinh','2020-01-03 21:06:37','tqvinh'),(551,'Linh Kiện',1,'2020-01-03 21:06:37','tqvinh','2020-01-03 21:06:37','tqvinh'),(552,'Linh Kiện',1,'2020-01-03 21:06:37','tqvinh','2020-01-03 21:06:37','tqvinh'),(553,'Linh Kiện',1,'2020-01-03 21:06:37','tqvinh','2020-01-03 21:06:37','tqvinh'),(587,'PC',1,'2020-01-03 21:06:37','tqvinh','2020-01-03 21:06:37','tqvinh'),(618,'Camera',1,'2020-01-03 21:06:37','tqvinh','2020-01-03 21:06:37','tqvinh'),(627,'Camera',1,'2020-01-03 21:06:37','tqvinh','2020-01-03 21:06:37','tqvinh'),(628,'Camera',1,'2020-01-03 21:06:37','tqvinh','2020-01-03 21:06:37','tqvinh'),(629,'Camera',1,'2020-01-03 21:06:37','tqvinh','2020-01-03 21:06:37','tqvinh'),(630,'Camera',1,'2020-01-03 21:06:37','tqvinh','2020-01-03 21:06:37','tqvinh'),(631,'Camera',1,'2020-01-03 21:06:37','tqvinh','2020-01-03 21:06:37','tqvinh'),(632,'Camera',1,'2020-01-03 21:06:37','tqvinh','2020-01-03 21:06:37','tqvinh'),(633,'Camera',1,'2020-01-03 21:06:37','tqvinh','2020-01-03 21:06:37','tqvinh'),(634,'Camera',1,'2020-01-03 21:06:37','tqvinh','2020-01-03 21:06:37','tqvinh'),(635,'Camera',1,'2020-01-03 21:06:37','tqvinh','2020-01-03 21:06:37','tqvinh'),(636,'Camera',1,'2020-01-03 21:06:37','tqvinh','2020-01-03 21:06:37','tqvinh'),(637,'Camera',1,'2020-01-03 21:06:37','tqvinh','2020-01-03 21:06:37','tqvinh'),(638,'Camera',1,'2020-01-03 21:06:37','tqvinh','2020-01-03 21:06:37','tqvinh'),(639,'Camera',1,'2020-01-03 21:06:37','tqvinh','2020-01-03 21:06:37','tqvinh'),(640,'Camera',1,'2020-01-03 21:06:37','tqvinh','2020-01-03 21:06:37','tqvinh'),(661,'Camera',1,'2020-01-03 21:06:37','tqvinh','2020-01-03 21:06:37','tqvinh'),(662,'Camera',1,'2020-01-03 21:06:37','tqvinh','2020-01-03 21:06:37','tqvinh'),(663,'Camera',1,'2020-01-03 21:06:37','tqvinh','2020-01-03 21:06:37','tqvinh'),(664,'Camera',1,'2020-01-03 21:06:37','tqvinh','2020-01-03 21:06:37','tqvinh'),(665,'Camera',1,'2020-01-03 21:06:37','tqvinh','2020-01-03 21:06:37','tqvinh'),(666,'Camera',1,'2020-01-03 21:06:37','tqvinh','2020-01-03 21:06:37','tqvinh'),(667,'Camera',1,'2020-01-03 21:06:37','tqvinh','2020-01-03 21:06:37','tqvinh'),(668,'Camera',1,'2020-01-03 21:06:37','tqvinh','2020-01-03 21:06:37','tqvinh'),(669,'Camera',1,'2020-01-03 21:06:37','tqvinh','2020-01-03 21:06:37','tqvinh'),(670,'Camera',1,'2020-01-03 21:06:37','tqvinh','2020-01-03 21:06:37','tqvinh'),(723,'string',1,'2020-01-09 16:15:16','mhduong','2020-01-09 16:15:16','mhduong'),(724,'Không có',1,'2020-01-09 16:16:41','mhduong','2020-01-09 16:16:41','mhduong'),(725,'hello',1,'2020-01-09 16:23:14','mhduong','2020-01-09 16:23:14','mhduong'),(726,'hello 5',1,'2020-01-09 16:24:03','mhduong','2020-01-09 16:24:03','mhduong'),(727,'test CIA 1',1,'2020-01-09 16:41:40','mhduong','2020-01-09 16:41:40','mhduong'),(728,'test CIA 2',1,'2020-01-09 16:42:45','mhduong','2020-01-09 16:42:45','mhduong'),(729,'jfhg',1,'2020-01-09 16:48:15','mhduong','2020-01-09 16:48:15','mhduong'),(791,'Laptop',1,'2020-01-16 22:02:02','mhduong','2020-01-16 22:02:02','mhduong'),(792,'Linh Kiện',1,'2020-01-16 22:03:49','mhduong','2020-01-16 22:03:49','mhduong'),(793,'PC',1,'2020-01-17 19:07:42','mhduong','2020-01-17 19:07:42','mhduong'),(794,'Laptop',1,'2020-01-20 15:07:56','mhduong','2020-01-20 15:07:56','mhduong'),(796,'Camera',1,'2020-01-30 18:40:10','mhduong','2020-01-30 18:40:10','mhduong'),(797,'Camera',7,'2020-01-30 20:00:27','mhduong','2020-01-30 20:00:27','mhduong'),(798,'Camera',7,'2020-01-30 20:25:34','mhduong','2020-01-30 20:25:34','mhduong'),(873,'Modem',1,'2020-02-05 20:15:29','mhduong','2020-02-05 20:15:29','mhduong'),(874,'Modem',1,'2020-02-05 20:15:51','mhduong','2020-02-05 20:15:51','mhduong'),(875,'Máy đếm tiền',1,'2020-02-05 20:18:03','mhduong','2020-02-05 20:18:03','mhduong'),(876,'Két sắt',1,'2020-02-05 20:18:40','mhduong','2020-02-05 20:18:40','mhduong'),(877,'bbq',1,'2020-02-05 21:20:34','mhduong','2020-02-05 21:20:34','mhduong'),(878,'Camera',1,'2020-02-05 21:43:50','mhduong','2020-02-05 21:43:50','mhduong'),(879,'Camera',1,'2020-02-05 21:49:17','mhduong','2020-02-05 21:49:17','mhduong'),(880,'Camera',1,'2020-02-05 21:50:06','mhduong','2020-02-05 21:50:06','mhduong'),(896,'Máy scan',1,'2020-02-06 14:19:21',NULL,'2020-02-06 14:19:21',NULL),(903,'Camera',1,'2020-02-06 15:46:58','mhduong','2020-02-06 15:46:58','mhduong'),(927,'Màn hình',1,'2020-02-07 16:30:45','mhduong','2020-02-07 16:30:45','mhduong'),(928,'Camera',1,'2020-02-07 16:37:20','mhduong','2020-02-07 16:37:20','mhduong'),(929,'Camera',1,'2020-02-07 16:38:46','mhduong','2020-02-07 16:38:46','mhduong'),(930,'Camera',1,'2020-02-07 16:39:32','mhduong','2020-02-07 16:39:32','mhduong'),(931,'Camera',1,'2020-02-07 16:41:33','mhduong','2020-02-07 16:41:33','mhduong'),(932,'Camera',1,'2020-02-07 16:45:43','mhduong','2020-02-07 16:45:43','mhduong'),(933,'Bảng từ',1,'2020-02-07 16:46:58','mhduong','2020-02-07 16:46:58','mhduong'),(934,'Camera',1,'2020-02-07 17:37:21','mhduong','2020-02-07 17:37:21','mhduong'),(945,'Camera',1,'2020-02-07 22:17:18','mhduong','2020-02-07 22:17:18','mhduong'),(947,'Camera',1,'2020-02-07 23:20:38','mhduong','2020-02-07 23:20:38','mhduong'),(948,'Camera',1,'2020-02-10 13:40:30','mhduong','2020-02-10 13:40:30','mhduong'),(949,'Camera 2',1,'2020-02-10 14:02:46','mhduong','2020-02-10 14:02:46','mhduong'),(950,'Camera',1,'2020-02-10 14:25:02','mhduong','2020-02-10 14:25:02','mhduong'),(951,'Bảng từ',1,'2020-02-10 14:26:52','mhduong','2020-02-10 14:26:52','mhduong'),(952,'Máy scan',1,'2020-02-10 14:29:58','mhduong','2020-02-10 14:29:58','mhduong'),(953,'Camera',1,'2020-02-10 14:31:32','mhduong','2020-02-10 14:31:32','mhduong'),(954,'Cây nước nóng lạnh 2',1,'2020-02-10 14:39:41','mhduong','2020-02-10 14:39:41','mhduong'),(955,'Camera 3',7,'2020-02-10 14:40:38','mhduong','2020-02-10 14:40:38','mhduong'),(956,'Cây nước nóng lạnh 2',4,'2020-02-10 14:42:23','mhduong','2020-02-10 14:42:23','mhduong'),(957,'Camera',1,'2020-02-10 14:54:30','mhduong','2020-02-10 14:54:30','mhduong'),(962,'Camera',1,'2020-02-10 16:34:49','mhduong','2020-02-10 16:34:49','mhduong'),(963,'Camera',1,'2020-02-10 16:42:33','mhduong','2020-02-10 16:42:33','mhduong'),(964,'Camera 3',7,'2020-02-10 16:42:38','mhduong','2020-02-10 16:42:38','mhduong'),(967,'Camera',1,'2020-02-10 21:04:59','mhduong','2020-02-10 21:04:59','mhduong'),(968,'Bảng từ',7,'2020-02-10 21:05:33','mhduong','2020-02-10 21:05:33','mhduong'),(975,'Máy đếm $$$',1,'2020-02-11 14:29:38','mhduong','2020-02-11 14:29:38','mhduong'),(990,'fddddddddddddddđffff',1,'2020-02-11 20:25:04','mhduong','2020-02-11 20:25:04','mhduong'),(991,'Máy quay',1,'2020-02-11 20:28:00','mhduong','2020-02-11 20:28:00','mhduong'),(992,'Máy đếm $$$',1,'2020-02-11 20:31:03','mhduong','2020-02-11 20:31:03','mhduong');
/*!40000 ALTER TABLE `Risk_General` ENABLE KEYS */;
UNLOCK TABLES;

--
-- Table structure for table `Risk_History`
--

DROP TABLE IF EXISTS `Risk_History`;
/*!40101 SET @saved_cs_client     = @@character_set_client */;
/*!50503 SET character_set_client = utf8mb4 */;
CREATE TABLE `Risk_History` (
  `id` varchar(36) NOT NULL,
  `risk_asset_id` int(11) NOT NULL,
  `field_name` varchar(200) NOT NULL,
  `old_value` varchar(200) DEFAULT NULL,
  `new_value` varchar(200) DEFAULT NULL,
  `actor` varchar(45) NOT NULL,
  `date` timestamp NOT NULL,
  `created_date` timestamp NULL DEFAULT NULL,
  `created_user` varchar(45) DEFAULT NULL,
  `updated_date` timestamp NULL DEFAULT NULL,
  `updated_user` varchar(45) DEFAULT NULL,
  PRIMARY KEY (`id`)
) ENGINE=InnoDB DEFAULT CHARSET=utf8mb4 COLLATE=utf8mb4_0900_ai_ci;
/*!40101 SET character_set_client = @saved_cs_client */;

--
-- Dumping data for table `Risk_History`
--

LOCK TABLES `Risk_History` WRITE;
/*!40000 ALTER TABLE `Risk_History` DISABLE KEYS */;
INSERT INTO `Risk_History` VALUES ('0592cdfc-c9fe-451c-953a-d15d6302b9c9',964,'Status','Open','Closed','mhduong','2020-02-10 22:34:31',NULL,NULL,NULL,NULL),('0d708c22-0dfa-49b1-83c4-7ebb1ad77545',343,'Asset value','27','3','mhduong','2020-02-10 19:19:16',NULL,NULL,NULL,NULL),('0e9d8c14-b221-4a79-a890-eba183b4f36d',968,'Status','Open','Closed','mhduong','2020-02-11 13:52:33',NULL,NULL,NULL,NULL),('22053475-ecd5-4485-bf69-7d0ca6a2a035',2,'Status','Pending Review','Pending Approval','mhduong','2020-02-11 19:04:01',NULL,NULL,NULL,NULL),('5603b89a-3815-44ee-9767-de182ec96363',343,'Consequence','3','1','mhduong','2020-02-10 19:19:16',NULL,NULL,NULL,NULL),('56e3c87a-9b5a-4092-ab93-3581a569272d',955,'Status','Open','Closed','mhduong','2020-02-11 19:12:18',NULL,NULL,NULL,NULL),('5c710398-c7e1-4852-97a9-70f2c8bc560a',343,'Probability','3','1','mhduong','2020-02-10 19:19:16',NULL,NULL,NULL,NULL),('5efdee69-2fa6-495f-a33b-59a1dd4012df',2,'Status','Pending Approval','Approved','mhduong','2020-02-11 19:04:21',NULL,NULL,NULL,NULL),('655a545e-a921-466f-8319-78f18b2cec02',8,'Status','Open','Closed','mhduong','2020-02-10 15:51:48',NULL,NULL,NULL,NULL),('876bca7b-a091-4aab-b367-115b801a037a',4,'Status','Open','Closed','mhduong','2020-02-10 14:20:29',NULL,NULL,NULL,NULL),('93c236c3-12ae-4e1b-9838-854e42a44986',956,'Status','Pending Review','Pending Approval','mhduong','2020-02-11 19:13:41',NULL,NULL,NULL,NULL),('b6d1e56b-3d31-4bf0-9e16-261df9dacaf2',5,'Status','Open','Closed','mhduong','2020-02-10 14:53:49',NULL,NULL,NULL,NULL),('d5524c5e-b549-41be-a3b4-5e820f7cad81',1,'Abc','hello_old','hello_new','ndvan','2019-12-18 19:19:46',NULL,NULL,NULL,NULL),('d5524c5e-b549-41be-a3b4-5e820f7cad82',1,'bcde','hello_old','hello_new','ndvan','2019-12-20 05:00:00',NULL,NULL,NULL,NULL),('e7b9ce26-949b-4ac2-9d55-a5be00d7aa93',2,'Status','Open','Closed','mhduong','2020-02-10 14:02:51',NULL,NULL,NULL,NULL),('e8f16cc3-92ef-4a58-b760-2b732700fed5',956,'Status','Open','Pending Review','mhduong','2020-02-11 19:13:33',NULL,NULL,NULL,NULL),('ebce3594-5fcb-474a-bb8d-79d8ebff1274',956,'Status','Pending Approval','Approved','mhduong','2020-02-11 19:13:44',NULL,NULL,NULL,NULL),('f4ecdff4-e197-463c-8a08-89d185582f53',1,'Status','1','7','mhduong','2020-02-10 13:37:00',NULL,NULL,NULL,NULL),('f99d2331-8b33-4e38-8820-99713e518c60',343,'Level of risk','High','Low','mhduong','2020-02-10 19:19:16',NULL,NULL,NULL,NULL);
/*!40000 ALTER TABLE `Risk_History` ENABLE KEYS */;
UNLOCK TABLES;

--
-- Table structure for table `Risk_MSTR`
--

DROP TABLE IF EXISTS `Risk_MSTR`;
/*!40101 SET @saved_cs_client     = @@character_set_client */;
/*!50503 SET character_set_client = utf8mb4 */;
CREATE TABLE `Risk_MSTR` (
  `id` int(11) NOT NULL AUTO_INCREMENT,
  `type` int(11) NOT NULL,
  `type_name` varchar(250) NOT NULL,
  `value_number` int(11) NOT NULL,
  `name` varchar(250) DEFAULT NULL,
  PRIMARY KEY (`id`)
) ENGINE=InnoDB AUTO_INCREMENT=26 DEFAULT CHARSET=utf8mb4 COLLATE=utf8mb4_0900_ai_ci;
/*!40101 SET character_set_client = @saved_cs_client */;

--
-- Dumping data for table `Risk_MSTR`
--

LOCK TABLES `Risk_MSTR` WRITE;
/*!40000 ALTER TABLE `Risk_MSTR` DISABLE KEYS */;
INSERT INTO `Risk_MSTR` VALUES (1,1,'Risk Status',1,'Open'),(2,1,'Risk Status',2,'Pending Review'),(3,1,'Risk Status',3,'Pending Approval'),(4,1,'Risk Status',4,'Approved'),(5,1,'Risk Status',5,'In Progress'),(6,1,'Risk Status',6,'Done'),(7,1,'Risk Status',7,'Closed'),(8,2,'Handling Option',1,'Reduce'),(9,2,'Handling Option',2,'Accept'),(10,2,'Handling Option',3,'Avoid'),(11,2,'Handling Option',4,'Transfer'),(12,3,'Asset Type',1,'Physical'),(13,3,'Asset Type',2,'Information'),(14,3,'Asset Type',3,'Software'),(15,3,'Asset Type',4,'Service'),(16,3,'Asset Type',5,'Other'),(17,4,'Asset Value',1,'1'),(18,4,'Asset Value',2,'2'),(19,4,'Asset Value',3,'3'),(20,4,'Asset Value',4,'4'),(21,4,'Asset Value',0,'N/A');
/*!40000 ALTER TABLE `Risk_MSTR` ENABLE KEYS */;
UNLOCK TABLES;

--
-- Table structure for table `Site`
--

DROP TABLE IF EXISTS `Site`;
/*!40101 SET @saved_cs_client     = @@character_set_client */;
/*!50503 SET character_set_client = utf8mb4 */;
CREATE TABLE `Site` (
  `site_id` int(11) NOT NULL AUTO_INCREMENT,
  `seq_num` int(11) NOT NULL,
  `site_name` varchar(250) NOT NULL,
  `address` varchar(250) NOT NULL,
  `assignee` varchar(45) NOT NULL,
  `is_default` tinyint(1) NOT NULL,
  PRIMARY KEY (`site_id`)
) ENGINE=InnoDB AUTO_INCREMENT=16 DEFAULT CHARSET=utf8mb4 COLLATE=utf8mb4_0900_ai_ci;
/*!40101 SET character_set_client = @saved_cs_client */;

--
-- Dumping data for table `Site`
--

LOCK TABLES `Site` WRITE;
/*!40000 ALTER TABLE `Site` DISABLE KEYS */;
INSERT INTO `Site` VALUES (1,3,'Hà Nội','17 - Duy Tân - Cầu Giấy','tqvinh',0),(2,8,'Đà Nẵng','Quận Ngũ Hành Sơn','tqvinh',0),(3,6,'Hồ Chí Minh','Quận 1','ldhai',0),(6,4,'Côn Đảo','Côn Đảo','hvphuong',0),(7,10,'Cà Mau','Cà Mau','cnnga',0),(11,7,'Huế','Huế','mhduong',0),(13,5,'Nhật Bản','Tokyo','ntly',1),(15,11,'China','TQ','ntly',0);
/*!40000 ALTER TABLE `Site` ENABLE KEYS */;
UNLOCK TABLES;

--
-- Table structure for table `Supplier`
--

DROP TABLE IF EXISTS `Supplier`;
/*!40101 SET @saved_cs_client     = @@character_set_client */;
/*!50503 SET character_set_client = utf8mb4 */;
CREATE TABLE `Supplier` (
  `id` int(11) NOT NULL AUTO_INCREMENT,
  `supplier_name` varchar(250) NOT NULL,
  `notes` varchar(45) DEFAULT NULL,
  PRIMARY KEY (`id`)
) ENGINE=InnoDB AUTO_INCREMENT=24 DEFAULT CHARSET=utf8mb4 COLLATE=utf8mb4_0900_ai_ci;
/*!40101 SET character_set_client = @saved_cs_client */;

--
-- Dumping data for table `Supplier`
--

LOCK TABLES `Supplier` WRITE;
/*!40000 ALTER TABLE `Supplier` DISABLE KEYS */;
INSERT INTO `Supplier` VALUES (1,'CMC Soft',NULL),(2,'Mr Việt',NULL),(3,'Ben Computer',NULL),(4,'Thế giới di động',NULL),(5,'An Việt',NULL),(6,'Bền',NULL),(8,'CT CP Giải pháp mạng viễn thông Hồng Quang',NULL),(9,'Công ty TNHH Một thành viên Việt Đức Trí',NULL),(18,'Điện máy xanh 1','Phạm Nhật Vượng');
/*!40000 ALTER TABLE `Supplier` ENABLE KEYS */;
UNLOCK TABLES;
/*!40103 SET TIME_ZONE=@OLD_TIME_ZONE */;

/*!40101 SET SQL_MODE=@OLD_SQL_MODE */;
/*!40014 SET FOREIGN_KEY_CHECKS=@OLD_FOREIGN_KEY_CHECKS */;
/*!40014 SET UNIQUE_CHECKS=@OLD_UNIQUE_CHECKS */;
/*!40101 SET CHARACTER_SET_CLIENT=@OLD_CHARACTER_SET_CLIENT */;
/*!40101 SET CHARACTER_SET_RESULTS=@OLD_CHARACTER_SET_RESULTS */;
/*!40101 SET COLLATION_CONNECTION=@OLD_COLLATION_CONNECTION */;
/*!40111 SET SQL_NOTES=@OLD_SQL_NOTES */;

-- Dump completed on 2020-02-11 15:40:05
