-- MySQL dump 10.13  Distrib 8.0.18, for Linux (x86_64)
--
-- Host: localhost    Database: gams
-- ------------------------------------------------------
-- Server version	8.0.18

/*!40101 SET @OLD_CHARACTER_SET_CLIENT=@@CHARACTER_SET_CLIENT */;
/*!40101 SET @OLD_CHARACTER_SET_RESULTS=@@CHARACTER_SET_RESULTS */;
/*!40101 SET @OLD_COLLATION_CONNECTION=@@COLLATION_CONNECTION */;
/*!50503 SET NAMES utf8mb4 */;
/*!40103 SET @OLD_TIME_ZONE=@@TIME_ZONE */;
/*!40103 SET TIME_ZONE='+00:00' */;
/*!40014 SET @OLD_UNIQUE_CHECKS=@@UNIQUE_CHECKS, UNIQUE_CHECKS=0 */;
/*!40014 SET @OLD_FOREIGN_KEY_CHECKS=@@FOREIGN_KEY_CHECKS, FOREIGN_KEY_CHECKS=0 */;
/*!40101 SET @OLD_SQL_MODE=@@SQL_MODE, SQL_MODE='NO_AUTO_VALUE_ON_ZERO' */;
/*!40111 SET @OLD_SQL_NOTES=@@SQL_NOTES, SQL_NOTES=0 */;

--
-- Table structure for table `Asset`
--

DROP TABLE IF EXISTS `Asset`;
/*!40101 SET @saved_cs_client     = @@character_set_client */;
/*!50503 SET character_set_client = utf8mb4 */;
CREATE TABLE `Asset` (
  `asset_id` int(11) NOT NULL AUTO_INCREMENT COMMENT 'id của tài sản',
  `asset_code` varchar(45) CHARACTER SET utf8mb4 COLLATE utf8mb4_0900_ai_ci NOT NULL COMMENT 'asset code',
  `asset_name` varchar(800) CHARACTER SET utf8mb4 COLLATE utf8mb4_0900_ai_ci NOT NULL COMMENT 'asset name',
  `asset_type_id` int(11) NOT NULL COMMENT 'asset type',
  `asset_group` int(11) NOT NULL,
  `site_id` int(11) DEFAULT NULL,
  `purchasing_id` int(11) DEFAULT NULL,
  `cia_id` varchar(36) DEFAULT NULL,
  `unit` varchar(20) DEFAULT NULL,
  `notes` varchar(600) DEFAULT NULL,
  `status` tinyint(2) DEFAULT NULL,
  `assignee` varchar(45) DEFAULT NULL,
  `from_date` datetime DEFAULT NULL,
  `to_date` datetime DEFAULT NULL,
  `logic_add` varchar(250) DEFAULT NULL,
  `physical_add` varchar(250) DEFAULT NULL,
  `created_date` datetime DEFAULT NULL,
  `user` varchar(250) DEFAULT NULL,
  `dispose_date` datetime DEFAULT NULL,
  `created_user` varchar(45) DEFAULT NULL,
  `updated_date` timestamp NULL DEFAULT NULL,
  `updated_user` varchar(45) DEFAULT NULL,
  PRIMARY KEY (`asset_id`),
  UNIQUE KEY `asset_code_UNIQUE` (`asset_code`),
  KEY `aset_cia_fk_idx` (`cia_id`),
  KEY `asset_purchasing_fk_idx` (`purchasing_id`),
  KEY `asset_id_idx` (`asset_id`),
  KEY `asset_asset_grp_fk_idx` (`asset_type_id`),
  KEY `asset_employee_fk_idx` (`assignee`),
  KEY `asset_site_fk_idx` (`site_id`),
  CONSTRAINT `asset_asset_grp_fk` FOREIGN KEY (`asset_type_id`) REFERENCES `Asset_Group` (`id`),
  CONSTRAINT `asset_employee_fk` FOREIGN KEY (`assignee`) REFERENCES `Employee` (`user_name`),
  CONSTRAINT `asset_purchasing_fk` FOREIGN KEY (`purchasing_id`) REFERENCES `Purchasing` (`id`),
  CONSTRAINT `asset_site_fk` FOREIGN KEY (`site_id`) REFERENCES `Site` (`site_id`)
) ENGINE=InnoDB AUTO_INCREMENT=733 DEFAULT CHARSET=utf8mb4 COLLATE=utf8mb4_0900_ai_ci;
/*!40101 SET character_set_client = @saved_cs_client */;

--
-- Dumping data for table `Asset`
--

LOCK TABLES `Asset` WRITE;
/*!40000 ALTER TABLE `Asset` DISABLE KEYS */;
INSERT INTO `Asset` VALUES (1,'2019CAME001','1- Bảng từ di động có chân 1 mặt 1D03 N1224T200',1,2,NULL,1,'64661cfa-dfad-472c-9685-4b9167db3cd3','Chiếc','Tầng 8',3,NULL,NULL,NULL,NULL,NULL,NULL,NULL,NULL,NULL,NULL,NULL),(2,'2019CAME007','Bảng từ trắng 1/2m*0/8cm',1,2,NULL,1,'44ccc5bb-ca31-4744-941d-bd9a94d28af2','Chiếc','Nhập từ Csoft',3,'mhduong',NULL,NULL,NULL,NULL,NULL,NULL,NULL,NULL,NULL,NULL),(3,'2017BANG003','Bảng từ trắng 1/2m*0/8cm',1,1,NULL,1,'85d41269-4e23-4b8d-910e-c9ab226cb87c','Chiếc','',3,NULL,NULL,NULL,NULL,NULL,NULL,NULL,NULL,NULL,NULL,NULL),(4,'2017BANG004','Bảng từ trắng 1/2m*0/8cm',1,1,1,1,'4fcb9145-9117-4612-bade-1079e6035638','Chiếc','',4,'ldhai','2019-12-20 04:27:06',NULL,NULL,NULL,NULL,NULL,NULL,NULL,NULL,NULL),(5,'2017BANG005','Bảng từ trắng 1/2m*0/8cm',1,1,1,1,'451cfbbd-0b0c-4625-b987-74c5f5405250','Chiếc','',4,'dnbao',NULL,NULL,NULL,NULL,NULL,NULL,NULL,NULL,NULL,NULL),(6,'2017BANG006','Bảng từ trắng chân di động m2xm8',1,1,1,1,'3a998fc5-b20e-41ec-95ca-fe8e76246980','Chiếc','',4,'ductn',NULL,NULL,NULL,NULL,NULL,NULL,NULL,NULL,NULL,NULL),(7,'2017BANG007','Bảng từ trắng chân di động m2xm8',1,1,1,1,'afdbef85-c64d-4ad6-ba13-0c4189a8bcd4','Chiếc','',1,'mhduong','2020-01-07 09:44:03','2020-01-07 09:44:03',NULL,NULL,NULL,NULL,NULL,NULL,NULL,NULL),(8,'2017BANG008','Bảng từ trắng kích thươc 1.2m x 1.8m',1,1,1,1,NULL,'Chiếc','',1,'mhduong','2020-01-07 09:44:03','2020-01-07 09:44:03',NULL,NULL,NULL,NULL,NULL,NULL,NULL,NULL),(9,'2017BANG009','Bảng từ trắng 1/2m*0/8cm',1,1,1,1,NULL,'Chiếc','',1,'mhduong','2020-01-07 09:44:03','2020-01-07 09:44:03',NULL,NULL,NULL,NULL,NULL,NULL,NULL,NULL),(10,'2017DEMT001','Máy đếm tiền Modul 1618 (LED)',1,15,1,1,'8d48c79f-f3ff-4fbb-8559-958f77b1ffcf','Chiếc','',1,'ldhai','2019-12-20 04:27:06',NULL,NULL,NULL,NULL,NULL,NULL,NULL,NULL,NULL),(11,'2017KET-001','Két hòa phát KS250K2C1',1,6,1,1,NULL,'Chiếc','',1,'ldhai','2019-12-20 04:27:06',NULL,NULL,NULL,NULL,NULL,NULL,NULL,NULL,NULL),(12,'2017KET-002','Két sắt Hòa Phát KS50 N',1,6,1,1,NULL,'Chiếc','',1,'ldhai','2019-12-20 04:27:06',NULL,NULL,NULL,NULL,NULL,NULL,NULL,NULL,NULL),(13,'2017LAP-001','Máy tính xách tay LENOVO IDEAPAD 710S-13IKB/ core I5- 7200U/ 4GD3/ 256GSSD_PCIE/13.3FHD/IPS/4C46/ALU/VÀNG/W10SL/LED_KB',1,7,1,1,NULL,'Chiếc','',1,'mhduong',NULL,'2019-12-17 00:00:00',NULL,NULL,NULL,NULL,NULL,NULL,NULL,NULL),(14,'2017LAP-002','Máy tính xách tay Dell Inspiron 5459 / Black/ Intel Skylake Core i7-6500U / Ram 8GB/ HDD 1000GB/ 14inch',1,7,1,1,NULL,'Chiếc','',1,'nttrang1',NULL,'2019-12-18 00:00:00',NULL,NULL,NULL,NULL,NULL,NULL,NULL,NULL),(15,'2017LAP-003','Máy tính xách tay Dell Inspiron 5459 / Black/ Intel Skylake Core i7-6500U / Ram 8GB/ HDD 1000GB/ 14inch',1,7,1,1,NULL,'Chiếc','',1,'ntyen','2019-06-19 00:00:00',NULL,NULL,NULL,NULL,NULL,NULL,NULL,NULL,NULL),(16,'2017LAP-004','Máy tính xách tay Dell Inspiron 5459 / Black/ Intel Skylake Core i7-6500U / Ram 8GB/ HDD 1000GB/ 14inch',1,7,1,1,NULL,'Chiếc','bác Ram sử dụng',1,'lmlinh',NULL,'2019-12-19 00:00:00',NULL,NULL,NULL,NULL,NULL,NULL,NULL,NULL),(17,'2017LAP-005','Máy tính xách tay Apple Macbook pro MLU02/ core i5/ Ram 8GB/ SSD 256 GB/ Retina 13/3 inch',1,7,1,1,NULL,'Chiếc','',1,'tvhung11',NULL,'2019-12-19 00:00:00',NULL,NULL,NULL,NULL,NULL,NULL,NULL,NULL),(18,'2017LAP-006','Máy tính xách tay Dell Inspiron 5459 / Black/ Intel Skylake Core i7-6500U / Ram 8GB/ HDD 1000GB/ 14inch',1,7,1,1,NULL,'Chiếc','',1,'lttthuy',NULL,'2019-12-17 00:00:00',NULL,NULL,NULL,NULL,NULL,NULL,NULL,NULL),(19,'2017LAP-007','MTXT Lenovo Thinkpad T440p (20ANS00600) Intel Core i5-4200M (2.5GHz/3MB)/ 4GB + Ram 8Gb/ 500GB HDD/Intel HD Graphics 4400/ 14 HD WLED/DVDRW (đã tháo 1 thanh ram 4GB chuyển vào kho Hành Chính)',1,7,1,1,NULL,'Chiếc','Thêm ram 8Gb tháng 10.2016',0,'ductn',NULL,NULL,NULL,NULL,NULL,NULL,NULL,NULL,NULL,NULL),(20,'2017LAP-009','Lenovo Thinkpad T440/Core I 5/4gb x 2 thanh/500gb)',1,7,3,1,NULL,'Chiếc','',6,'ldhai','2020-01-09 03:15:06','2020-01-09 03:15:06',NULL,NULL,NULL,NULL,NULL,NULL,NULL,NULL),(21,'2017LAP-010','Lenovo Thinkpad T450/Core i5/ ram4gb/ HDD 500GB/M2 SSD sata 128GB',1,7,1,1,NULL,'Chiếc','Dự phòng cho IBM',6,'ldhai','2020-01-09 03:15:06','2020-01-09 03:15:06',NULL,NULL,NULL,NULL,NULL,NULL,NULL,NULL),(22,'2017LAP-011','Lenovo Thinkpad T450/Core i5/ ram4gb/ HDD 500GB/M2 SSD sata 128GB',1,7,1,1,NULL,'Chiếc','Thêm M2 SSD',1,'tvhung11',NULL,NULL,NULL,NULL,NULL,NULL,NULL,NULL,NULL,NULL),(23,'2017LAP-012','Máy tính xách tay Lenovo Thinkpad T430 (2347CT0) Intel i5-3230M (2.6GHz/3MB)/ 4GB DDR3 x 2 thanh/ 500GB HDD/Intel HD Graphics/ 14 WXGA LED',1,7,1,1,NULL,'Chiếc','',3,'ductn',NULL,NULL,NULL,NULL,NULL,NULL,NULL,NULL,NULL,NULL),(24,'2017LAP-013','Máy tính xách tay Lenovo Thinkpad T430 (2347CT0) Intel i5-3230M (2.6GHz/3MB)/ 4GB DDR3 x 2 thanh/ 500GB HDD/Intel HD Graphics/ 14 WXGA LED kèm 2017LAp-013-LK',1,7,1,1,NULL,'Chiếc','',1,'mhduong',NULL,NULL,NULL,NULL,NULL,NULL,NULL,NULL,NULL,NULL),(25,'2017LAP-014','Máy tính xách tay Lenovo Thinkpad T430 (2347CT0) Intel i5-3230M (2.6GHz/3MB)/ 4GB DDR3 x 2 thanh/ 500GB HDD/Intel HD Graphics/ 14 WXGA LED',1,7,1,1,NULL,'Chiếc','',1,'mhduong',NULL,NULL,NULL,NULL,NULL,NULL,NULL,NULL,NULL,NULL),(26,'2017LAP-015','Lenovo Thinkpad T440/Core I 5/ Ram 4gb+ Ram 8GB/ HDD 500gb)',1,7,1,1,NULL,'Chiếc','Thêm ram 8Gb tháng 10.2016',1,'mhduong',NULL,NULL,NULL,NULL,NULL,NULL,NULL,NULL,NULL,NULL),(27,'2017LAP-016','Máy tính xách tay HP 15-av169TX/ Tuurbo silver/ Core i7-7500U/ Ram 8GB DDR4 x2 thanh/ SSD 256GB/ VGA 2GB AMD radeon R7 M340 graphics/ 15/6 inch',1,7,1,1,NULL,'Chiếc','',1,'mhduong',NULL,NULL,NULL,NULL,NULL,NULL,NULL,NULL,NULL,NULL),(28,'2017LAP-017','Máy tính xách tay Acer TMP248-M-75V1/core i7-6500U/ Ram 8GB/ SSD 256GB',1,7,1,1,NULL,'Chiếc','',1,'nthuyen',NULL,NULL,NULL,NULL,NULL,NULL,NULL,NULL,NULL,NULL),(29,'2017LAP-018','Máy tính xách tay Acer TMP248-M-75V1/core i7-6500U/ Ram 8GB/ SSD 256GB',1,7,1,1,NULL,'Chiếc','',0,'ductn',NULL,NULL,NULL,NULL,NULL,NULL,NULL,NULL,NULL,NULL),(30,'2017LAP-019','Máy tính xách tay Acer TMP248-M-75V1/core i7-6500U/ Ram 8GB/ SSD 256GB',1,7,1,1,NULL,'Chiếc','',1,'nttdung1',NULL,NULL,NULL,NULL,NULL,NULL,NULL,NULL,NULL,NULL),(31,'2017LAP-020','Máy tính xách tay HP 15-av169TX/ turbo silver/ core i7-7500/ Ram 8GB/ SSD 256GB/ vga 2Gb amd/ 15/6 inch',1,7,1,1,NULL,'Chiếc','',1,'pdtanh',NULL,NULL,NULL,NULL,NULL,NULL,NULL,NULL,NULL,NULL),(32,'2017LAP-021','máy tính xách tay Acer TMP248-M-7735 core i7-6500U/ ram 8gb/ SSD 256 GB/ 14 inch',1,7,1,1,NULL,'Chiếc','MANG ĐI HÀN',1,'vkhung',NULL,NULL,NULL,NULL,NULL,NULL,NULL,NULL,NULL,NULL),(33,'2017LAP-022','Macbook Pro 1333Mhz DDRIII 2x2GB,320GB HDD, Intel HD Graphics 3000 with 384MB DDR (DVDRW)',1,7,1,1,NULL,'Chiếc','',3,'ductn',NULL,NULL,NULL,NULL,NULL,NULL,NULL,NULL,NULL,NULL),(34,'2017LAP-023','Lenovo IdeaPad 300-14ISK core i7-6500U/Ram 8GB/SSD 256GB/14 inch',1,7,1,1,NULL,'Chiếc','',1,'ptthanh2',NULL,NULL,NULL,NULL,NULL,NULL,NULL,NULL,NULL,NULL),(35,'2017LAP-024','Máy tính xách tay HP 15-av169TX/ Tuurbo silver/ Core i7-7500U/ Ram 8GB DDR4/ SSD 256GB/ VGA 2GB AMD radeon R7 M340 graphics/ 15/6 inch',1,7,1,1,NULL,'Chiếc','',1,'nkdung',NULL,NULL,NULL,NULL,NULL,NULL,NULL,NULL,NULL,NULL),(36,'2017LAP-025','Ultrabook Acer Aspire S3-371 core i3-2375M 1.5Ghz/ 4GB DDR3/HDD320GB SATA',1,7,1,1,NULL,'Chiếc','',0,'ductn',NULL,NULL,NULL,NULL,NULL,NULL,NULL,NULL,NULL,NULL),(37,'2017LAP-026','Lenovo Thinkpad T450/Core i5-4300U/4gb x 2 thanh/500gb/14 inch',1,7,1,1,NULL,'Chiếc','',1,'dbhung',NULL,NULL,NULL,NULL,NULL,NULL,NULL,NULL,NULL,NULL),(38,'2017LAP-028','Máy tính xách tay Dell INS 14-3421 core i5-3337U/ RAM6GB/HDD 750GB/DVDRW + DL, 14\"',1,7,1,1,NULL,'Chiếc','',0,'ductn',NULL,NULL,NULL,NULL,NULL,NULL,NULL,NULL,NULL,NULL),(39,'2017LAP-030','Apple Macbook Asr MjVG2ZP/A, 15 (DC) 1,6 GHz/4GB/256 GB/13.3',1,7,1,1,NULL,'Chiếc','',0,'ductn',NULL,NULL,NULL,NULL,NULL,NULL,NULL,NULL,NULL,NULL),(40,'2020-LK-002','RAM DD3',1,28,1,1,'fc443af8-a268-4f0a-bf0c-3f61d21ddada','Chiếc','note',6,'mhduong',NULL,'2019-12-17 00:00:00','logic add','Physical Add','2019-12-23 00:00:00','ndvan','2019-12-31 00:00:00',NULL,NULL,NULL),(41,'2017LAP-032','Máy tính xách tay Acer TMP248-M-75V1/core i7-6500U/ Ram 8GB/ SSD 256GB',1,7,1,1,NULL,'Chiếc','',1,'nmhanh',NULL,NULL,NULL,NULL,NULL,NULL,NULL,NULL,NULL,NULL),(42,'2017LAP-034','Dell ins 3559/core i5-6200U/8GB/500GB/15/6 inch',1,7,1,1,NULL,'Chiếc','',1,'mhduong',NULL,NULL,NULL,NULL,NULL,NULL,NULL,NULL,NULL,NULL),(43,'2017LAP-035','Lap Dell 5447/ core i5/ Ram 8gB/ HDD 1TB',1,7,1,1,NULL,'Chiếc','Dự án VPBank',1,'ntbang',NULL,NULL,NULL,NULL,NULL,NULL,NULL,NULL,NULL,NULL),(44,'2017LAP-036','Dell ins 3559/core i5-6200U/8GB/500GB/15/6 inch',1,7,1,1,NULL,'Chiếc','',1,'ntnanh2',NULL,NULL,NULL,NULL,NULL,NULL,NULL,NULL,NULL,NULL),(45,'2017LAP-037','Dell ins 3559/core i5-6200U/8GB/500GB/15/6 inch',1,7,1,1,NULL,'Chiếc','',1,'thtung',NULL,NULL,NULL,NULL,NULL,NULL,NULL,NULL,NULL,NULL),(46,'2017LAP-038','Laptop Acer Aspire V5-171-32362G32ass (NX.M3ASV.001)- CPU: Intel® Core™ i3-2367M (3M Cache/ 1.4 GHz)- RAM 2GB DDR3 + ram 4GB/320GB SATA HDD- Màn hình: 11.6\" LED Backlit',1,7,1,1,'5ea5db02-3205-48a3-a29a-445d4f113638','Chiếc','',1,'hvphuong',NULL,'2019-12-31 00:00:00',NULL,NULL,NULL,NULL,NULL,NULL,NULL,NULL),(47,'2017LAP-040','Máy tính xách tay Lenovo ideapad 310-14ISK/ Core i5-6200U/ Ram 8GB/ HDD 500GB/ 14 inch',1,7,1,1,NULL,'Chiếc','',3,'ductn',NULL,NULL,NULL,NULL,NULL,NULL,NULL,NULL,NULL,NULL),(48,'2017LAP-041','HP probook 440G2/ i5-5200U/4GB/500GB/free dos',1,7,1,1,NULL,'Chiếc','đầu tư OSD2',1,'ntanh11',NULL,NULL,NULL,NULL,NULL,NULL,NULL,NULL,NULL,NULL),(49,'2017LAP-042','Lenovo IdeaPad 300-14ISK core i7-6500U/Ram 8GB/SSD 240GB/14 inch',1,7,1,1,NULL,'Chiếc','',1,'tvtrang',NULL,NULL,NULL,NULL,NULL,NULL,NULL,NULL,NULL,NULL),(50,'2017LAP-043','HP probook 440 G3/core i5-6200U/4GB/500GB/14 inch',1,7,1,1,NULL,'Chiếc','',0,'ductn',NULL,NULL,NULL,NULL,NULL,NULL,NULL,NULL,NULL,NULL),(51,'2017LAP-044','Notebook Sony Vaio VPC Z133GX/B Intel Core i5-460M413Ghz/RAM4GB DDR3/Window 7',1,7,1,1,NULL,'Chiếc','',0,'ductn',NULL,NULL,NULL,NULL,NULL,NULL,NULL,NULL,NULL,NULL),(52,'2017LAP-045','Asus F454 LA/core i3-4005U/4GB/500GB',1,7,1,1,NULL,'Chiếc','',0,'ductn',NULL,NULL,NULL,NULL,NULL,NULL,NULL,NULL,NULL,NULL),(53,'2017LAP-047','Máy tính xách tay Lenovo Thinkpad T430 (2347CT0) Intel i5-3230M (2.6GHz/3MB)/ 4GB DDR3 x 2 thanh/ 500GB HDD/Intel HD Graphics/ 14 WXGA LED',1,7,1,1,NULL,'Chiếc','',1,'hhanh',NULL,NULL,NULL,NULL,NULL,NULL,NULL,NULL,NULL,NULL),(54,'2017LAP-048','Lenovo IdeaPad 300-14ISK core i7-6500U/Ram 8GB/SSD 256GB/14 inch',1,7,1,1,NULL,'Chiếc','',1,'pvoanh',NULL,NULL,NULL,NULL,NULL,NULL,NULL,NULL,NULL,NULL),(55,'2017LAP-049','Máy tính xách tay Acer TMP248-M-75V1/core i7-6500U/ Ram 8GB/ SSD 256GB',1,7,1,1,NULL,'Chiếc','',1,'mhduong',NULL,NULL,NULL,NULL,NULL,NULL,NULL,NULL,NULL,NULL),(56,'2017LAP-050','Lenovo IdeaPad 300-14ISK core i7-6500U/8GB/256GB SSD/14 inch',1,7,3,1,NULL,'Chiếc','',0,'ndvan','2020-01-05 23:06:40',NULL,NULL,NULL,NULL,NULL,NULL,NULL,NULL,NULL),(57,'2017LAP-051','Laptop Dell Latitude 3440 (70054305) / Intel Haswell Core i5-4210U 1.7GHz up to 2.7GHz / Ram 4Gb DDR3X 2 thanh / 500Gb HDD / VGA rời 2GB Nvidia Geforce GT740M / 14\" Premium HD+ 1600x900 Chống chói / HD Web Camera / DVDRW / Integrated 802.11 b/g/n / Bluetooth v4.0 / USB 3.0 / Có thêm Cổng VGA / Pin 6 cell - Vỏ nhôm',1,7,1,1,NULL,'Chiếc','',1,'vkhung',NULL,NULL,NULL,NULL,NULL,NULL,NULL,NULL,NULL,NULL),(58,'2017LAP-052','Máy tính xách tay Acer TMP248-M-741Z/core i7-6500U/ Ram 8GB*2/ SSD 256GB',1,7,1,1,NULL,'Chiếc','',1,'ptthanh3',NULL,NULL,NULL,NULL,NULL,NULL,NULL,NULL,NULL,NULL),(59,'2017LAP-053','Lenovo IdeaPad 300-14ISK core i7-6500U/8GB/256GB SSD/14 inch (-4GB Ram về kho/ do ko đủ khe nâng cấp)=> máy 4GB ram',1,7,1,1,NULL,'Chiếc','Rút 1 thanh 4GB/ cất kho/ do nâng cấp',1,'nhvinh',NULL,NULL,NULL,NULL,NULL,NULL,NULL,NULL,NULL,NULL),(60,'2017LAP-054','Máy tính xách tay Dell ins 3443/ core i7-5500U/ Ram 8GB/ HDD 500GB/ 14 inch',1,7,1,1,NULL,'Chiếc','',1,'mhduong',NULL,NULL,NULL,NULL,NULL,NULL,NULL,NULL,NULL,NULL),(61,'2017LAP-055','Lenovo IdeaPad 300-14ISK core i7-6500U/Ram 8GB/SSD 256GB/14 inch',1,7,1,1,NULL,'Chiếc','',1,'dvchinh',NULL,NULL,NULL,NULL,NULL,NULL,NULL,NULL,NULL,NULL),(62,'2017LAP-056','Máy tính xách tay lenovo ideapad 300/ core i7-6500U/ ram 8GB/ SSD 256GB/ 14 inch',1,7,1,1,NULL,'Chiếc','',1,'ndlinh2',NULL,NULL,NULL,NULL,NULL,NULL,NULL,NULL,NULL,NULL),(63,'2017LAP-057','Máy tính xách tay Lenovo Thinkpad T430 (2347CT0) Intel i5-3230M (2.6GHz/3MB)/ 4GB DDR3 x 2 thanh/ 500GB HDD/Intel HD Graphics/ 14 WXGA LED',1,7,1,1,NULL,'Chiếc','',3,'ductn',NULL,NULL,NULL,NULL,NULL,NULL,NULL,NULL,NULL,NULL),(64,'2017LAP-058','Lenovo IdeaPad 300-14ISK core i7-6500U/Ram 8GB/SSD 240GB/14 inch',1,7,1,1,NULL,'Chiếc','',1,'dtxtuoi',NULL,NULL,NULL,NULL,NULL,NULL,NULL,NULL,NULL,NULL),(65,'2017LAP-059','Máy tính xách tay Dell ins 3443/ core i7-5500U/ Ram 8GB/ HDD 500GB/ 14 inch',1,7,1,1,NULL,'Chiếc','',1,'dtanh',NULL,NULL,NULL,NULL,NULL,NULL,NULL,NULL,NULL,NULL),(66,'2017LAP-060','Lap 2017LAP-060',1,7,1,1,NULL,'Chiếc','',1,'mhduong',NULL,NULL,NULL,NULL,NULL,NULL,NULL,NULL,NULL,NULL),(67,'2017LAP-061','Máy tính xách tay Dell Inspirion 5437 core i5-4200U/ RAM 8GB/HDD 500GB/14.0\" HD',1,7,1,1,NULL,'Chiếc','Máy tính xách tay Dell Inspirion 5447 core i5-4210U/ RAM 6GB+ 4gb/HDD 1TB/14.0\" HD - bị NVAnh đổi',1,'hvphuong',NULL,'2019-12-31 00:00:00',NULL,NULL,NULL,NULL,NULL,NULL,NULL,NULL),(68,'2017LAP-062','Máy tính xách tay Acer V5-471-33214G50 Mass i3-3214, 4GB DDR3 x 2 thanh, 500GB SATA HDD, 14\"LED, DVD-RW, webcam HD',1,7,1,1,NULL,'Chiếc','',0,'ductn',NULL,NULL,NULL,NULL,NULL,NULL,NULL,NULL,NULL,NULL),(69,'2017LAP-063','Lenovo IdeaPad 300-14ISK core i7-6500U/8GB/256GB/14 inch',1,7,1,1,NULL,'Chiếc','',1,'ntphuong5',NULL,NULL,NULL,NULL,NULL,NULL,NULL,NULL,NULL,NULL),(70,'2017LAP-064','Lenovo IdeaPad 300-14ISK core i7-6500U/Ram 8GB/SSD 256GB/14 inch',1,7,1,1,NULL,'Chiếc','',1,'mhduong',NULL,NULL,NULL,NULL,NULL,NULL,NULL,NULL,NULL,NULL),(71,'2017LAP-065','Macbook Air 13 MMGG2ZP/A Intel Core i5/RAM : 4 GB/SSD : 256 GB/ 13.3 inch/ cáp cổng thunderbolt sang mạng Lan và cáp chuyển sang VGA + HDMI',1,7,1,1,NULL,'Chiếc','',1,'lvtuong',NULL,NULL,NULL,NULL,NULL,NULL,NULL,NULL,NULL,NULL),(72,'2017LAP-066','Lenovo IdeaPad 300-14ISK core i7-6500U/8GB/256GB/14 inch',1,7,1,1,NULL,'Chiếc','',1,'nhanh3',NULL,NULL,NULL,NULL,NULL,NULL,NULL,NULL,NULL,NULL),(73,'2017LAP-067','Máy tính xách tay Acer TMP248-M-741Z/core i7-6500U/ Ram 8GB*2/ SSD 256GB',1,7,1,1,NULL,'Chiếc','',1,'pvhieu',NULL,NULL,NULL,NULL,NULL,NULL,NULL,NULL,NULL,NULL),(74,'2017LAP-068','Lenovo IdeaPad 300-14ISK core i7-6500U/8GB/256GB/14 inch',1,7,1,1,NULL,'Chiếc','',1,'dhtien',NULL,NULL,NULL,NULL,NULL,NULL,NULL,NULL,NULL,NULL),(75,'2017LAP-069','Lenovo IdeaPad 300-14ISK core i7-6500U/8GB/256GB/14 inch',1,7,1,1,NULL,'Chiếc','',1,'hmduc',NULL,NULL,NULL,NULL,NULL,NULL,NULL,NULL,NULL,NULL),(76,'2017LAP-070','Máy tính xách tay lenovo ideapad 310/ core i5-6200U/ Ram 8GB/ HDD 500GB/ 14 inch',1,7,1,1,NULL,'Chiếc','',1,'pthninh',NULL,NULL,NULL,NULL,NULL,NULL,NULL,NULL,NULL,NULL),(77,'2017LAP-071','Máy tính xách tay Acer TMP248-M-59JX/core i5-6200U/ Ram 8GB/ HDD 500GB',1,7,1,1,NULL,'Chiếc','',1,'ltngoc2',NULL,NULL,NULL,NULL,NULL,NULL,NULL,NULL,NULL,NULL),(78,'2017LAP-072','Máy tính xách tay Asus Zenbook UX305CA-FC036T/Golden/ Intel core M3-6Y30 (0.9GHz/ 4MB)/ Ram 8GB/ 128GB SSD/ Intel HD Graphics/ 13.3 inch Full HD/WC+WL+BT/3 cell/ Win 10SL',1,7,6,1,NULL,'Chiếc','',0,'ldhai','2020-01-05 23:10:48',NULL,NULL,NULL,NULL,NULL,NULL,NULL,NULL,NULL),(79,'2017LAP-073','HP Pavilion 14-VO25TU-i5-421011/4GB+4Gb/500G',1,7,1,1,NULL,'Chiếc','',0,'nthung','2020-01-08 02:39:50',NULL,NULL,NULL,NULL,NULL,NULL,NULL,NULL,NULL),(80,'2017LAP-074','HP Pavilion x360 13-u106TU/ Intel/ Core i3/ RAM 4GB/ DDR4/ HDD500 GB/ 13/3 inch/ 1366 x 768 pixels',1,7,1,1,NULL,'Chiếc','',1,'mhduong',NULL,NULL,NULL,NULL,NULL,NULL,NULL,NULL,NULL,NULL),(81,'2017LAP-075','LAPTOP LENOVO IDEAPAD 710S-13IKB 80VQ0033VN, CPU: Intel Core i5-7200U, RAM/SSD: 4GB/256GB, Màn hình: IPS Full HD 13.3inch, Card MH: Intel HD Graphics 620, HĐH: Windows 10',1,7,1,1,NULL,'Chiếc','',0,'ductn',NULL,NULL,NULL,NULL,NULL,NULL,NULL,NULL,NULL,NULL),(82,'2019CANU001','Laptop Acer TMP249-G2-M/ Intel Core/ i5-7200U Processor/ 14 inch inch 3M Cache/ 2.50 Hz up to CMC P&T',1,42,2,1,'96a14667-6bd9-4196-8b92-5eff920a00f2','C','',0,'hvphuong','2020-01-02 05:19:42',NULL,NULL,NULL,NULL,NULL,NULL,NULL,NULL,NULL),(83,'2017LAP-077','Laptop Acer TMP249-G2-M, Intel Core, i5-7200U Processor, 14 inch inch 3M Cache, 2.50 Hz up to CMC P&T',1,7,1,1,NULL,'Chiếc','',0,'ductn',NULL,NULL,NULL,NULL,NULL,NULL,NULL,NULL,NULL,NULL),(84,'2017LAP-078','Laptop Acer TMP249-G2-M/ Intel Core/ i5-7200U Processor/ 14 inch inch 3M Cache/ 2.50 Hz/ RAM 8GB/ HDD 500GB',1,7,1,1,NULL,'Chiếc','',1,'btxthu',NULL,NULL,NULL,NULL,NULL,NULL,NULL,NULL,NULL,NULL),(85,'2017LAP-079','Lenovo IdeaPad 310-15ISK / Black/ Intel Skylake Core i5-6200U(2.3GHz/3MB) / Ram 8GB DDR4 / 500GB HDD / DVDRW/15.6 inch HD WLED/ Intel HD Graphics 520 /WC+WL+BT / FREE-DOS',1,7,1,1,NULL,'Chiếc','',1,'ntpthanh',NULL,NULL,NULL,NULL,NULL,NULL,NULL,NULL,NULL,NULL),(86,'2017LAP-080','Máy tính xách tay Lenovo IdeaPad 300/ Black/ Skylake / Intel Broadwell Core i7-6500U(2.5GHz/4MB)/ Ram 8Gb/ SSD 256GB/ DVD RW/ Intel HD Graphics /14 inch HD /HD Camera/ WC+WL+BT /4cell',1,7,1,1,NULL,'Chiếc','',1,'dnthien',NULL,NULL,NULL,NULL,NULL,NULL,NULL,NULL,NULL,NULL),(87,'2017LAP-081','Máy tính xách tay Lenovo IdeaPad 300/ Black/ Skylake / Intel Broadwell Core i7-6500U(2.5GHz/4MB)/ Ram 8Gb/ SSD 256GB/ DVD RW/ Intel HD Graphics /14 inch HD /HD Camera/ WC+WL+BT /4cell',1,7,1,1,NULL,'Chiếc','',1,'dtluc',NULL,NULL,NULL,NULL,NULL,NULL,NULL,NULL,NULL,NULL),(88,'2017LAP-082','Lap 2017LAP-082',1,7,1,1,NULL,'Chiếc','',1,'nvhung1',NULL,NULL,NULL,NULL,NULL,NULL,NULL,NULL,NULL,NULL),(89,'2017LAP-084','Máy tính xách tay Lenovo IdeaPad 300/ Black/ Skylake / Intel Broadwell Core i7-6500U(2.5GHz/4MB)/ Ram 8Gb/ SSD 256GB/ DVD RW/ Intel HD Graphics /14 inch HD /HD Camera/ WC+WL+BT /4cell',1,7,1,1,NULL,'Chiếc','',1,'nddang',NULL,NULL,NULL,NULL,NULL,NULL,NULL,NULL,NULL,NULL),(90,'2017LAP-085','Máy tính xách tay Lenovo IdeaPad 310/Intel Skylake Core i5-6200U (2.3GHz/3MB)/Ram 8GB DDR4/500GB HDD/ DVDRW/15.6 inch HD WLED/Intel HD Graphics 520/WC+WL+BT/Free-DOS',1,7,1,1,NULL,'Chiếc','',1,'ntttien',NULL,NULL,NULL,NULL,NULL,NULL,NULL,NULL,NULL,NULL),(91,'2017LAP-086','Máy tính xách tay Lenovo IdeaPad 300/ Black/ Skylake / Intel Broadwell Core i7-6500U(2.5GHz/4MB)/ Ram 8Gb/ SSD 256GB/ DVD RW/ Intel HD Graphics /14 inch HD /HD Camera/ WC+WL+BT /4cell',1,7,1,1,NULL,'Chiếc','',1,'vkhung',NULL,NULL,NULL,NULL,NULL,NULL,NULL,NULL,NULL,NULL),(92,'2017LAP-087','Máy tính xách tay Lenovo IdeaPad 300/ Black/ Skylake / Intel Broadwell Core i7-6500U(2.5GHz/4MB)/ Ram 8Gb/ SSD 256GB/ DVD RW/ Intel HD Graphics /14 inch HD /HD Camera/ WC+WL+BT /4cell',1,7,1,1,NULL,'Chiếc','',0,'ductn',NULL,NULL,NULL,NULL,NULL,NULL,NULL,NULL,NULL,NULL),(93,'2017LAP-088','Máy tính xách tay Lenovo IdeaPad 300/ Black/ Skylake / Intel Broadwell Core i7-6500U(2.5GHz/4MB)/ Ram 8Gb/ SSD 256GB/ DVD RW/ Intel HD Graphics /14 inch HD /HD Camera/ WC+WL+BT /4cell',1,7,1,1,NULL,'Chiếc','',1,'ntgiang2',NULL,NULL,NULL,NULL,NULL,NULL,NULL,NULL,NULL,NULL),(94,'2017LAP-089','Máy tính xách tay Lenovo IdeaPad 300/ Black/ Skylake / Intel Broadwell Core i7-6500U(2.5GHz/4MB)/ Ram 8Gb/ SSD 256GB/ DVD RW/ Intel HD Graphics /14 inch HD /HD Camera/ WC+WL+BT /4cell/Dos (túi + chuột)',1,7,1,1,NULL,'Chiếc','',1,'ntgiang2',NULL,NULL,NULL,NULL,NULL,NULL,NULL,NULL,NULL,NULL),(95,'2017LAP-090','Máy tính xách tay Apple Macbook pro MLU02/ core i5/ Ram 8GB/ SSD 256 GB/ Retina 13/3 inch',1,7,1,1,NULL,'Chiếc','',1,'nmhieu',NULL,NULL,NULL,NULL,NULL,NULL,NULL,NULL,NULL,NULL),(96,'2017LAP-091','Máy tính xách tay AcerTMP249-G2-M-74PN Intel Ci7-7500U/8GB*1/256G/SSD/14 inch inch/Linux NX.VE7SV.005',1,7,1,1,NULL,'Chiếc','',1,'cdtrung',NULL,NULL,NULL,NULL,NULL,NULL,NULL,NULL,NULL,NULL),(97,'2017LAP-092','Máy tính xách tay AcerTMP249-G2-M-74PN Intel Ci7-7500U/8GB*1/256G/SSD/14 inch inch/Linux NX.VE7SV.005',1,7,1,1,NULL,'Chiếc','',1,'pmduc3',NULL,NULL,NULL,NULL,NULL,NULL,NULL,NULL,NULL,NULL),(98,'2017LAP-093','Máy tính xách tay AcerTMP249-G2-M-50H3 Intel Ci5-7200U/8GB*1/500G/HĐ/14 inch inch/Linux NX.VE7SV.004',1,7,1,1,NULL,'Chiếc','',1,'ntluyen1',NULL,NULL,NULL,NULL,NULL,NULL,NULL,NULL,NULL,NULL),(99,'2017LAP-094','Máy tính xách tay AcerTMP249-G2-M-74PN Intel Ci7-7500U/8GB*1/256G/SSD/14 inch inch/Linux NX.VE7SV.005',1,7,1,1,NULL,'Chiếc','',1,'dnthien',NULL,NULL,NULL,NULL,NULL,NULL,NULL,NULL,NULL,NULL),(100,'2017LAP-095','Máy tính xách tay AcerTMP249-G2-M-50H3 Intel Ci5-7200U/8GB*1/500G/HĐ/14 inch inch/Linux NX.VE7SV.004',1,7,1,1,NULL,'Chiếc','',1,'ttmy',NULL,NULL,NULL,NULL,NULL,NULL,NULL,NULL,NULL,NULL),(101,'2017LAP-096','Máy tính xách tay AcerTMP249-G2-M-74PN Intel Ci7-7500U/8GB*1/256G/SSD/14 inch inch/Linux NX.VE7SV.005',1,7,1,1,NULL,'Chiếc','',0,'ductn',NULL,NULL,NULL,NULL,NULL,NULL,NULL,NULL,NULL,NULL),(102,'2017LAP-097','Máy tính xách tay AcerTMP249-G2-M-50H3 Intel Ci5-7200U/8GB*1/500G/HĐ/14 inch inch/Linux NX.VE7SV.004',1,7,3,1,NULL,'Chiếc','',0,'ndvan','2020-01-05 23:06:40',NULL,NULL,NULL,NULL,NULL,NULL,NULL,NULL,NULL),(103,'2017LAP-098','Máy tính xách tay AcerTMP249-G2-M-50H3 Intel Ci5-7200U/8GB*1/500G/HĐ/14 inch inch/Linux NX.VE7SV.004',1,7,1,1,NULL,'Chiếc','',1,'ptthuy',NULL,NULL,NULL,NULL,NULL,NULL,NULL,NULL,NULL,NULL),(104,'2017LAP-099','Máy tính xách tay Acer TMP249-G2-M-74PN Intel Ci7-7500U/8G*1/256G/SSD/14 inch inch/LINUX NX.VE7SV.005',1,7,1,1,NULL,'Chiếc','',1,'nqthang',NULL,NULL,NULL,NULL,NULL,NULL,NULL,NULL,NULL,NULL),(105,'2017LAP-100','Máy tính xách tay Acer TMP249-G2-M-74PN Intel Core i7-7500U/8G*1/256G/SSD/14 inch inch/LINUX NX.VE7SV.005',1,7,1,1,NULL,'Chiếc','',1,'lhquang2',NULL,NULL,NULL,NULL,NULL,NULL,NULL,NULL,NULL,NULL),(106,'2017LAP-101','Máy tính xách tay Acer TMP249-G2-71JG Intel Ci7-7500U/8G*2/256G/SSD/14 inch inch/4L Battery/Linux NX.VE7SV.003',1,7,1,1,NULL,'Chiếc','A Giáp',1,'ndson',NULL,NULL,NULL,NULL,NULL,NULL,NULL,NULL,NULL,NULL),(107,'2017LAP-102','Máy tính xách tay Asus X441UA-GA056/Black/Intel Core i5-7200U (2.5 GHz, 3MB)/RAM 4GB DDR4 2400 Mhz/HDD 500GB 5400 rpm/Intel HD Graphic/14.0 inch HD/DVDRW/WC+WL+BT/3 cell/DOS',1,7,NULL,1,NULL,'Chiếc','',2,'mhduong',NULL,NULL,NULL,NULL,NULL,NULL,NULL,NULL,NULL,NULL),(108,'2017LAP-103','Lap 2017LAP-103',1,7,1,1,NULL,'Chiếc','',1,'ntcvan',NULL,NULL,NULL,NULL,NULL,NULL,NULL,NULL,NULL,NULL),(109,'2017LAP-104','Máy tính xách tay ASUS X441/Intel Core i5-7200U (2.5 GHz/ 3MB)/RAM 4GB DDR4 2400 Mhz/HDD 500 GB 5400 rpm/Intel HD Graphic/ 14.0 inch HD/DVDRW/ WC+WL+BT/ 3 cell/ Dos',1,7,1,1,NULL,'Chiếc','Lắp thêm RAM 4Gb',1,'mhduong',NULL,NULL,NULL,NULL,NULL,NULL,NULL,NULL,NULL,NULL),(110,'2017LAP-105','Máy tính xách tay HP 348 / Silver/ Intel Core i7-6500U (2.5 GHz up to 3.1 GHz/ 4 MB)/ Ram 8GB/ SSD 256GB/ DVDRW/ 14 inch HD/ Intel HD Graphics FP/ BT4/ Pin 4 Cell 41WHr/ DOS',1,7,1,1,NULL,'Chiếc','',1,'mhduong',NULL,NULL,NULL,NULL,NULL,NULL,NULL,NULL,NULL,NULL),(111,'2017LAP-106','Máy tính xách tay HP 348 / Silver/ Intel Core i7-6500U (2.5 GHz up to 3.1 GHz/ 4 MB)/ Ram 8GB/ SSD 256GB/ DVDRW/ 14 inch HD/ Intel HD Graphics FP/ BT4/ Pin 4 Cell 41WHr/ DOS',1,7,NULL,1,NULL,'Chiếc','',2,'mhduong',NULL,NULL,NULL,NULL,NULL,NULL,NULL,NULL,NULL,NULL),(112,'2017LAP-107','Máy tính xách tay HP 348 / Silver/ Intel Core i7-6500U (2.5 GHz up to 3.1 GHz/ 4 MB)/ Ram 8GB/ SSD 256GB/ DVDRW/ 14 inch HD/ Intel HD Graphics FP/ BT4/ Pin 4 Cell 41WHr/ DOS',1,7,1,1,NULL,'Chiếc','',1,'hnminh',NULL,NULL,NULL,NULL,NULL,NULL,NULL,NULL,NULL,NULL),(113,'2017LAP-108','Máy tính xách tay HP 348 / Silver/ Intel Core i7-6500U (2.5 GHz up to 3.1 GHz/ 4 MB)/ Ram 8GB/ SSD 256GB/ DVDRW/ 14 inch HD/ Intel HD Graphics FP/ BT4/ Pin 4 Cell 41WHr/ DOS',1,7,1,1,NULL,'Chiếc','Nợ balo',1,'nvhai',NULL,NULL,NULL,NULL,NULL,NULL,NULL,NULL,NULL,NULL),(114,'2017LAP-109','Máy tính xách tay HP 348 / Silver/ Intel Core i7-6500U (2.5 GHz up to 3.1 GHz, 4 MB)/ Ram 8GB/ SSD 256GB/ DVDRW/ 14 inch HD/ Intel HD Graphics FP/ BT4/ Pin 4 Cell 41WHr/ DOS',1,7,1,1,NULL,'Chiếc','',0,'ductn',NULL,NULL,NULL,NULL,NULL,NULL,NULL,NULL,NULL,NULL),(115,'2017LAP-110','Máy tính xách tay HP 348 / Silver/ Intel Core i7-6500U (2.5 GHz up to 3.1 GHz/ 4 MB)/ Ram 8GB/ SSD 256GB/ DVDRW/ 14 inch HD/ Intel HD Graphics FP/ BT4/ Pin 4 Cell 41WHr/ DOS',1,7,1,1,NULL,'Chiếc','',1,'htphuong',NULL,NULL,NULL,NULL,NULL,NULL,NULL,NULL,NULL,NULL),(116,'2017LAP-111','Máy tính xách tay Asus X441UA-GA056/Black/Intel Core i5-7200U (2.5 GHz/ 3MB)/RAM 4GB DDR4 2400 Mhz/HDD 500GB 5400 rpm/Intel HD Graphic/14.0 inch HD/DVDRW/WC+WL+BT/3 cell/DOS',1,7,1,1,NULL,'Chiếc','',1,'tttthao',NULL,NULL,NULL,NULL,NULL,NULL,NULL,NULL,NULL,NULL),(117,'2017LAP-112','Máy tính xách tay HP 348/Silver/ Intel Core i7-6500U (2.5 GHz up to 3.1 GHz/ 4 MB)/Ram 8GB/SSD 256 GB/DVDRW/ 14 inch HD/ Intel HD Graphics FP/ BT4/ Pin 4 cell/ 41WHr',1,7,1,1,NULL,'Chiếc','',1,'ndkhanh1',NULL,NULL,NULL,NULL,NULL,NULL,NULL,NULL,NULL,NULL),(118,'2017LAP-113','Máy tính xách tay HP 348/Silver/ Intel Core i7-6500U (2.5 GHz up to 3.1 GHz/ 4 MB)/Ram 8GB/SSD 256 GB/DVDRW/ 14 inch HD/ Intel HD Graphics FP/ BT4/ Pin 4 cell/ 41WHr',1,7,1,1,NULL,'Chiếc','',1,'nthung1',NULL,NULL,NULL,NULL,NULL,NULL,NULL,NULL,NULL,NULL),(119,'2017LAP-114','Máy tính xách tay HP 348/Silver/ Intel Core i7-6500U (2.5 GHz up to 3.1 GHz/ 4 MB)/Ram 8GB/SSD 256 GB/DVDRW/ 14 inch HD/ Intel HD Graphics FP/ BT4/ Pin 4 cell/ 41WHr',1,7,1,1,NULL,'Chiếc','',1,'bdlong',NULL,NULL,NULL,NULL,NULL,NULL,NULL,NULL,NULL,NULL),(120,'2017LAP-115','Máy tính xách tay HP 348/Silver/ Intel Core i7-6500U (2.5 GHz up to 3.1 GHz/ 4 MB)/Ram 8GB/SSD 256 GB/DVDRW/ 14 inch HD/ Intel HD Graphics FP/ BT4/ Pin 4 cell/ 41WHr',1,7,1,1,NULL,'Chiếc','',1,'ntviet2',NULL,NULL,NULL,NULL,NULL,NULL,NULL,NULL,NULL,NULL),(121,'2017LAP-116','Máy tính xách tay HP 348/Silver/ Intel Core i7-6500U (2.5 GHz up to 3.1 GHz/ 4 MB)/Ram 8GB/SSD 256 GB/DVDRW/ 14 inch HD/ Intel HD Graphics FP/ BT4/ Pin 4 cell/ 41WHr',1,7,1,1,NULL,'Chiếc','',1,'mhduong',NULL,NULL,NULL,NULL,NULL,NULL,NULL,NULL,NULL,NULL),(122,'2017LAP-117','Máy tính xách tay HP 348/Silver/ Intel Core i7-6500U (2.5 GHz up to 3.1 GHz, 4 MB)/Ram 8GB/SSD 256 GB/DVDRW/ 14 inch HD/ Intel HD Graphics FP/ BT4/ Pin 4 cell, 41WHr',1,7,NULL,1,NULL,'Chiếc','',2,'mhduong',NULL,NULL,NULL,NULL,NULL,NULL,NULL,NULL,NULL,NULL),(123,'2017LAP-118','Máy tính xách tay Asus X441UA-GA056/Black/Intel Core i5-7200U (2.5 GHz/ 3MB)/RAM 4GB DDR4 2400 Mhz/HDD 500GB 5400 rpm/Intel HD Graphic/14.0 inch HD/DVDRW/WC+WL+BT/3 cell/DOS',1,7,1,1,NULL,'Chiếc','',1,'vtathu',NULL,NULL,NULL,NULL,NULL,NULL,NULL,NULL,NULL,NULL),(124,'2017LAP-119','Lap 2017LAP-119',1,7,1,1,NULL,'Chiếc','',1,'tthuyen2',NULL,NULL,NULL,NULL,NULL,NULL,NULL,NULL,NULL,NULL),(125,'2017LAP-120','Lenovo IdeaPad 310/ Intel Core i5-7200U (2.5GHz/ 3MB)/ Ram 4GB DDR4/ HDD 1TB /15.6 inch FHD/ Intel Graphics/ WC + Wifi + BT4/ Pin 2 Cell 39 WHr/ DOS',1,7,1,1,NULL,'Chiếc','',1,'vthnhung1',NULL,NULL,NULL,NULL,NULL,NULL,NULL,NULL,NULL,NULL),(126,'2017LAP-121','Máy tính xách tay Apple Macbook Pro MLU02 (Silver) core i5 3.1 GHz/ Ram 8GB/ SSD 256 GB/ Retina 13/3 LED-backlit MacOS Sierra',1,7,1,1,NULL,'Chiếc','',1,'dtanh',NULL,NULL,NULL,NULL,NULL,NULL,NULL,NULL,NULL,NULL),(127,'2017LAP-122','Máy tính xách tay Lenovo IdeaPad 310-15IKB (80TV02FAVN)/Black/ Intel Core i5-7200U (2.5 GHz/ 3MB)/ Ram 4Gb DDR4/HDD 1TB/ 15.6 inch FHD/ Intel Graphics/ WC + Wifi + BT4/ Pin 2Cell 39 WHr/ DOS',1,7,1,1,NULL,'Chiếc','',1,'nttrang1',NULL,NULL,NULL,NULL,NULL,NULL,NULL,NULL,NULL,NULL),(128,'2017LAP-123','Máy tính xách tay HP 348/Silver/ Intel Core i7-6500U (2.5 GHz up to 3.1 GHz/ 4 MB)/Ram 8GB/SSD 256 GB/DVDRW/ 14 inch HD/ Intel HD Graphics FP/ BT4/ Pin 4 cell/ 41WHr',1,7,6,1,NULL,'Chiếc','',0,'ldhai','2020-01-05 23:10:48',NULL,NULL,NULL,NULL,NULL,NULL,NULL,NULL,NULL),(129,'2017LAP-124','Máy tính xách tay HP 348 G3/ Siliver/ Intel Core i7-6500 U (2.5 GHz up to 3.1 GHz/ 4MB)/ Ram 8GB/ SSD 256 GB/ DVDRW/ 14 inch HD/ Intel HD Graphics FP/ BT4/ Pin 4 cell 41 WHr/DOS',1,7,6,1,NULL,'Chiếc','',6,'nttdung1','2020-01-08 07:38:56',NULL,NULL,NULL,NULL,NULL,NULL,NULL,NULL,NULL),(130,'2017LAP-125','Máy tính xách tay Lenovo IdeaPad 310 Intel Core i5-7200U (2.5GHz/ 3MB)/ Ram 8GB DDR4/ HDD 1TB /15.6 inch FHD/ Intel Graphics/ WC + Wifi + BT4/ Pin 2 Cell 39 WHr/ DOS',1,7,NULL,1,NULL,'Chiếc','',2,'mhduong',NULL,NULL,NULL,NULL,NULL,NULL,NULL,NULL,NULL,NULL),(131,'2017LAP-126','Máy tính xách tay Dell Vostro 3468 / Intel Kabylake Core i5-7200U (2.50 GHz/3MB)/ Ram 8GB/ 1TB HDD/ DVDRW/ Intel HD Graphics/ 14 inch HD/ WC + WL+BT/ Ubuntu/ 3 Yrs',1,7,1,1,NULL,'Chiếc','',1,'mhduong',NULL,NULL,NULL,NULL,NULL,NULL,NULL,NULL,NULL,NULL),(132,'2017LAP-127','Máy tính xách tay HP 348 / Silver/ Intel Core i7-6500U (2.5 GHz up to 3.1 GHz/ 4 MB)/ Ram 8GB/ SSD 256GB/ DVDRW/ 14 inch HD/ Intel HD Graphics FP/ BT4/ Pin 4 Cell 41WHr/ DOS',1,7,1,1,NULL,'Chiếc','',1,'ldphu',NULL,NULL,NULL,NULL,NULL,NULL,NULL,NULL,NULL,NULL),(133,'2017LAP-128','Máy tính xách tay Lenovo IdeaPad 310 / Intel Core i5-7200U (2.5GHz/ 3MB)/ Ram 4GB DDR4/ HDD 1TB /15.6 inch FHD/ Intel Graphics/ WC + Wifi + BT4/ Pin 2 Cell 39 WHr/ DOS',1,7,1,1,NULL,'Chiếc','',1,'pqanh',NULL,NULL,NULL,NULL,NULL,NULL,NULL,NULL,NULL,NULL),(134,'2017LAP-129','Máy tính xách tay HP 348/Silver/ Intel Core i7-6500U (2.5 GHz up to 3.1 GHz/ 4 MB)/Ram 8GB/SSD 256 GB/DVDRW/ 14 inch HD/ Intel HD Graphics FP/ BT4/ Pin 4 cell/ 41WHr',1,7,2,1,NULL,'Chiếc','',1,'pqphuc',NULL,NULL,NULL,NULL,NULL,NULL,NULL,NULL,NULL,NULL),(135,'2017LAP-130','Máy tính xách tay HP 348/Silver/ Intel Core i7-6500U (2.5 GHz up to 3.1 GHz/ 4 MB)/Ram 8GB/SSD 256 GB/DVDRW/ 14 inch HD/ Intel HD Graphics FP/ BT4/ Pin 4 cell/ 41WHr',1,7,1,1,NULL,'Chiếc','',1,'lvhuong',NULL,NULL,NULL,NULL,NULL,NULL,NULL,NULL,NULL,NULL),(136,'2017LAP-131','Máy tính xách tay HP 348 G3/ Siliver/ Intel Core i7-6500 U (2.5 GHz up to 3.1 GHz/ 4MB)/ Ram 8GB/ SSD 256 GB/ DVDRW/ 14 inch HD/ Intel HD Graphics FP/ BT4/ Pin 4 cell 41 WHr/DOS',1,7,1,1,NULL,'Chiếc','',1,'gttha',NULL,NULL,NULL,NULL,NULL,NULL,NULL,NULL,NULL,NULL),(137,'2017LAP-132','Máy tính xách tay Apple Macbook Pro MPXT2 Space grey/Intel core i5 2.3GHz/ Ram 8GB/ 256 GB SSD/Intel Iris Graphics/ 13.3 inch Retina/ WC+WL+BT/Mac OS X Lion/1 Ỷ',1,7,1,1,NULL,'Chiếc','IBM',1,'lksy',NULL,NULL,NULL,NULL,NULL,NULL,NULL,NULL,NULL,NULL),(138,'2017LOA-001','Loa vali kéo 297 (Gồm 2 mic + Acquy)',1,9,1,1,NULL,'Chiếc','',0,'ductn',NULL,NULL,NULL,NULL,NULL,NULL,NULL,NULL,NULL,NULL),(139,'2017MHUY001','MÁY HUỶ TÀI LIỆU SILICON PS-800C',1,17,1,1,NULL,'Chiếc','',3,'ductn',NULL,NULL,NULL,NULL,NULL,NULL,NULL,NULL,NULL,NULL),(140,'2017MHUY002','Máy hủy giấy Bingo C36',1,17,1,1,NULL,'Chiếc','',1,'mhduong',NULL,NULL,NULL,NULL,NULL,NULL,NULL,NULL,NULL,NULL),(141,'2017MOBI001','Iphone 5',1,20,1,1,NULL,'Chiếc','',1,'hvphuong',NULL,'2019-12-31 00:00:00',NULL,NULL,NULL,NULL,NULL,NULL,NULL,NULL),(142,'2017MOBI002','Iphone 6 plus 16GB bạc',1,20,1,1,NULL,'Chiếc','',1,'nvhung1',NULL,NULL,NULL,NULL,NULL,NULL,NULL,NULL,NULL,NULL),(143,'2017MOBI003','Điện thoại di động Apple iphone SE 16Gb',1,20,1,1,NULL,'Chiếc','',1,'hvphuong',NULL,'2019-12-31 00:00:00',NULL,NULL,NULL,NULL,NULL,NULL,NULL,NULL),(144,'2017MOBI004','Máy tính bảng Asus HD7 kèm cáp',1,20,1,1,NULL,'Chiếc','',1,'nvtrung1',NULL,NULL,NULL,NULL,NULL,NULL,NULL,NULL,NULL,NULL),(145,'2017MOBI005','Iphone 5S 16GB silver',1,20,1,1,NULL,'Chiếc','',1,'hvphuong',NULL,'2019-12-31 00:00:00',NULL,NULL,NULL,NULL,NULL,NULL,NULL,NULL),(146,'2017MOBI006','Máy tính bảng Xiaomi Mi pad 2 Wifi 64 GB vàng',1,20,1,1,NULL,'Chiếc','',3,'ductn',NULL,NULL,NULL,NULL,NULL,NULL,NULL,NULL,NULL,NULL),(147,'2017MOBI007','Điện thoại di động LG Nexus 5',1,20,1,1,NULL,'Chiếc','HỎNG',3,'ductn',NULL,NULL,NULL,NULL,NULL,NULL,NULL,NULL,NULL,NULL),(148,'2017MOBI008','Moto G (XT1079) Black 16GB',1,20,1,1,NULL,'Chiếc','Test đến 13/07',1,'dnthien',NULL,NULL,NULL,NULL,NULL,NULL,NULL,NULL,NULL,NULL),(149,'2017MOBI009','Samsung Galaxy J5 new J510 Gold',1,20,1,1,NULL,'Chiếc','',3,'ductn',NULL,NULL,NULL,NULL,NULL,NULL,NULL,NULL,NULL,NULL),(150,'2019LOA-001','Iphone6',1,9,1,1,'53f6035a-d3dc-4e56-a7d7-fcd9d568e18a','Chiếc','',0,'ductn',NULL,NULL,NULL,NULL,NULL,NULL,NULL,NULL,NULL,NULL),(151,'2017MOBI011','Máy tính bảng Asus Google Nexus 7 - Wifi kèm cáp',1,20,1,1,NULL,'Chiếc','',1,'pvhieu',NULL,NULL,NULL,NULL,NULL,NULL,NULL,NULL,NULL,NULL),(152,'2017MOBI012','HTC one M7 - kèm dây',1,20,1,1,NULL,'Chiếc','',1,'hvphuong',NULL,'2019-12-25 00:00:00',NULL,NULL,NULL,NULL,NULL,NULL,NULL,NULL),(153,'2017MOBI013','Samsung S4 kèm cáp',1,20,1,1,NULL,'Chiếc','Test đến 13/07',0,'ductn',NULL,NULL,NULL,NULL,NULL,NULL,NULL,NULL,NULL,NULL),(154,'2017MOBI014','Samsung Tab4',1,20,1,1,NULL,'Chiếc','',0,'ductn',NULL,NULL,NULL,NULL,NULL,NULL,NULL,NULL,NULL,NULL),(155,'2017MOBI015','Samsung Tab4',1,20,1,1,NULL,'Chiếc','',0,'ductn',NULL,NULL,NULL,NULL,NULL,NULL,NULL,NULL,NULL,NULL),(156,'2017MOBI016','Điện thoại di động Samsung Galaxy S3 - kèm dây',1,20,1,1,NULL,'Chiếc','',1,'hvphuong',NULL,'2019-12-30 00:00:00',NULL,NULL,NULL,NULL,NULL,NULL,NULL,NULL),(157,'2017MOBI017','Máy tính bảng Samsung Galaxy P7500 10.1, 16GB, 3G, Wifi. tab10',1,20,1,1,NULL,'Chiếc','',3,'ductn',NULL,NULL,NULL,NULL,NULL,NULL,NULL,NULL,NULL,NULL),(158,'2017MOBI018','Điện thoại di động Iphone 5S',1,20,1,1,NULL,'Chiếc','',1,'hvphuong',NULL,'2019-12-30 00:00:00',NULL,NULL,NULL,NULL,NULL,NULL,NULL,NULL),(159,'2017MOBI019','Điện thoại di động Iphone 4',1,20,1,1,NULL,'Chiếc','',1,'nahoa',NULL,NULL,NULL,NULL,NULL,NULL,NULL,NULL,NULL,NULL),(160,'2017MOBI020','ipad 4 kèm cáp',1,20,1,1,NULL,'Chiếc','',1,'ntlquyen',NULL,NULL,NULL,NULL,NULL,NULL,NULL,NULL,NULL,NULL),(161,'2017MOBI021','Điện thoại Samsung Galaxy J7 Pro -J730 Black (353317091688276)',1,20,1,1,NULL,'Chiếc','',0,'ductn',NULL,NULL,NULL,NULL,NULL,NULL,NULL,NULL,NULL,NULL),(162,'2017MODE001','Bộ định tuyến Vigor 3900 Draytek',1,21,1,1,NULL,'Chiếc','Tủ rack 1',1,'ndson',NULL,NULL,NULL,NULL,NULL,NULL,NULL,NULL,NULL,NULL),(163,'2017MODE002','Bộ định tuyến Draytek Vigor V2960',1,21,1,1,NULL,'Chiếc','',1,'nmphuong1',NULL,NULL,NULL,NULL,NULL,NULL,NULL,NULL,NULL,NULL),(164,'2017MODE003','Cisco ISR 4321 Sec bundle w/SEC license SNTC-8x5xNBD Cisco ISR 4321 Sec bundle w/SEC IP base license for ISR 4320 Series AC power supply for Cisco 4320 AC power cord/ type C5/ Europe 2 port GE WAN NIM/ dual-mode RJ 45 & SFP 4G Flash Memory for Cisco 4300 4G DRam for Cisco ISR 4320 security license for Cisco ISR 4320 series blank face plate for NIM slot on Cisco ISR 4400',1,21,1,1,NULL,'Chiếc','',1,'dtanh',NULL,NULL,NULL,NULL,NULL,NULL,NULL,NULL,NULL,NULL),(165,'2017MON-001','Màn hình LCD Dell E2216HV Full HD 21/5',1,11,1,1,NULL,'Chiếc','',1,'ntkien12',NULL,NULL,NULL,NULL,NULL,NULL,NULL,NULL,NULL,NULL),(166,'2017MON-002','Màn hình LCD Dell E2216HV Full HD 21/5',1,11,1,1,NULL,'Chiếc','',1,'lhhanh',NULL,NULL,NULL,NULL,NULL,NULL,NULL,NULL,NULL,NULL),(167,'2017MON-003','Màn hình Dell 18.5 inch',1,11,1,1,NULL,'Chiếc','',0,'ductn',NULL,NULL,NULL,NULL,NULL,NULL,NULL,NULL,NULL,NULL),(168,'2017MON-004','Màn hình AOC 18.5\" E970SWNL',1,11,1,1,NULL,'Chiếc','',1,'bmthin',NULL,NULL,NULL,NULL,NULL,NULL,NULL,NULL,NULL,NULL),(169,'2017MON-005','View Sonic',1,11,1,1,NULL,'Chiếc','',0,'ductn',NULL,NULL,NULL,NULL,NULL,NULL,NULL,NULL,NULL,NULL),(170,'2017MON-006','Màn hình LCD Dell E1914H 18.5 inch Wide',1,11,1,1,NULL,'Chiếc','',0,'ductn',NULL,NULL,NULL,NULL,NULL,NULL,NULL,NULL,NULL,NULL),(171,'2017MON-007','LCD HP 17 inch',1,11,1,1,NULL,'Chiếc','',1,'nddang',NULL,NULL,NULL,NULL,NULL,NULL,NULL,NULL,NULL,NULL),(172,'2017MON-008','Màn hình Acer LCD X193HQK',1,11,1,1,NULL,'Chiếc','',1,'ntvanh3',NULL,NULL,NULL,NULL,NULL,NULL,NULL,NULL,NULL,NULL),(173,'2017MON-009','Màn hình AOC 18.5\" E970SWNL',1,11,1,1,NULL,'Chiếc','',1,'vxthien',NULL,NULL,NULL,NULL,NULL,NULL,NULL,NULL,NULL,NULL),(174,'2017MON-010','Monitor CMS LCD 17\"',1,11,1,1,NULL,'Chiếc','Làm server',1,'mhduong',NULL,NULL,NULL,NULL,NULL,NULL,NULL,NULL,NULL,NULL),(175,'2017MON-011','Màn hình LCD Dell E1914H 18.5 inch Wide',1,11,1,1,NULL,'Chiếc','',1,'ntkien12',NULL,NULL,NULL,NULL,NULL,NULL,NULL,NULL,NULL,NULL),(176,'2017MON-012','Màn hình Dell 18.5 inch',1,11,1,1,NULL,'Chiếc','',1,'tvtien',NULL,NULL,NULL,NULL,NULL,NULL,NULL,NULL,NULL,NULL),(177,'2017MON-013','Mon Acer LCD 17\"',1,11,1,1,NULL,'Chiếc','',3,'ductn',NULL,NULL,NULL,NULL,NULL,NULL,NULL,NULL,NULL,NULL),(178,'2017MON-014','Màn hình Dell 18.5 inch',1,11,1,1,NULL,'Chiếc','',1,'dkhuyen',NULL,NULL,NULL,NULL,NULL,NULL,NULL,NULL,NULL,NULL),(179,'2017MON-015','Monitor LCD Acer',1,11,1,1,NULL,'Chiếc','',1,'lmlinh',NULL,NULL,NULL,NULL,NULL,NULL,NULL,NULL,NULL,NULL),(180,'2017MON-016','View Sonic 19 inch inch',1,11,1,1,NULL,'Chiếc','',0,'ductn',NULL,NULL,NULL,NULL,NULL,NULL,NULL,NULL,NULL,NULL),(181,'2017MON-017','Màn hình Dell 18.5 inch',1,11,1,1,NULL,'Chiếc','',1,'dnhquan',NULL,NULL,NULL,NULL,NULL,NULL,NULL,NULL,NULL,NULL),(182,'2017MON-018','Mon Acer LCD 17\"',1,11,1,1,NULL,'Chiếc','',3,'ductn',NULL,NULL,NULL,NULL,NULL,NULL,NULL,NULL,NULL,NULL),(183,'2017MON-019','Màn hình LCD Dell E1916 HV 18/5 inch',1,11,1,1,NULL,'Chiếc','',1,'ddviet',NULL,NULL,NULL,NULL,NULL,NULL,NULL,NULL,NULL,NULL),(184,'2017MON-020','Mon HP 20\" LCD Model 2009F',1,11,1,1,NULL,'Chiếc','',0,'ductn',NULL,NULL,NULL,NULL,NULL,NULL,NULL,NULL,NULL,NULL),(185,'2017MON-021','LCD CMS 17\"',1,11,1,1,NULL,'Chiếc','',3,'ductn',NULL,NULL,NULL,NULL,NULL,NULL,NULL,NULL,NULL,NULL),(186,'2017MON-022','Màn hình AOC 18.5\" E970SWNL',1,11,1,1,NULL,'Chiếc','Thiếu dây',1,'ndhoang1',NULL,NULL,NULL,NULL,NULL,NULL,NULL,NULL,NULL,NULL),(187,'2017MON-023','Màn hình LCD Dell E1916 HV 18,5 inch',1,11,1,1,NULL,'Chiếc','',3,'ductn',NULL,NULL,NULL,NULL,NULL,NULL,NULL,NULL,NULL,NULL),(188,'2017MON-024','Màn hình 17 inch',1,11,1,1,NULL,'Chiếc','',3,'ductn',NULL,NULL,NULL,NULL,NULL,NULL,NULL,NULL,NULL,NULL),(189,'2017MON-025','Màn hình LCD Dell E1916HV 18.5 inch',1,11,1,1,NULL,'Chiếc','',0,'ductn',NULL,NULL,NULL,NULL,NULL,NULL,NULL,NULL,NULL,NULL),(190,'2017MON-026','Màn hình Dell 18.5 inch',1,11,1,1,NULL,'Chiếc','',0,'ductn',NULL,NULL,NULL,NULL,NULL,NULL,NULL,NULL,NULL,NULL),(191,'2017MON-027','Mon LCD CMS 18\"',1,11,1,1,NULL,'Chiếc','',3,'ductn',NULL,NULL,NULL,NULL,NULL,NULL,NULL,NULL,NULL,NULL),(192,'2017MON-028','View Sonic',1,11,1,1,NULL,'Chiếc','',3,'ductn',NULL,NULL,NULL,NULL,NULL,NULL,NULL,NULL,NULL,NULL),(193,'2017MON-029','Màn hình AOC 18.5\" E970SWNL',1,11,1,1,NULL,'Chiếc','',1,'hvphuong',NULL,'2019-12-30 00:00:00',NULL,NULL,NULL,NULL,NULL,NULL,NULL,NULL),(194,'2017MON-030','LCD Dell E2216H 21/5 inch',1,11,1,1,NULL,'Chiếc','',1,'nahoa',NULL,NULL,NULL,NULL,NULL,NULL,NULL,NULL,NULL,NULL),(195,'2017MON-031','Màn hình Dell 18.5 inch',1,11,1,1,NULL,'Chiếc','',0,'ductn',NULL,NULL,NULL,NULL,NULL,NULL,NULL,NULL,NULL,NULL),(196,'2017MON-032','Màn hình AOC 18.5\" E970SWNL',1,11,1,1,NULL,'Chiếc','',0,'ductn',NULL,NULL,NULL,NULL,NULL,NULL,NULL,NULL,NULL,NULL),(197,'2017MON-033','LCD Dell E2216H 21.5 inch',1,11,1,1,NULL,'Chiếc','',1,'mhduong',NULL,NULL,NULL,NULL,NULL,NULL,NULL,NULL,NULL,NULL),(198,'2017MON-034','Monitor LCD 17” HP',1,11,1,1,NULL,'Chiếc','',3,'ductn',NULL,NULL,NULL,NULL,NULL,NULL,NULL,NULL,NULL,NULL),(199,'2017MON-035','Acer',1,11,1,1,NULL,'Chiếc','',3,'ductn',NULL,NULL,NULL,NULL,NULL,NULL,NULL,NULL,NULL,NULL),(200,'2017MON-036','Monitor HP 17\" LCD L1710 GS917AA',1,11,1,1,NULL,'Chiếc','',3,'ductn',NULL,NULL,NULL,NULL,NULL,NULL,NULL,NULL,NULL,NULL),(201,'2017MON-037','Monitor LCD 17 inch inch',1,11,1,1,NULL,'Chiếc','',3,'ductn',NULL,NULL,NULL,NULL,NULL,NULL,NULL,NULL,NULL,NULL),(202,'2017MON-038','Màn hình LCD Dell E1916 HV 18,5 inch',1,11,1,1,NULL,'Chiếc','',0,'ductn',NULL,NULL,NULL,NULL,NULL,NULL,NULL,NULL,NULL,NULL),(203,'2017MON-039','View Sonic',1,11,1,1,NULL,'Chiếc','',1,'ntpha',NULL,NULL,NULL,NULL,NULL,NULL,NULL,NULL,NULL,NULL),(204,'2017MON-040','Màn hình LCD Dell E1914H 18.5 inch Wide',1,11,1,1,NULL,'Chiếc','',0,'ductn',NULL,NULL,NULL,NULL,NULL,NULL,NULL,NULL,NULL,NULL),(205,'2017MON-041','Monitor HP 17\" LCD L1710 GS917AA',1,11,1,1,NULL,'Chiếc','',3,'ductn',NULL,NULL,NULL,NULL,NULL,NULL,NULL,NULL,NULL,NULL),(206,'2017MON-042','Màn hình Dell 18.5 inch',1,11,1,1,NULL,'Chiếc','',1,'dtluc',NULL,NULL,NULL,NULL,NULL,NULL,NULL,NULL,NULL,NULL),(207,'2017MON-043','CMS 17 inch inch LCD',1,11,1,1,NULL,'Chiếc','',3,'ductn',NULL,NULL,NULL,NULL,NULL,NULL,NULL,NULL,NULL,NULL),(208,'2017MON-044','Màn hình AOC 18.5\" E970SWNL',1,11,1,1,NULL,'Chiếc','',1,'ptttrang3',NULL,NULL,NULL,NULL,NULL,NULL,NULL,NULL,NULL,NULL),(209,'2017MON-045','Màn hình LCD Dell E1913S 19\" vuông',1,11,1,1,NULL,'Chiếc','',3,'ductn',NULL,NULL,NULL,NULL,NULL,NULL,NULL,NULL,NULL,NULL),(210,'2017MON-046','Màn hình Dell 18.5 inch',1,11,1,1,NULL,'Chiếc','',1,'nmha',NULL,NULL,NULL,NULL,NULL,NULL,NULL,NULL,NULL,NULL),(211,'2017MON-048','Monitor Acer LCD 17\"',1,11,1,1,NULL,'Chiếc','Làm server',3,'ductn',NULL,NULL,NULL,NULL,NULL,NULL,NULL,NULL,NULL,NULL),(212,'2017MON-049','LCD Dell E2216H 21/5 inch',1,11,1,1,NULL,'Chiếc','',1,'pvhieu',NULL,NULL,NULL,NULL,NULL,NULL,NULL,NULL,NULL,NULL),(213,'2017MON-050','LCD Dell E2216H 21/5 inch',1,11,1,1,NULL,'Chiếc','',1,'hmduc',NULL,NULL,NULL,NULL,NULL,NULL,NULL,NULL,NULL,NULL),(214,'2017MON-051','LCD Dell E2216H 21/5 inch',1,11,1,1,NULL,'Chiếc','',1,'mtanh',NULL,NULL,NULL,NULL,NULL,NULL,NULL,NULL,NULL,NULL),(215,'2017MON-052','LCD Dell E2216H 21/5 inch',1,11,1,1,NULL,'Chiếc','',1,'nthnhung',NULL,NULL,NULL,NULL,NULL,NULL,NULL,NULL,NULL,NULL),(216,'2017MON-053','LCD Dell E2216H 21/5 inch',1,11,1,1,NULL,'Chiếc','',1,'mhduong',NULL,NULL,NULL,NULL,NULL,NULL,NULL,NULL,NULL,NULL),(217,'2017MON-054','Màn hình LCD Dell E2216HV Full HD 21.5 inch',1,11,1,1,NULL,'Chiếc','',1,'mhduong',NULL,NULL,NULL,NULL,NULL,NULL,NULL,NULL,NULL,NULL),(218,'2017MON-055','Dell E2216 HV 21/5 inch',1,11,1,1,NULL,'Chiếc','',1,'vccong',NULL,NULL,NULL,NULL,NULL,NULL,NULL,NULL,NULL,NULL),(219,'2017MON-056','LCD Dell E2216H 21/5 inch',1,11,1,1,NULL,'Chiếc','',1,'nkcuong2',NULL,NULL,NULL,NULL,NULL,NULL,NULL,NULL,NULL,NULL),(220,'2017MON-057','LCD Dell E2216H 21/5 inch',1,11,1,1,NULL,'Chiếc','',1,'ptdam',NULL,NULL,NULL,NULL,NULL,NULL,NULL,NULL,NULL,NULL),(221,'2017MON-058','LCD Dell E2216H 21/5 inch',1,11,1,1,NULL,'Chiếc','',1,'ptttrang3',NULL,NULL,NULL,NULL,NULL,NULL,NULL,NULL,NULL,NULL),(222,'2017MON-059','LCD Dell E2216H 21/5 inch',1,11,1,1,NULL,'Chiếc','',1,'bhduc',NULL,NULL,NULL,NULL,NULL,NULL,NULL,NULL,NULL,NULL),(223,'2017MON-060','Màn hình LCD Dell E2216HV Full HD 21.5 inch',1,11,1,1,NULL,'Chiếc','',1,'tvtien',NULL,NULL,NULL,NULL,NULL,NULL,NULL,NULL,NULL,NULL),(224,'2017MON-061','LCD Dell E2216H 21/5 inch',1,11,1,1,NULL,'Chiếc','',1,'mhduong',NULL,NULL,NULL,NULL,NULL,NULL,NULL,NULL,NULL,NULL),(225,'2017MON-062','LCD Dell E2216H 21/5 inch',1,11,1,1,NULL,'Chiếc','',1,'mhduong',NULL,NULL,NULL,NULL,NULL,NULL,NULL,NULL,NULL,NULL),(226,'2017MON-063','LCD Dell E2216H 21/5 inch',1,11,1,1,NULL,'Chiếc','Làm server',1,'mhduong',NULL,NULL,NULL,NULL,NULL,NULL,NULL,NULL,NULL,NULL),(227,'2017MON-064','LCD dell E2416H 24 inch',1,11,1,1,NULL,'Chiếc','',1,'nxcanh',NULL,NULL,NULL,NULL,NULL,NULL,NULL,NULL,NULL,NULL),(228,'2017MON-065','Màn hình LCD Dell E1914H 18.5 inch Wide',1,11,1,1,NULL,'Chiếc','A Giáp',0,'ductn',NULL,NULL,NULL,NULL,NULL,NULL,NULL,NULL,NULL,NULL),(229,'2017MON-066','Dell U2414H 23.8\" Ultrasharp IPS LED',1,11,1,1,NULL,'Chiếc','',1,'dtluc',NULL,NULL,NULL,NULL,NULL,NULL,NULL,NULL,NULL,NULL),(230,'2017MON-067','Dell U2414H 23.8\" Ultrasharp IPS LED',1,11,1,1,NULL,'Chiếc','',1,'tnluan',NULL,NULL,NULL,NULL,NULL,NULL,NULL,NULL,NULL,NULL),(231,'2017MON-068','Dell U2414H 23.8\" Ultrasharp IPS LED',1,11,1,1,NULL,'Chiếc','',1,'dtanh',NULL,NULL,NULL,NULL,NULL,NULL,NULL,NULL,NULL,NULL),(232,'2017MON-069','Dell U2414H 23.8\" Ultrasharp IPS LED',1,11,1,1,NULL,'Chiếc','',1,'dtdat2',NULL,NULL,NULL,NULL,NULL,NULL,NULL,NULL,NULL,NULL),(233,'2017MON-070','LCD Dell E2216H Full HD',1,11,1,1,NULL,'Chiếc','',1,'hmduc',NULL,NULL,NULL,NULL,NULL,NULL,NULL,NULL,NULL,NULL),(234,'2017MON-071','Màn hình LCD Dell U24 14H/23.8 inch/HDMI x2',1,11,1,1,NULL,'Chiếc','',1,'pvoanh',NULL,NULL,NULL,NULL,NULL,NULL,NULL,NULL,NULL,NULL),(235,'2017MON-072','Dell U2414H 23.8\" Ultrasharp IPS LED',1,11,1,1,NULL,'Chiếc','',1,'tthuyen1',NULL,NULL,NULL,NULL,NULL,NULL,NULL,NULL,NULL,NULL),(236,'2017MON-073','Màn hình máy tính View Sonic VA1903A, 19 inch (18.5 vis) LCD Monitor 1366x768 VGA Tilt VA-03 ID',1,11,1,1,NULL,'Chiếc','',0,'ductn',NULL,NULL,NULL,NULL,NULL,NULL,NULL,NULL,NULL,NULL),(237,'2017MON-074','Màn hình máy tính View Sonic VA1903A, 19 inch (18.5 vis) LCD Monitor 1366x768 VGA Tilt VA-03 ID',1,11,NULL,1,NULL,'Chiếc','',2,'mhduong',NULL,NULL,NULL,NULL,NULL,NULL,NULL,NULL,NULL,NULL),(238,'2017MON-075','Màn hình máy tính View Sonic VA1903A/ 19 inch (18.5 vis) LCD Monitor 1366x768 VGA Tilt VA-03 ID',1,11,1,1,NULL,'Chiếc','',1,'vtlam',NULL,NULL,NULL,NULL,NULL,NULL,NULL,NULL,NULL,NULL),(239,'2017MON-076','Màn hình máy tính View Sonic VA1903A, 19 inch (18.5 vis) LCD Monitor 1366x768 VGA Tilt VA-03 ID',1,11,1,1,NULL,'Chiếc','',0,'ductn',NULL,NULL,NULL,NULL,NULL,NULL,NULL,NULL,NULL,NULL),(240,'2017MON-077','Màn hình máy tính View Sonic VA1903A/ 19 inch (18.5 vis) LCD Monitor 1366x768 VGA Tilt VA-03 ID',1,11,1,1,NULL,'Chiếc','',1,'nthung',NULL,NULL,NULL,NULL,NULL,NULL,NULL,NULL,NULL,NULL),(241,'2017MON-078','Màn hình máy tính View Sonic VA1903A, 19 inch (18.5 vis) LCD Monitor 1366x768 VGA Tilt VA-03 ID',1,11,1,1,NULL,'Chiếc','',0,'ductn',NULL,NULL,NULL,NULL,NULL,NULL,NULL,NULL,NULL,NULL),(242,'2017MON-079','Màn hình máy tính View Sonic VA1903A/ 19 inch (18.5 vis) LCD Monitor 1366x768 VGA Tilt VA-03 ID',1,11,1,1,NULL,'Chiếc','',1,'ndvan',NULL,NULL,NULL,NULL,NULL,NULL,NULL,NULL,NULL,NULL),(243,'2017MON-080','Màn hình máy tính View Sonic VA1903A/ 19 inch (18.5 vis) LCD Monitor 1366x768 VGA Tilt VA-03 ID',1,11,1,1,NULL,'Chiếc','',1,'nhtoan1',NULL,NULL,NULL,NULL,NULL,NULL,NULL,NULL,NULL,NULL),(244,'2017MON-081','Màn hình máy tính View Sonic VA1903A/ 19 inch (18.5 vis) LCD Monitor 1366x768 VGA Tilt VA-03 ID',1,11,1,1,NULL,'Chiếc','Đã bảo hành P&T',1,'nttrang1',NULL,NULL,NULL,NULL,NULL,NULL,NULL,NULL,NULL,NULL),(245,'2017MON-082','Màn hình máy tính View Sonic VA1903A/ 19 inch (18.5 vis) LCD Monitor 1366x768 VGA Tilt VA-03 ID',1,11,1,1,NULL,'Chiếc','',1,'ttvinh2',NULL,NULL,NULL,NULL,NULL,NULL,NULL,NULL,NULL,NULL),(246,'2017MON-083','Màn hình máy tính View Sonic VA1903A, 19 inch (18.5 vis) LCD Monitor 1366x768 VGA Tilt VA-03 ID',1,11,1,1,NULL,'Chiếc','Thay Panel ngày 12/03/2018',0,'ductn',NULL,NULL,NULL,NULL,NULL,NULL,NULL,NULL,NULL,NULL),(247,'2017MON-084','Màn hình máy tính View Sonic VA1903A/ 19 inch (18.5 vis) LCD Monitor 1366x768 VGA Tilt VA-03 ID',1,11,1,1,NULL,'Chiếc','',0,'nthung','2020-01-05 23:07:41',NULL,NULL,NULL,NULL,NULL,NULL,NULL,NULL,NULL),(248,'2017MON-085','Màn hình máy tính View Sonic VA1903A, 19 inch (18.5 vis) LCD Monitor 1366x768 VGA Tilt VA-03 ID',1,11,1,1,NULL,'Chiếc','',0,'ductn',NULL,NULL,NULL,NULL,NULL,NULL,NULL,NULL,NULL,NULL),(249,'2017MON-086','Màn hình máy tính View Sonic VA1903A/ 19 inch (18.5 vis) LCD Monitor 1366x768 VGA Tilt VA-03 ID',1,11,1,1,NULL,'Chiếc','',1,'ndson',NULL,NULL,NULL,NULL,NULL,NULL,NULL,NULL,NULL,NULL),(250,'2017MON-087','Màn hình máy tính View Sonic VA1903A/ 19 inch (18.5 vis) LCD Monitor 1366x768 VGA Tilt VA-03 ID',1,11,1,1,NULL,'Chiếc','',1,'vtthao',NULL,NULL,NULL,NULL,NULL,NULL,NULL,NULL,NULL,NULL),(251,'2017MON-088','Màn hình máy tính View Sonic VA1903A/ 19 inch (18.5 vis) LCD Monitor 1366x768 VGA Tilt VA-03 ID',1,11,1,1,NULL,'Chiếc','',1,'dtdat3',NULL,NULL,NULL,NULL,NULL,NULL,NULL,NULL,NULL,NULL),(252,'2017MON-089','Màn hình máy tính View Sonic VA1903A/ 19 inch (18.5 vis) LCD Monitor 1366x768 VGA Tilt VA-03 ID',1,11,1,1,NULL,'Chiếc','Đổi máy Thương - Hải do thay nhau đi onsite',1,'ndson',NULL,NULL,NULL,NULL,NULL,NULL,NULL,NULL,NULL,NULL),(253,'2017MON-090','Màn hình máy tính View Sonic VA1903A/ 19 inch (18.5 vis) LCD Monitor 1366x768 VGA Tilt VA-03 ID',1,11,1,1,NULL,'Chiếc','',1,'nmanh',NULL,NULL,NULL,NULL,NULL,NULL,NULL,NULL,NULL,NULL),(254,'2017MON-091','Màn hình máy tính View Sonic VA1903A/ 19 inch (18.5 vis) LCD Monitor 1366x768 VGA Tilt VA-03 ID',1,11,1,1,NULL,'Chiếc','',1,'ntpthanh',NULL,NULL,NULL,NULL,NULL,NULL,NULL,NULL,NULL,NULL),(255,'2017MON-092','Màn hình máy tính View Sonic VA1903A, 19 inch (18.5 vis) LCD Monitor 1366x768 VGA Tilt VA-03 ID',1,11,1,1,NULL,'Chiếc','',0,'ductn',NULL,NULL,NULL,NULL,NULL,NULL,NULL,NULL,NULL,NULL),(256,'2017MON-093','Màn hình máy tính View Sonic VA1903A, 19 inch (18.5 vis) LCD Monitor 1366x768 VGA Tilt VA-03 ID',1,11,1,1,NULL,'Chiếc','',0,'ductn',NULL,NULL,NULL,NULL,NULL,NULL,NULL,NULL,NULL,NULL),(257,'2017MON-094','Màn hình máy tính View Sonic VA1903A/ 19 inch (18.5 vis) LCD Monitor 1366x768 VGA Tilt VA-03 ID',1,11,1,1,NULL,'Chiếc','',1,'dxtho',NULL,NULL,NULL,NULL,NULL,NULL,NULL,NULL,NULL,NULL),(258,'2017MON-095','Màn hình máy tính View Sonic VA1903A/ 19 inch (18.5 vis) LCD Monitor 1366x768 VGA Tilt VA-03 ID',1,11,1,1,NULL,'Chiếc','',1,'hvphuong',NULL,NULL,NULL,NULL,NULL,NULL,NULL,NULL,NULL,NULL),(259,'2017MON-096','Màn hình máy tính View Sonic VA1903A/ 19 inch (18.5 vis) LCD Monitor 1366x768 VGA Tilt VA-03 ID',1,11,1,1,NULL,'Chiếc','',1,'vvanh2',NULL,NULL,NULL,NULL,NULL,NULL,NULL,NULL,NULL,NULL),(260,'2017MON-097','Màn hình Dell E2216H 21.5\"',1,11,1,1,NULL,'Chiếc','',1,'nthieu4',NULL,NULL,NULL,NULL,NULL,NULL,NULL,NULL,NULL,NULL),(261,'2017MON-098','Màn hình Dell E2216H 21.5\"',1,11,1,1,NULL,'Chiếc','',1,'vvthuy',NULL,NULL,NULL,NULL,NULL,NULL,NULL,NULL,NULL,NULL),(262,'2017MON-099','Màn hình Dell E2216H 21.5\"',1,11,1,1,NULL,'Chiếc','',1,'lvhuong',NULL,NULL,NULL,NULL,NULL,NULL,NULL,NULL,NULL,NULL),(263,'2017MON-100','Màn hình Dell UltraSharp 24\" U2414H Full HD',1,11,1,1,NULL,'Chiếc','',1,'htthoa',NULL,NULL,NULL,NULL,NULL,NULL,NULL,NULL,NULL,NULL),(264,'2017MON-101','Màn hình Dell E2216H 21.5\"',1,11,1,1,NULL,'Chiếc','',1,'lvtrung',NULL,NULL,NULL,NULL,NULL,NULL,NULL,NULL,NULL,NULL),(265,'2017MON-102','Màn hình LCD Dell E2216H Full HD 21.5 inch (1920x1080)/VGA + Display',1,11,1,1,NULL,'Chiếc','',1,'nthung1',NULL,NULL,NULL,NULL,NULL,NULL,NULL,NULL,NULL,NULL),(266,'2017MON-103','Màn hình Dell E2216H 21.5\"',1,11,1,1,NULL,'Chiếc','',1,'ndkhanh1',NULL,NULL,NULL,NULL,NULL,NULL,NULL,NULL,NULL,NULL),(267,'2017MON-104','Màn hình Dell E2216H 21.5\"',1,11,1,1,NULL,'Chiếc','',1,'pdtanh',NULL,NULL,NULL,NULL,NULL,NULL,NULL,NULL,NULL,NULL),(268,'2017MON-105','Màn hình Dell E2216H 21.5\"',1,11,1,1,NULL,'Chiếc','',1,'nhvan',NULL,NULL,NULL,NULL,NULL,NULL,NULL,NULL,NULL,NULL),(269,'2017MON-106','Màn hình LCD Dell E2216H Full HD 21.5 inch (1920x1080)/VGA + Display',1,11,1,1,NULL,'Chiếc','',1,'mhduong',NULL,NULL,NULL,NULL,NULL,NULL,NULL,NULL,NULL,NULL),(270,'2017MON-107','Màn hình LCD Dell E2216H Full HD 21.5 inch (1920x1080)/VGA + Display',1,11,1,1,NULL,'Chiếc','',1,'dkthanh',NULL,NULL,NULL,NULL,NULL,NULL,NULL,NULL,NULL,NULL),(271,'2017MON-108','Màn hình LCD Dell E2216H Full HD 21.5 inch (1920x1080)/VGA + Display',1,11,1,1,NULL,'Chiếc','',0,'nthung','2020-01-05 23:05:43',NULL,NULL,NULL,NULL,NULL,NULL,NULL,NULL,NULL),(272,'2017MON-109','Màn hình LCD Dell E2216H Full HD 21.5 inch (1920x1080)/VGA + Display',1,11,1,1,NULL,'Chiếc','',1,'dtxuan',NULL,NULL,NULL,NULL,NULL,NULL,NULL,NULL,NULL,NULL),(273,'2017MON-110','Màn hình LCD Dell E2216H Full HD 21.5 inch (1920x1080)/VGA + Display',1,11,1,1,NULL,'Chiếc','',1,'mhduong',NULL,NULL,NULL,NULL,NULL,NULL,NULL,NULL,NULL,NULL),(274,'2017MON-111','Màn hình LCD Dell E2216H Full HD 21.5 inch (1920x1080)/VGA + Display',1,11,1,1,NULL,'Chiếc','',1,'dtnhung',NULL,NULL,NULL,NULL,NULL,NULL,NULL,NULL,NULL,NULL),(275,'2017MON-112','Màn hình LCD Dell E2216H Full HD 21.5 inch (1920x1080)/VGA + Display',1,11,1,1,NULL,'Chiếc','',1,'ntgiang2',NULL,NULL,NULL,NULL,NULL,NULL,NULL,NULL,NULL,NULL),(276,'2017MON-113','Màn hình LCD Dell E2216H Full HD 21.5 inch (1920x1080)/VGA + Display',1,11,1,1,NULL,'Chiếc','',1,'ntbinh4',NULL,NULL,NULL,NULL,NULL,NULL,NULL,NULL,NULL,NULL),(277,'2017MON-114','Màn hình LCD Dell U24 14H/23.8 inch/HDMI x2',1,11,1,1,NULL,'Chiếc','',1,'dbhung',NULL,NULL,NULL,NULL,NULL,NULL,NULL,NULL,NULL,NULL),(278,'2017MON-115','Màn hình LCD Dell E2216H Full HD 21.5 inch (1920x1080)/VGA + Display',1,11,1,1,NULL,'Chiếc','',1,'vbhuan',NULL,NULL,NULL,NULL,NULL,NULL,NULL,NULL,NULL,NULL),(279,'2017MON-116','Màn hình LCD Dell E2216H Full HD 21.5 inch (1920x1080)/VGA + Display',1,11,1,1,NULL,'Chiếc','',1,'pghuu',NULL,NULL,NULL,NULL,NULL,NULL,NULL,NULL,NULL,NULL),(280,'2017MON-117','Màn hình LCD Dell E2216H Full HD 21.5 inch (1920x1080)/VGA + Display',1,11,1,1,NULL,'Chiếc','',1,'mhduong',NULL,NULL,NULL,NULL,NULL,NULL,NULL,NULL,NULL,NULL),(281,'2017MON-118','Màn hình LCD Dell E2216H Full HD 21.5 inch (1920x1080)/VGA + Display',1,11,1,1,NULL,'Chiếc','',1,'nhtuan',NULL,NULL,NULL,NULL,NULL,NULL,NULL,NULL,NULL,NULL),(282,'2017MON-119','Màn hình LCD Dell E2216HV Full HD 21.5 inch inch',1,11,1,1,NULL,'Chiếc','',1,'ntkien',NULL,NULL,NULL,NULL,NULL,NULL,NULL,NULL,NULL,NULL),(283,'2017MON-120','Màn hình LCD Dell E2216HV Full HD 21.5 inch inch',1,11,1,1,NULL,'Chiếc','',1,'pghuu',NULL,NULL,NULL,NULL,NULL,NULL,NULL,NULL,NULL,NULL),(284,'2017MON-121','Màn hình LCD Dell E2216HV Full HD 21.5 inch inch',1,11,1,1,NULL,'Chiếc','',1,'mhduong',NULL,NULL,NULL,NULL,NULL,NULL,NULL,NULL,NULL,NULL),(285,'2017MON-122','Màn hình LCD Dell U2414H/ 23.8 inch',1,11,1,1,NULL,'Chiếc','',1,'nddang',NULL,NULL,NULL,NULL,NULL,NULL,NULL,NULL,NULL,NULL),(286,'2017MON-123','Màn hình LCD Dell E2216HV Full HD 21.5 inch inch',1,11,1,1,NULL,'Chiếc','',1,'nttgiang',NULL,NULL,NULL,NULL,NULL,NULL,NULL,NULL,NULL,NULL),(287,'2017MON-124','Màn hình LCD Dell E2216H Full HD 21.5 inch (1920x1080)/VGA + Display',1,11,1,1,NULL,'Chiếc','',1,'mhduong',NULL,NULL,NULL,NULL,NULL,NULL,NULL,NULL,NULL,NULL),(288,'2017MON-125','Màn hình LCD Dell E2216H Full HD 21.5 inch (1920x1080)/VGA + Display',1,11,1,1,NULL,'Chiếc','',1,'gttha',NULL,NULL,NULL,NULL,NULL,NULL,NULL,NULL,NULL,NULL),(289,'2017MON-126','Màn hình LCD Dell S2218H 21.5 inch LED (1920x1080)/VGA/HDMI/IPS',1,11,1,1,NULL,'Chiếc','',1,'nmhieu',NULL,NULL,NULL,NULL,NULL,NULL,NULL,NULL,NULL,NULL),(290,'2017MON-127','Màn hình LCD Dell E2216H Full HD 21.5 inch (1920x1080)/VGA + Display',1,11,1,1,NULL,'Chiếc','',1,'dnbao',NULL,NULL,NULL,NULL,NULL,NULL,NULL,NULL,NULL,NULL),(291,'2017MON-128','Màn hình LCD Dell E2216H Full HD 21.5 inch (1920x1080)/VGA + Display',1,11,1,1,NULL,'Chiếc','',1,'dnbao',NULL,NULL,NULL,NULL,NULL,NULL,NULL,NULL,NULL,NULL),(292,'2017MON-129','Màn hình LCD Dell E2216H Full HD 21.5 inch (1920x1080)/VGA + Display',1,11,1,1,'51ce19be-feef-4aac-8da2-907ddbe50f9c','Chiếc','',0,'ductn',NULL,NULL,NULL,NULL,NULL,NULL,NULL,NULL,'2020-01-10 01:50:03','mhduong'),(293,'2017MON-130','Màn hình LCD Dell E2216H Full HD 21.5 inch (1920x1080)/VGA + Display',1,11,1,1,NULL,'Chiếc','',1,'nhvan',NULL,NULL,NULL,NULL,NULL,NULL,NULL,NULL,NULL,NULL),(294,'2017MON-131','Màn hình LCD Dell E2216H Full HD 21.5 inch (1920x1080)/VGA + Display',1,11,1,1,NULL,'Chiếc','Mua 32 bộ cho RRC',1,'bhduc',NULL,NULL,NULL,NULL,NULL,NULL,NULL,NULL,NULL,NULL),(295,'2017MON-132','Màn hình LCD Dell E2216H Full HD 21.5 inch (1920x1080)/VGA + Display',1,11,1,1,NULL,'Chiếc','Mua 32 bộ cho RRC',1,'vdtan',NULL,NULL,NULL,NULL,NULL,NULL,NULL,NULL,NULL,NULL),(296,'2017MON-133','Màn hình LCD Dell E2216H Full HD 21.5 inch (1920x1080)/VGA + Display',1,11,1,1,NULL,'Chiếc','Mua 32 bộ cho RRC',1,'nxkhanh',NULL,NULL,NULL,NULL,NULL,NULL,NULL,NULL,NULL,NULL),(297,'2017MON-134','Màn hình LCD Dell E2216H Full HD 21.5 inch (1920x1080)/VGA + Display',1,11,1,1,NULL,'Chiếc','Mua 32 bộ cho RRC',1,'nbson',NULL,NULL,NULL,NULL,NULL,NULL,NULL,NULL,NULL,NULL),(298,'2017MON-135','Màn hình LCD Dell E2216H Full HD 21.5 inch (1920x1080)/VGA + Display',1,11,1,1,NULL,'Chiếc','Mua 32 bộ cho RRC',1,'vvlong',NULL,NULL,NULL,NULL,NULL,NULL,NULL,NULL,NULL,NULL),(299,'2017MON-136','Màn hình LCD Dell E2216H Full HD 21.5 inch (1920x1080)/VGA + Display',1,11,1,1,NULL,'Chiếc','Mua 32 bộ cho RRC',1,'nvtruong1',NULL,NULL,NULL,NULL,NULL,NULL,NULL,NULL,NULL,NULL),(300,'2017MON-137','Màn hình LCD Dell E2216H Full HD 21.5 inch (1920x1080)/VGA + Display',1,11,1,1,NULL,'Chiếc','Mua 32 bộ cho RRC',1,'dxthanh',NULL,NULL,NULL,NULL,NULL,NULL,NULL,NULL,NULL,NULL),(301,'2017MON-138','Màn hình LCD Dell E2216H Full HD 21.5 inch (1920x1080)/VGA + Display',1,11,1,1,NULL,'Chiếc','Mua 32 bộ cho RRC',0,'nthung','2020-01-05 23:05:43',NULL,NULL,NULL,NULL,NULL,NULL,NULL,NULL,NULL),(302,'2017MON-139','Màn hình LCD Dell E2216H Full HD 21.5 inch (1920x1080)/VGA + Display',1,11,1,1,NULL,'Chiếc','Mua 32 bộ cho RRC',1,'mhduong',NULL,NULL,NULL,NULL,NULL,NULL,NULL,NULL,NULL,NULL),(303,'2017MON-140','Màn hình LCD Dell E2216H Full HD 21.5 inch (1920x1080)/VGA + Display',1,11,1,1,NULL,'Chiếc','Mua 32 bộ cho RRC',1,'nhminh',NULL,NULL,NULL,NULL,NULL,NULL,NULL,NULL,NULL,NULL),(304,'2017MON-141','Màn hình LCD Dell E2216H Full HD 21.5 inch (1920x1080)/VGA + Display',1,11,1,1,NULL,'Chiếc','Mua 32 bộ cho RRC',1,'hvphuong',NULL,NULL,NULL,NULL,NULL,NULL,NULL,NULL,NULL,NULL),(305,'2017MON-142','Màn hình LCD Dell E2216H Full HD 21.5 inch (1920x1080)/VGA + Display',1,11,1,1,NULL,'Chiếc','Mua 32 bộ cho RRC',1,'tmgiang',NULL,NULL,NULL,NULL,NULL,NULL,NULL,NULL,NULL,NULL),(306,'2017MON-143','Màn hình LCD Dell E2216H Full HD 21.5 inch (1920x1080)/VGA + Display',1,11,1,1,NULL,'Chiếc','Mua 32 bộ cho RRC',1,'nvphuc',NULL,NULL,NULL,NULL,NULL,NULL,NULL,NULL,NULL,NULL),(307,'2017MON-144','Màn hình LCD Dell E2216H Full HD 21.5 inch (1920x1080)/VGA + Display',1,11,1,1,NULL,'Chiếc','Mua 32 bộ cho RRC',1,'vdhao',NULL,NULL,NULL,NULL,NULL,NULL,NULL,NULL,NULL,NULL),(308,'2017MON-145','Màn hình LCD Dell E2216H Full HD 21.5 inch (1920x1080)/VGA + Display',1,11,1,1,NULL,'Chiếc','Mua 32 bộ cho RRC',1,'mhduong',NULL,NULL,NULL,NULL,NULL,NULL,NULL,NULL,NULL,NULL),(309,'2017MON-146','Màn hình LCD Dell E2216H Full HD 21.5 inch (1920x1080)/VGA + Display',1,11,1,1,NULL,'Chiếc','Mua 32 bộ cho RRC',1,'ttthuong',NULL,NULL,NULL,NULL,NULL,NULL,NULL,NULL,NULL,NULL),(310,'2017MON-147','Màn hình LCD Dell E2216H Full HD 21.5 inch (1920x1080)/VGA + Display',1,11,1,1,NULL,'Chiếc','Mua 32 bộ cho RRC',1,'nxcanh',NULL,NULL,NULL,NULL,NULL,NULL,NULL,NULL,NULL,NULL),(311,'2017MON-148','Màn hình LCD Dell E2216H Full HD 21.5 inch (1920x1080)/VGA + Display',1,11,1,1,NULL,'Chiếc','Mua 32 bộ cho RRC',1,'vxthien',NULL,NULL,NULL,NULL,NULL,NULL,NULL,NULL,NULL,NULL),(312,'2017MON-149','Màn hình LCD Dell E2216H Full HD 21.5 inch (1920x1080)/VGA + Display',1,11,1,1,NULL,'Chiếc','Mua 32 bộ cho RRC',1,'dmtuong',NULL,NULL,NULL,NULL,NULL,NULL,NULL,NULL,NULL,NULL),(313,'2017MON-150','Màn hình LCD Dell E2216H Full HD 21.5 inch (1920x1080)/VGA + Display',1,11,1,1,NULL,'Chiếc','Mua 32 bộ cho RRC',1,'mhduong',NULL,NULL,NULL,NULL,NULL,NULL,NULL,NULL,NULL,NULL),(314,'2017MON-151','Màn hình LCD Dell E2216H Full HD 21.5 inch (1920x1080)/VGA + Display',1,11,1,1,NULL,'Chiếc','Mua 32 bộ cho RRC',1,'ncthang',NULL,NULL,NULL,NULL,NULL,NULL,NULL,NULL,NULL,NULL),(315,'2017MON-152','Màn hình LCD Dell E2216H Full HD 21.5 inch (1920x1080)/VGA + Display',1,11,1,1,NULL,'Chiếc','Mua 32 bộ cho RRC',1,'lvtung1',NULL,NULL,NULL,NULL,NULL,NULL,NULL,NULL,NULL,NULL),(316,'2017MON-153','Màn hình LCD Dell E2216H Full HD 21.5 inch (1920x1080)/VGA + Display',1,11,1,1,NULL,'Chiếc','Mua 32 bộ cho RRC',0,'nthung','2020-01-02 05:26:08',NULL,NULL,NULL,NULL,NULL,NULL,NULL,NULL,NULL),(317,'2017MON-154','Màn hình LCD Dell E2216H Full HD 21.5 inch (1920x1080)/VGA + Display',1,11,1,1,NULL,'Chiếc','Mua 32 bộ cho RRC',1,'dnduc',NULL,NULL,NULL,NULL,NULL,NULL,NULL,NULL,NULL,NULL),(318,'2017MON-155','Màn hình LCD Dell E2216H Full HD 21.5 inch (1920x1080)/VGA + Display',1,11,1,1,NULL,'Chiếc','Mua 32 bộ cho RRC',1,'vdtan',NULL,NULL,NULL,NULL,NULL,NULL,NULL,NULL,NULL,NULL),(319,'2017MON-156','Màn hình LCD Dell E2216H Full HD 21.5 inch (1920x1080)/VGA + Display',1,11,2,1,NULL,'Chiếc','Mua 32 bộ cho RRC',0,'hvphuong','2019-12-26 16:25:30',NULL,NULL,NULL,NULL,NULL,NULL,NULL,NULL,NULL),(320,'2017MON-157','Màn hình LCD Dell E2216H Full HD 21.5 inch (1920x1080)/VGA + Display',1,11,1,1,NULL,'Chiếc','Mua 32 bộ cho RRC',1,'ddhuy',NULL,NULL,NULL,NULL,NULL,NULL,NULL,NULL,NULL,NULL),(321,'2017MON-158','Màn hình LCD Dell E2216H Full HD 21.5 inch (1920x1080)/VGA + Display',1,11,NULL,1,NULL,'Chiếc','Mua 32 bộ cho RRC',2,'mhduong',NULL,NULL,NULL,NULL,NULL,NULL,NULL,NULL,NULL,NULL),(322,'2017MON-159','Màn hình LCD Dell E2216H Full HD 21.5 inch (1920x1080)/VGA + Display',1,11,NULL,1,NULL,'Chiếc','Mua 32 bộ cho RRC',2,'mhduong',NULL,NULL,NULL,NULL,NULL,NULL,NULL,NULL,NULL,NULL),(323,'2017MON-160','Màn hình LCD Dell E2216H Full HD 21.5 inch (1920x1080)/VGA + Display',1,11,1,1,NULL,'Chiếc','Mua 32 bộ cho RRC',1,'dqthang',NULL,NULL,NULL,NULL,NULL,NULL,NULL,NULL,NULL,NULL),(324,'2019LAP-001','Dell optiplex 3046/ core i5-6500/ ram 8gb/ HDD 500GB/ key+mouse ',1,7,NULL,1,'9880b0f8-06d1-462b-958c-af6c8e8ee6c6','Cái','',3,'nthung',NULL,NULL,NULL,NULL,NULL,NULL,NULL,NULL,NULL,NULL),(325,'2019NAS-001','Dell optiplex 3046/ core i5-6500/ ram 8gb/ HDD 500GB/ key+mouse',1,22,NULL,1,'3f1ae6a4-0d5e-4d26-bf99-f7e735c574f9','Chiếc','Server',3,'nthung',NULL,NULL,NULL,NULL,NULL,NULL,NULL,NULL,NULL,NULL),(326,'2017-PC-003','PC',1,26,1,1,'f88356c3-2703-42c5-ad4d-805d96ec3134','unit','Note',0,'ductn','2019-12-30 23:37:59',NULL,NULL,NULL,NULL,NULL,NULL,NULL,NULL,NULL),(327,'2020BT006','HP pavilion 550-032L/core i5-4460/4GBx2/ 1TB/key+mouse',1,1,NULL,1,'e2ed33bf-741e-4187-8a91-0542301e3f75','Chiếc','',3,NULL,NULL,NULL,NULL,NULL,NULL,NULL,NULL,NULL,NULL,NULL),(328,'2017-PC-005','Bộ máy tính CMS Scorpion S710-197(core i3-3240/ RAM 4GBx2 thanh/HDD 500GB/DVDRom',1,26,NULL,1,'ae7ada4b-05ee-4190-b2aa-114f36de26b0','Chiếc','',2,'ductn',NULL,NULL,NULL,NULL,NULL,NULL,NULL,NULL,NULL,NULL),(329,'2019HUT-001','Mac mini - MGEN2ZP/A/ Core i5 2.6 Ghz/ Ram 8gb/ HDD 1TB',1,16,NULL,1,'27e2ac07-1daa-42c5-9b30-eff920b1dd1f','Chiếc','',2,'ductn',NULL,NULL,NULL,NULL,NULL,NULL,NULL,NULL,NULL,NULL),(330,'2019SCAN001','kdhvhjsdf',1,19,2,1,'e9827a94-60a2-401d-9230-eb2a9b120df6','','',0,'hvphuong','2019-12-24 02:22:24',NULL,NULL,NULL,NULL,NULL,NULL,NULL,NULL,NULL),(331,'2017-PC-008','Dell optilplex 3040 SFF/ core i5-6500U/8GB/500GB/ key+mouse',1,26,NULL,1,'fdbd262b-a19a-4c85-aa0f-1369064c1923','Chiếc','',2,'mhduong',NULL,NULL,NULL,NULL,NULL,NULL,NULL,NULL,NULL,NULL),(332,'2017-PC-009','Bộ máy tính CMS Vipo V710-204 (i3-3240/4GB x 2 thanh/500GB/DVDROM/PCI 1GB)',1,26,NULL,1,'03e61b60-4405-4aec-b515-49cc0414a686','Chiếc','',2,'ductn',NULL,NULL,NULL,NULL,NULL,NULL,NULL,NULL,NULL,NULL),(333,'2017-PC-010','Dell optiplex 3020 SFF/ core i5-4590/8GB/ 500GB',1,26,2,1,'c56eb9d6-32c4-49b1-b553-fb4a11b8fbbc','Chiếc','',0,'hvphuong','2019-12-27 06:31:29',NULL,NULL,NULL,NULL,NULL,NULL,NULL,NULL,NULL),(334,'2017-PC-011','Mac mini/ core i5/ Ram 8GB/ HDD 1TB',1,26,1,1,'5ec53e83-10c9-4dc8-a9c6-4fb2c8020cce','Chiếc','',0,'nttdung1','2019-12-31 06:58:21',NULL,NULL,NULL,NULL,NULL,NULL,NULL,NULL,NULL),(335,'2017-PC-012','CMS Scorpion intel core 2 Quad Q8300 2.5 GHz, 1333 MHz FSB, 4MB cache, inte G41, 500 GB Sata/DVD rom/ + 1 DD Ram512 bus 400 (3/8/11)',1,26,1,1,'d2ab8c9c-a828-43ba-88d8-adfd14f248f3','Chiếc','',3,'ductn',NULL,NULL,NULL,NULL,NULL,NULL,NULL,NULL,NULL,NULL),(336,'2019SCAN002','Dell optiplex 3020 SFF/ core i5-4590/8GB/ 500GB',1,19,2,1,'153372ae-aee9-467f-ba57-5b508eaa7162','Chiếc','',0,'hvphuong','2019-12-25 16:01:21',NULL,NULL,NULL,NULL,NULL,NULL,NULL,NULL,NULL),(337,'2017-PC-014','Bộ máy tính CMS Vipo V710-204 (i3-3240/4GB x 2 thanh/500GB/DVDROM)',1,26,1,1,'986cd9a0-11f5-4ba7-99d5-8f07202115b7','Chiếc','',5,'ductn',NULL,NULL,NULL,NULL,NULL,NULL,NULL,NULL,NULL,NULL),(338,'2017-PC-015','Bộ máy tính CMS Vipo V710-204 (i3-3240/4GB x 2 thanh/500GB/DVDROM/PCI 1GB)',1,26,3,1,'a5866964-85dc-4ce6-b94c-f62078a738d6','Chiếc','',0,'ndvan','2019-12-25 16:26:03',NULL,NULL,NULL,NULL,NULL,NULL,NULL,NULL,NULL),(339,'2017-PC-016','Bộ máy tính CMS Scorpion S710-197 (core i3-3240. H61/ RAM4GB/ HDD500GB/DVDROM/Key/Mou (RAM 8GB)',1,26,1,1,'28777322-6d29-4b1b-843e-71c2d3d7c187','Chiếc','',1,'bmthin',NULL,NULL,NULL,NULL,NULL,NULL,NULL,NULL,NULL,NULL),(340,'2017-PC-017','Bộ máy tính CMS Scorpion S710-197(core i3-3240, RAM 4GB x 2 thanh/HDD 500GB/DVDRom',1,26,1,1,'2df0cd61-6c4f-443a-8dc4-990e83c22408','Chiếc','Server Sistic trong kho',0,'ductn',NULL,NULL,NULL,NULL,NULL,NULL,NULL,NULL,NULL,NULL),(341,'2017-PC-018','Dell Optiplex 3020SFF (70055828)/Intel, core i3-4150 (3.50GHz,3MB)/ Ram 4gb DDR3 1600Mhz x 2 thanh/ 500GB HDD/ Intel HD Graphics/8x DVDRW/ ubuntu',1,26,2,1,'289fb327-224c-49bc-9531-654d2ebd9e73','Chiếc','Làm server',0,'hvphuong','2019-12-25 16:30:55',NULL,NULL,NULL,NULL,NULL,NULL,NULL,NULL,NULL),(342,'2017-PC-019','Dell optiplex 3020 SFF/ core i5-4590/8GB/ 500GB',1,26,1,1,'d426ea89-b511-41b5-8ca8-92a281617898','Chiếc','Đã bỏ 1 thanh ram 8GB để còn 8GB',0,'ductn','2019-12-27 06:30:48',NULL,NULL,NULL,NULL,NULL,NULL,NULL,NULL,NULL),(343,'2017-PC-021','HP pavilion 550-032L/core i5-4460/4GBx2/ 1TB/key+mouse',1,26,1,1,'a7e1c190-21e9-48fa-b55d-bfe43b7d41fa','Chiếc','',1,'mhduong',NULL,NULL,NULL,NULL,NULL,NULL,NULL,NULL,NULL,NULL),(344,'2017-PC-022','Bộ máy tính CMS Scorpion S710-197(core i3-3240/ RAM 2GBx2 thanh/HDD 500GB/DVDRom',1,26,1,1,'f402590e-f987-4109-8930-84786d05268c','Chiếc','',1,'lhhanh',NULL,NULL,NULL,NULL,NULL,NULL,NULL,NULL,NULL,NULL),(345,'2017-PC-023','Bộ máy tính CMS Scorpion S710-197(core i3-3240, RAM 2GB+4GB/HDD 500GB/DVDRom',1,26,1,1,'3aeea69d-1485-4b27-8aad-f55b0497b348','Chiếc','',0,'ductn',NULL,NULL,NULL,NULL,NULL,NULL,NULL,NULL,NULL,NULL),(346,'2017-PC-025','Dell optiplex 3020 SFF/ core i5-4590/8GB/ 500GB',1,26,1,1,'fa1987a5-c7bf-4d5d-97f0-bcf2e3e67cba','Chiếc','',1,'nvtien',NULL,NULL,NULL,NULL,NULL,NULL,NULL,NULL,NULL,NULL),(347,'2017-PC-026','Dell Optiplex 3020MT, core i3-4150, Ram 4gb x2/ HDD 500GB',1,26,1,1,'1d7bc33c-6f94-41c9-90c6-da2d4b6e2941','Chiếc','Cấp để cài đặt server',0,'ductn',NULL,NULL,NULL,NULL,NULL,NULL,NULL,NULL,NULL,NULL),(348,'2017-PC-027','Bộ máy tính CMS Vipo V710-204 (i3-3240/4GB/ 500GB/ DVDROM/PCI 1GB)',1,26,1,1,'1632f3d6-265f-47e4-868b-5f0955c99780','Chiếc','',0,'ductn',NULL,NULL,NULL,NULL,NULL,NULL,NULL,NULL,NULL,NULL),(349,'2017-PC-028','Bộ máy tính CMS Vipo V710-204 (i3-3240/4GB/500GB/DVDROM/PCI 1GB)',1,26,1,1,'ca01c54d-95b3-4791-b32b-b241dddb6323','Chiếc','',1,'ntnhung1',NULL,NULL,NULL,NULL,NULL,NULL,NULL,NULL,NULL,NULL),(350,'2017-PC-029','Bộ máy tính CMS Vipo V710-204 (i3-3240/4GB x 2 thanh/500GB/DVDROM)',1,26,1,1,'41ad3cfe-6768-42d1-9edb-f0ed771eceaa','Chiếc','2 thanh 2 GB hỏng - bỏ',1,'nahoa',NULL,NULL,NULL,NULL,NULL,NULL,NULL,NULL,NULL,NULL),(351,'2017-PC-030','Dell optiplex 3020 SFF/ core i5-4590/8GB/ 500GB',1,26,1,1,'196e28cc-8fbf-4e3d-baf3-0c2fdfde8e42','Chiếc','12GB ram',1,'pvhieu',NULL,NULL,NULL,NULL,NULL,NULL,NULL,NULL,NULL,NULL),(352,'2017-PC-031','PCCMS Vipo V785-194 (core i3-2130, RAM 4GB, HDD 1TB, DVDROM, PCI 1GB, Key, Mou)',1,26,1,1,'d67720a2-6cc8-49e7-83a4-529753c250b7','Chiếc','',0,'ductn',NULL,NULL,NULL,NULL,NULL,NULL,NULL,NULL,NULL,NULL),(353,'2017-PC-032','Dell Optiplex 3020 SFF/ core i5-4590/4GB/ 500GB',1,26,1,1,'8ce5d4eb-3bda-4659-8850-3c885b2bd4dd','Chiếc','Máy chấm công',0,'ductn',NULL,NULL,NULL,NULL,NULL,NULL,NULL,NULL,NULL,NULL),(354,'2017-PC-033','Mac Mini MC815 ZP/A 2.3GHz dual-core Intel Core i5 8GB memory 500GB hard drive1 Intel HD Graphics 3000 OS X Lion, 8GB ram',1,26,NULL,1,'cfab972f-cabc-4e3a-a6ae-a96c674d07d4','Chiếc','',3,'ductn',NULL,NULL,NULL,NULL,NULL,NULL,NULL,NULL,NULL,NULL),(355,'2017-PC-034','Mac mini/ core i5/ Ram 8GB/ HDD 1TB',1,26,1,1,'bd43642c-092a-4d6b-9e42-b74b4de2c878','Chiếc','',1,'tthuyen1',NULL,NULL,NULL,NULL,NULL,NULL,NULL,NULL,NULL,NULL),(356,'2017-PC-035','Bộ máy tính CMS Scorpion S710-197(core i3-3240/ RAM 4GB/HDD 500GB/DVDRom',1,26,1,1,'1fc3de64-c309-40c6-a4cf-2c9b9ef5bbf5','Chiếc','',1,'mhduong',NULL,NULL,NULL,NULL,NULL,NULL,NULL,NULL,NULL,NULL),(357,'2017-PC-036','Dell optilplex 3040 SFF/ core i5-6500U/8GB/500GB/ key+mou',1,26,1,1,'612f454e-9b06-409c-9638-0cad0e0ecc99','Chiếc','server chấm công IBM',1,'ndson',NULL,NULL,NULL,NULL,NULL,NULL,NULL,NULL,NULL,NULL),(358,'2017-PC-037','Dell Optiplex 3020MT, core i3-4150, Ram 4gb x 2 thanh,HDD 500GB',1,26,1,1,'d5529d64-fec2-4d9b-93a2-9b630a38b82c','Chiếc','',0,'ductn',NULL,NULL,NULL,NULL,NULL,NULL,NULL,NULL,NULL,NULL),(359,'2017-PC-038','Dell Optiplex 3020SFF (70055828)/Intel/ core i3-4150 (3.50GHz/3MB)/ Ram 4gb DDR3 1600Mhz x 2 thanh/ 500GB HDD/ Intel HD Graphics/8x DVDRW/ Key & Mouse/ ubuntu',1,26,1,1,'0956d820-93d5-4042-8c30-59e9739089c2','Chiếc','',1,'nttrang1',NULL,NULL,NULL,NULL,NULL,NULL,NULL,NULL,NULL,NULL),(360,'2017-PC-039','HP pavilion 550-171L /i5-6400/ 8GB/ 1TB/ key+mouse',1,26,1,1,'bc92d280-84fc-4e2f-a2e7-72f1c2a29269','Chiếc','',1,'tvhai',NULL,NULL,NULL,NULL,NULL,NULL,NULL,NULL,NULL,NULL),(361,'2017-PC-040','Bộ máy tính CMS Scorpion S710-197 (core i3-3240. H61/RAM 4GB x 2 thanh/HDD 500GB)',1,26,1,1,'3144246a-b103-40f8-a4d1-703bb254de3d','Chiếc','',6,'nttdung1','2020-01-08 03:11:47',NULL,NULL,NULL,NULL,NULL,NULL,NULL,NULL,NULL),(362,'2017-PC-041','Dell optiplex 3020 SFF/ core i5-4590/8GB/ 500GB',1,26,1,1,'ae07454b-9d23-43b0-b1bd-e6be4faa9553','Chiếc','',0,'bmthin','2019-12-30 08:53:12',NULL,NULL,NULL,NULL,NULL,NULL,NULL,NULL,NULL),(363,'2017-PC-042','Mac Mini MC815 ZP/A 2.3GHz dual-core Intel Core i5 2GB memory 500GB hard drive1 Intel HD Graphics 3000 OS X Lion',1,26,1,1,'6c3c0fda-3f1d-425c-bd8f-e7a7844198a1','Chiếc','Thiếu dây',1,'nvtrung1',NULL,NULL,NULL,NULL,NULL,NULL,NULL,NULL,NULL,NULL),(364,'2017-PC-043','Dell optiplex 3020 SFF/ core i5-4590/8GB/ 500GB',1,26,1,1,'fb174ae2-1fac-4d30-944c-4453a943e8ac','Chiếc','Dùng cho 2 tivi',1,'dtanh',NULL,NULL,NULL,NULL,NULL,NULL,NULL,NULL,NULL,NULL),(365,'2017-PC-044','Dell optiplex 3020 SFF/ core i5-4590/8GB/ 500GB',1,26,1,1,'09b9b592-95d4-4875-8913-dc6147138cf9','Chiếc','',1,'hmduc',NULL,NULL,NULL,NULL,NULL,NULL,NULL,NULL,NULL,NULL),(366,'2017-PC-045','Dell optilpex 3020SFF/core i5-4590/ 8GB/ 500GB',1,26,1,1,'d95dc0b9-0c44-499d-9716-1b772a80148a','Chiếc','',1,'mtanh',NULL,NULL,NULL,NULL,NULL,NULL,NULL,NULL,NULL,NULL),(367,'2017-PC-046','HP pavilion 550-171L /i5-6400/ 8GB/ 1TB/ key+mouse',1,26,1,1,'f3d98291-9dd4-498f-a2ba-cdb87dcff8e8','Chiếc','',1,'nthnhung',NULL,NULL,NULL,NULL,NULL,NULL,NULL,NULL,NULL,NULL),(368,'2017-PC-048','Dell Optiplex 3020 SFF/ core i5-4590/8GB/ 500GB',1,26,1,1,'43371cbf-7c7d-4988-8f02-37cba21a0db1','Chiếc','server DTS',1,'nxcanh',NULL,NULL,NULL,NULL,NULL,NULL,NULL,NULL,NULL,NULL),(369,'2017-PC-049','Dell optiplex 3046SFF/ core i5-6500/ Ram 8gb/ HDD 500GB/ key+mouse',1,26,1,1,'e1b4d391-ae7e-4b91-bda3-54aa963883a2','Chiếc','',1,'ntpha',NULL,NULL,NULL,NULL,NULL,NULL,NULL,NULL,NULL,NULL),(370,'2017-PC-050','Dell Optiplex 3020 SFF/ core i5-4590/4GB/ 500GB',1,26,1,1,'92dd266f-365f-4ab6-91f1-e0ada2497498','Chiếc','',1,'dvvinh2',NULL,NULL,NULL,NULL,NULL,NULL,NULL,NULL,NULL,NULL),(371,'2017-PC-051','Dell Optiplex 3020 SFF/ core i5-4590/4GB x 2 thanh/ 500GB',1,26,1,1,'49d97fad-a678-4864-b267-dc790cbd2359','Chiếc','lắp thêm ram 4gb tháng 3.2017',1,'ntkien12',NULL,NULL,NULL,NULL,NULL,NULL,NULL,NULL,NULL,NULL),(372,'2017-PC-052','Dell Optiplex 3020 SFF/ core i5-4590/8GB/ 500GB',1,26,1,1,'703214d5-d9ff-40ae-887d-e7025112a7c4','Chiếc','',1,'ntkien12',NULL,NULL,NULL,NULL,NULL,NULL,NULL,NULL,NULL,NULL),(373,'2017-PC-053','Dell Optiplex 3020 SFF/ core i5-4590/4GB x 2 thanh/ 500GB',1,26,1,1,'78323339-2af1-40af-b5bc-7edcbbb667ac','Chiếc','lắp thêm ram 4gb tháng 3.2017',0,'ductn','2019-12-30 05:30:09',NULL,NULL,NULL,NULL,NULL,NULL,NULL,NULL,NULL),(374,'2017-PC-054','Dell Optiplex 3020 SFF/ core i5-4590/4GB/ 500GB ',1,26,2,1,'9863e61d-849a-40f1-95df-4515da7a02af','Chiếc','Làm server',0,'hvphuong','2019-12-30 05:29:56',NULL,NULL,NULL,NULL,NULL,NULL,NULL,NULL,NULL),(375,'2017-PC-055','Dell Optiplex 3020 SFF/ core i5-4590/4GB/ 500GB',1,26,NULL,1,'63e3fc36-b1ec-4e35-a686-39c8c7d96886','Chiếc','',2,'mhduong',NULL,NULL,NULL,NULL,NULL,NULL,NULL,NULL,NULL,NULL),(376,'2017-PC-056','Dell Optiplex 3020 SFF/ core i5-4590/8GB/ 500GB',1,26,2,1,NULL,'Chiếc','',5,'hvphuong','2019-12-27 12:37:18',NULL,NULL,NULL,NULL,NULL,NULL,NULL,NULL,NULL),(377,'2017-PC-057','Dell optiplex 3020 SFF/ core i5-4590/8GB/ 500GB',1,26,2,1,NULL,'Chiếc','',5,'hvphuong','2019-12-27 12:37:18',NULL,NULL,NULL,NULL,NULL,NULL,NULL,NULL,NULL),(378,'2017-PC-058','Máy chủ Xeon 3.2 ghz/ ram 4x2Gb/ HDD 250 Gb + 500GB',1,26,1,1,NULL,'Chiếc','CMCTEL-HN/DED/2015/1181-KM2',1,'ndson',NULL,NULL,NULL,NULL,NULL,NULL,NULL,NULL,NULL,NULL),(379,'2017-PC-059','Bộ máy tính CMS Vipo V710-204 (i3-3240/Ram 4GB x2/ 500GB/DVDROM)',1,26,1,1,NULL,'Chiếc','',1,'lmlinh',NULL,NULL,NULL,NULL,NULL,NULL,NULL,NULL,NULL,NULL),(380,'2017-PC-060','X3500M4/ chíp vi tính Xeon 6C E5-2620V2 2.1 GHz/1600Mhz/ 15 MB/ Ram 1x8GB/ Ram 128 GB (16 GB x 8) / ỏ cứng IBM 3TB (1TBx3) ổ DVD Rom/ Card Raid M1115/ nguồn 750WW-7383C5A',1,26,1,1,NULL,'Chiếc','Phòng máy chủ/ Cloud',1,'ndson',NULL,NULL,NULL,NULL,NULL,NULL,NULL,NULL,NULL,NULL),(381,'2017-PC-061','Asus D310MT / Intel Core i7-4790 ( 2.5 up to 3.1 Ghz/ 4Mb) / Ram 8Gb DDR3/ SSD 256Gb/ DVDRom/ Intel HD Graphics / USB Keyboard & Mouse / Dos',1,26,1,1,NULL,'Chiếc','',1,'hmduc',NULL,NULL,NULL,NULL,NULL,NULL,NULL,NULL,NULL,NULL),(382,'2017-PC-062','Bộ máy tính X-media X95B-686 (Intel i5-7400/H110/Ram 8GB/HDD 500 GB/Keyboard/Mouse',1,26,1,1,NULL,'Chiếc','',1,'mhduong',NULL,NULL,NULL,NULL,NULL,NULL,NULL,NULL,NULL,NULL),(383,'2017-PC-063','Bộ máy tính X-media X95B-686 (Intel i5-7400/H110/Ram 8GB/HDD 500 GB/Keyboard/Mouse',1,26,1,1,NULL,'Chiếc','',1,'nklinh',NULL,NULL,NULL,NULL,NULL,NULL,NULL,NULL,NULL,NULL),(384,'2017-PC-064','Bộ máy tính X-media X95B-686 (Intel i5-7400/H110/Ram 8GB/HDD 500 GB/Keyboard/Mouse',1,26,1,1,NULL,'Chiếc','',1,'nthung',NULL,NULL,NULL,NULL,NULL,NULL,NULL,NULL,NULL,NULL),(385,'2017-PC-065','Bộ máy tính X-media X95B-686 (Intel i5-7400/H110/Ram 8GB/HDD 500 GB/Keyboard/Mouse',1,26,1,1,NULL,'Chiếc','',1,'dnhquan',NULL,NULL,NULL,NULL,NULL,NULL,NULL,NULL,NULL,NULL),(386,'2017-PC-066','Lap 2017-PC-066',1,26,1,1,NULL,'Chiếc','',1,'bhduc',NULL,NULL,NULL,NULL,NULL,NULL,NULL,NULL,NULL,NULL),(387,'2017-PC-067','Bộ máy tính X-media X95B-686 (Intel i5-7400/H110/Ram 8GB/240G SSD/Keyboard/Mouse',1,26,1,1,NULL,'Chiếc','server camera Global',1,'mhduong',NULL,NULL,NULL,NULL,NULL,NULL,NULL,NULL,NULL,NULL),(388,'2017-PC-068','Bộ máy tính X-media X95B-686 (Intel i5-7400/H110/Ram 8GB/HDD 500 GB/Keyboard/Mouse',1,26,1,1,NULL,'Chiếc','',1,'pdtanh',NULL,NULL,NULL,NULL,NULL,NULL,NULL,NULL,NULL,NULL),(389,'2017-PC-069','Bộ máy tính X-media X95B-686 (Intel i5-7400/H110/Ram 8GB/HDD 500 GB/Keyboard/Mouse',1,26,1,1,NULL,'Chiếc','Làm server tại tầng 9',1,'tthong2',NULL,NULL,NULL,NULL,NULL,NULL,NULL,NULL,NULL,NULL),(390,'2017-PC-070','Bộ máy tính X-media X95B-686 (Intel i5-7400/H110/Ram 8GB/HDD 500 GB/Keyboard/Mouse',1,26,1,1,NULL,'Chiếc','',1,'hthang',NULL,NULL,NULL,NULL,NULL,NULL,NULL,NULL,NULL,NULL),(391,'2017-PC-071','Bộ máy tính X-media X95B-686 (Intel i5-7400/H110/Ram 8GB/HDD 500 GB/Keyboard/Mouse',1,26,1,1,NULL,'Chiếc','Không dùng được cho CJ',0,'nthung','2020-01-05 23:07:41',NULL,NULL,NULL,NULL,NULL,NULL,NULL,NULL,NULL),(392,'2017-PC-072','Bộ máy tính X-media X95B-686 (Intel i5-7400/H110/Ram 8GB/HDD 500 GB/Keyboard/Mouse',1,26,1,1,NULL,'Chiếc','',1,'mhduong',NULL,NULL,NULL,NULL,NULL,NULL,NULL,NULL,NULL,NULL),(393,'2017-PC-073','Bộ máy tính X-media X95B-686 (Intel i5-7400/H110/Ram 8GB/HDD 500 GB/Keyboard/Mouse',1,26,1,1,NULL,'Chiếc','',1,'ctquynh',NULL,NULL,NULL,NULL,NULL,NULL,NULL,NULL,NULL,NULL),(394,'2017-PC-074','Bộ máy tính X-media X95B-686 (Intel i5-7400/H110/Ram 8GB/HDD 500 GB/Keyboard/Mouse',1,26,1,1,NULL,'Chiếc','Server Panasonic',1,'pmduc3',NULL,NULL,NULL,NULL,NULL,NULL,NULL,NULL,NULL,NULL),(395,'2017-PC-075','Bộ máy tính X-media X95B-686 (Intel i5-7400/H110/Ram 8GB/HDD 500 GB/Keyboard/Mouse',1,26,1,1,NULL,'Chiếc','',1,'nvmanh',NULL,NULL,NULL,NULL,NULL,NULL,NULL,NULL,NULL,NULL),(396,'2017-PC-076','Lap 2017-PC-076',1,26,1,1,NULL,'Chiếc','',0,'ductn',NULL,NULL,NULL,NULL,NULL,NULL,NULL,NULL,NULL,NULL),(397,'2017-PC-077','Bộ máy tính X-media X95B-686 (Intel i5-7400/H110/Ram 8GB/HDD 500 GB/Keyboard/Mouse',1,26,1,1,NULL,'Chiếc','',1,'mhduong',NULL,NULL,NULL,NULL,NULL,NULL,NULL,NULL,NULL,NULL),(398,'2017-PC-078','Bộ máy tính X-media X95B-686 (Intel i5-7400/H110/Ram 8GB/HDD 500 GB/Keyboard/Mouse',1,26,1,1,NULL,'Chiếc','Đổi máy Thương - Hải do thay nhau đi onsite',1,'ntvanh2',NULL,NULL,NULL,NULL,NULL,NULL,NULL,NULL,NULL,NULL),(399,'2017-PC-079','Lap 2017-PC-079',1,26,1,1,NULL,'Chiếc','',1,'vdtan',NULL,NULL,NULL,NULL,NULL,NULL,NULL,NULL,NULL,NULL),(400,'2017-PC-080','Bộ máy tính X-media X95B-686 (Intel i5-7400/H110/Ram 8GB/HDD 500 GB/Keyboard/Mouse',1,26,1,1,NULL,'Chiếc','',1,'nhtoan1',NULL,NULL,NULL,NULL,NULL,NULL,NULL,NULL,NULL,NULL),(401,'2017-PC-081','Bộ máy tính X-media X95B-686 (Intel i5-7400/H110/Ram 8GB/HDD 500 GB/Keyboard/Mouse',1,26,1,1,NULL,'Chiếc','Làm server',1,'bhduc',NULL,NULL,NULL,NULL,NULL,NULL,NULL,NULL,NULL,NULL),(402,'2017-PC-082','Lap 2017-PC-082',1,26,1,1,NULL,'Chiếc','',1,'vtson',NULL,NULL,NULL,NULL,NULL,NULL,NULL,NULL,NULL,NULL),(403,'2017-PC-083','Bộ máy tính X-media X95B-686 (Intel i5-7400/H110/Ram 8GB/HDD 500 GB/Keyboard/Mouse',1,26,1,1,NULL,'Chiếc','',1,'dxtho',NULL,NULL,NULL,NULL,NULL,NULL,NULL,NULL,NULL,NULL),(404,'2017-PC-084','Bộ máy tính X-media X95B-686 (Intel i5-7400/H110/Ram 4GB/HDD 500 GB/Keyboard/Mouse (Ban đầu 8GB/ đã bỏ 1 thanh 4GB để nâng cấp thêm 1 thanh 8GB)',1,26,1,1,NULL,'Chiếc','',1,'ntluan2',NULL,NULL,NULL,NULL,NULL,NULL,NULL,NULL,NULL,NULL),(405,'2017-PC-085','Bộ máy tính X-media X95B-686 (Intel i5-7400/H110/Ram 8GB/HDD 500 GB/Keyboard/Mouse',1,26,1,1,NULL,'Chiếc','',1,'dnbao',NULL,NULL,NULL,NULL,NULL,NULL,NULL,NULL,NULL,NULL),(406,'2017-PC-086','Máy tính để bàn Dell Vostro 3668/Intel core i7-7700 (up to 4.2 GHz/ 8GB)/Ram 8GB DDR4/SSD 500GB/ DVDRW/WL +BT 4.0/ intel HD Graphics',1,26,1,1,NULL,'Chiếc','',1,'nqthang',NULL,NULL,NULL,NULL,NULL,NULL,NULL,NULL,NULL,NULL),(407,'2017-PC-087','Máy tính để bàn Dell Vostro 3668/Intel core i7-7700 (up to 4.2 GHz, 8GB)/Ram 8GB DDR4/SSD 500GB/ DVDRW/WL +BT 4.0/ intel HD Graphics',1,26,1,1,NULL,'Chiếc','',0,'ductn',NULL,NULL,NULL,NULL,NULL,NULL,NULL,NULL,NULL,NULL),(408,'2017-PC-088','Máy tính để bàn Dell Vostro 3668/Intel core i7-7700 (up to 4.2 GHz/ 8GB)/Ram 8GB DDR4/SSD 500GB/ DVDRW/WL +BT 4.0/ intel HD Graphics',1,26,1,1,NULL,'Chiếc','',1,'tvtien',NULL,NULL,NULL,NULL,NULL,NULL,NULL,NULL,NULL,NULL),(409,'2017-PC-089','Máy tính để bàn Dell Vostro 3668 MT/Intel core i7-7700 (up to 4.2 GHz/ 8 MB)/ ram 16 Gb DDR4/SSD 256 GB/DVDRW/WL+BT Mouse/ Ubuntu',1,26,1,1,NULL,'Chiếc','',1,'dnthien',NULL,NULL,NULL,NULL,NULL,NULL,NULL,NULL,NULL,NULL),(410,'2017-PC-090','Máy tính để bàn Dell Insprion 3668 MT (70121544)/ Intel Core i5-7400 (3.00 GHz/ 6MB)/ Ram 8GB/ HDD 1TB/ 2 GB NVIDIA GeForce GT730/ DVDRW/ WL+ BT/ Key',1,26,1,1,NULL,'Chiếc','',1,'mhduong',NULL,NULL,NULL,NULL,NULL,NULL,NULL,NULL,NULL,NULL),(411,'2017-PC-091','Máy tính để bàn Dell Insprion 3668 MT (70121544)/ Intel Core i5-7400 (3.00 GHz/ 6MB)/ Ram 8GB/ HDD 1TB/ 2 GB NVIDIA GeForce GT730/ DVDRW/ WL+ BT/ Key',1,26,1,1,NULL,'Chiếc','',1,'pghuu',NULL,NULL,NULL,NULL,NULL,NULL,NULL,NULL,NULL,NULL),(412,'2017-PC-092','Máy tính để bàn Dell Insprion 3668 MT (70121544)/ Intel Core i5-7400 (3.00 GHz/ 6MB)/ Ram 8GB/ HDD 1TB/ 2 GB NVIDIA GeForce GT730/ DVDRW/ WL+ BT/ Key',1,26,1,1,NULL,'Chiếc','Server JIRA',1,'ntkien',NULL,NULL,NULL,NULL,NULL,NULL,NULL,NULL,NULL,NULL),(413,'2017-PC-093','Máy tính để bàn Dell Insprion 3668 MT (70121544)/ Intel Core i5-7400 (3.00 GHz/ 6MB)/ Ram 8GB/ HDD 1TB/ 2 GB NVIDIA GeForce GT730/ DVDRW/ WL+ BT/ Key',1,26,1,1,NULL,'Chiếc','',1,'ptttrang3',NULL,NULL,NULL,NULL,NULL,NULL,NULL,NULL,NULL,NULL),(414,'2017-PC-094','Máy tính để bàn Dell Insprion 3668 MT (70121544)/ Intel Core i5-7400 (3.00 GHz/ 6MB)/ Ram 8GB/ HDD 1TB/ 2 GB NVIDIA GeForce GT730/ DVDRW/ WL+ BT/ Key',1,26,1,1,NULL,'Chiếc','Server JIRA',1,'mhduong',NULL,NULL,NULL,NULL,NULL,NULL,NULL,NULL,NULL,NULL),(415,'2017-PC-095','Máy tính để bàn Dell Insprion 3668 MT (70121544)/ Intel Core i5-7400 (3.00 GHz/ 6MB)/ Ram 8GB/ HDD 1TB/ 2 GB NVIDIA GeForce GT730/ DVDRW/ WL+ BT/ Key',1,26,1,1,NULL,'Chiếc','Server JIRA',1,'vtlam',NULL,NULL,NULL,NULL,NULL,NULL,NULL,NULL,NULL,NULL),(416,'2017-PC-096','Máy tính để bàn Dell Insprion 3668 MT/ Intel Core i5-7400 (3.00 GHz/ 6MB)/ Ram 8GB/ HDD 1TB/ 2 GB NVIDIA GeForce GT730/ DVDRW/ WL+ BT/ Key',1,26,1,1,NULL,'Chiếc','',1,'ntly',NULL,NULL,NULL,NULL,NULL,NULL,NULL,NULL,NULL,NULL),(417,'2017-PC-097','Máy tính để bàn Dell Insprion 3668 MT/ Intel Core i5-7400 (3.00 GHz/ 6MB)/ Ram 8GB/ HDD 1TB+ SSD 256GB/ 2 GB NVIDIA GeForce GT730/ DVDRW/ WL+ BT/ Key',1,26,1,1,NULL,'Chiếc','Lắp thêm ram 8GB và SSD 256 GB ngày 24/4/2018',1,'mhduong',NULL,NULL,NULL,NULL,NULL,NULL,NULL,NULL,NULL,NULL),(418,'2017-PC-098','Máy tính để bàn Dell Insprion 3668 MT/ Intel Core i5-7400 (3.00 GHz/ 6MB)/ Ram 8GB/ HDD 1TB+ SSD 256GB/ 2 GB NVIDIA GeForce GT730/ DVDRW/ WL+ BT/ Key',1,26,1,1,NULL,'Chiếc','Lắp thêm ram 8GB và SSD 256 GB ngày 24/4/2018',1,'nthieu4',NULL,NULL,NULL,NULL,NULL,NULL,NULL,NULL,NULL,NULL),(419,'2017-PC-099','Máy tính để bàn Dell Insprion 3668 MT/ Intel Core i5-7400 (3.00 GHz/ 6MB)/ Ram 8GB/ HDD 1TB/ 2 GB NVIDIA GeForce GT730/ DVDRW/ WL+ BT/ Key',1,26,1,1,NULL,'Chiếc','Server',1,'mhduong',NULL,NULL,NULL,NULL,NULL,NULL,NULL,NULL,NULL,NULL),(420,'2017-PC-100','Máy tính để bàn Dell Insprion 3668 (70121542)/Intel Core i5-7400 (3.00 GHz, 6MB)/ Ram 8GB/ HDD 1TB/ Intel HD Graphic/DVDRW/WL+BT/Key + mouse/DOS/1Y',1,26,2,1,NULL,'Chiếc','',0,'hvphuong','2019-12-25 16:33:21',NULL,NULL,NULL,NULL,NULL,NULL,NULL,NULL,NULL),(421,'2017-PC-101','Máy tính để bàn Dell Insprion 3668 (70121542)/Intel Core i5-7400 (3.00 GHz/ 6MB)/ Ram 8GB/ HDD 1TB/ Intel HD Graphic/DVDRW/WL+BT/Key + mouse/DOS/1Y',1,26,1,1,NULL,'Chiếc','',1,'natuan5',NULL,NULL,NULL,NULL,NULL,NULL,NULL,NULL,NULL,NULL),(422,'2017-PC-102','Máy tính để bàn Dell Insprion 3668 (70121542)/Intel Core i5-7400 (3.00 GHz/ 6MB)/ Ram 8GB/ HDD 1TB/ Intel HD Graphic/DVDRW/WL+BT/Key + mouse/DOS/1Y',1,26,1,1,NULL,'Chiếc','Mua 32 bộ cho RRC',1,'nntuan',NULL,NULL,NULL,NULL,NULL,NULL,NULL,NULL,NULL,NULL),(423,'2017-PC-103','Máy tính để bàn Dell Insprion 3668 (70121542)/Intel Core i5-7400 (3.00 GHz/ 6MB)/ Ram 8GB/ HDD 1TB/ Intel HD Graphic/DVDRW/WL+BT/Key + mouse/DOS/1Y',1,26,1,1,NULL,'Chiếc','Mua 32 bộ cho RRC',1,'dnduc',NULL,NULL,NULL,NULL,NULL,NULL,NULL,NULL,NULL,NULL),(424,'2017-PC-104','Máy tính để bàn Dell Insprion 3668 (70121542)/Intel Core i5-7400 (3.00 GHz/ 6MB)/ Ram 8GB/ HDD 1TB/ Intel HD Graphic/DVDRW/WL+BT/Key + mouse/DOS/1Y',1,26,1,1,NULL,'Chiếc','Mua 32 bộ cho RRC',1,'lthung','2019-12-20 04:27:56',NULL,NULL,NULL,NULL,NULL,NULL,NULL,NULL,NULL),(425,'2019BANG002','Máy tính để bàn Dell Insprion 3668 (70121542)/Intel Core i5-7400 (3.00 GHz/ 6MB)/ Ram 8GB/ HDD 1TB/ Intel HD Graphic/DVDRW/WL+BT/Key + mouse/DOS/1Y\n\nhello\n',1,1,1,1,'da4942e9-f844-4a36-a0b8-eb4ed59d3e7c','Chiếc','Mua 32 bộ cho RRC',1,'bhduc','2019-12-25 11:24:39',NULL,NULL,NULL,NULL,NULL,NULL,NULL,NULL,NULL),(426,'2017-PC-106','Máy tính để bàn Dell Insprion 3668 (70121542)/Intel Core i5-7400 (3.00 GHz/ 6MB)/ Ram 8GB/ HDD 1TB/ Intel HD Graphic/DVDRW/WL+BT/Key + mouse/DOS/1Y',1,26,1,1,NULL,'Chiếc','Mua 32 bộ cho RRC',1,'ptdam',NULL,NULL,NULL,NULL,NULL,NULL,NULL,NULL,NULL,NULL),(427,'2017-PC-107','Máy tính để bàn Dell Insprion 3668 (70121542)/Intel Core i5-7400 (3.00 GHz/ 6MB)/ Ram 8GB/ HDD 1TB/ Intel HD Graphic/DVDRW/WL+BT/Key + mouse/DOS/1Y',1,26,1,1,NULL,'Chiếc','Mua 32 bộ cho RRC',1,'vvquyen',NULL,NULL,NULL,NULL,NULL,NULL,NULL,NULL,NULL,NULL),(428,'2017-PC-108','Máy tính để bàn Dell Insprion 3668 (70121542)/Intel Core i5-7400 (3.00 GHz/ 6MB)/ Ram 8GB/ HDD 1TB/ Intel HD Graphic/DVDRW/WL+BT/Key + mouse/DOS/1Y',1,26,1,1,NULL,'Chiếc','Mua 32 bộ cho RRC',1,'nthoan',NULL,NULL,NULL,NULL,NULL,NULL,NULL,NULL,NULL,NULL),(429,'2017-PC-109','Máy tính để bàn Dell Insprion 3668 (70121542)/Intel Core i5-7400 (3.00 GHz/ 6MB)/ Ram 8GB/240SSD/ Intel HD Graphic/DVDRW/WL+BT/Key + mouse/DOS/1Y',1,26,1,1,NULL,'Chiếc','Server',1,'mhduong',NULL,NULL,NULL,NULL,NULL,NULL,NULL,NULL,NULL,NULL),(430,'2017-PC-110','Máy tính để bàn Dell Insprion 3668 (70121542)/Intel Core i5-7400 (3.00 GHz/ 6MB)/ Ram 8GB/ HDD 1TB/ Intel HD Graphic/DVDRW/WL+BT/Key + mouse/DOS/1Y',1,26,1,1,NULL,'Chiếc','',1,'hnminh',NULL,NULL,NULL,NULL,NULL,NULL,NULL,NULL,NULL,NULL),(431,'2017-PC-111','Lap 2017-PC-111',1,26,1,1,NULL,'Chiếc','Server',1,'mhduong',NULL,NULL,NULL,NULL,NULL,NULL,NULL,NULL,NULL,NULL),(432,'2017-PC-112','Máy tính để bàn Dell Insprion 3668 (70121542)/Intel Core i5-7400 (3.00 GHz/ 6MB)/ Ram 8GB/ HDD 1TB/ Intel HD Graphic/DVDRW/WL+BT/Key + mouse/DOS/1Y',1,26,1,1,NULL,'Chiếc','Server',1,'nqthang',NULL,NULL,NULL,NULL,NULL,NULL,NULL,NULL,NULL,NULL),(433,'2017-PC-113','Máy tính để bàn Dell Insprion 3668 (70121542)/Intel Core i5-7400 (3.00 GHz/ 6MB)/ Ram 8GB/ HDD 1TB/ Intel HD Graphic/DVDRW/WL+BT/Key + mouse/DOS/1Y',1,26,1,1,NULL,'Chiếc','Server',1,'vbhuan',NULL,NULL,NULL,NULL,NULL,NULL,NULL,NULL,NULL,NULL),(434,'2017-PC-114','Máy tính để bàn Dell Insprion 3668 (70121542)/Intel Core i5-7400 (3.00 GHz/ 6MB)/ Ram 8GB/ HDD 1TB/ Intel HD Graphic/DVDRW/WL+BT/Key + mouse/DOS/1Y',1,26,1,1,NULL,'Chiếc','Mua 32 bộ cho RRC',1,'nbson',NULL,NULL,NULL,NULL,NULL,NULL,NULL,NULL,NULL,NULL),(435,'2017-PC-115','Máy tính để bàn Dell Insprion 3668 (70121542)/Intel Core i5-7400 (3.00 GHz/ 6MB)/ Ram 8GB/ HDD 1TB/ Intel HD Graphic/DVDRW/WL+BT/Key + mouse/DOS/1Y',1,26,1,1,NULL,'Chiếc','Mua 32 bộ cho RRC',1,'hvphuong',NULL,'2019-12-25 00:00:00',NULL,NULL,NULL,NULL,NULL,NULL,NULL,NULL),(436,'2017-PC-116','Máy tính để bàn Dell Insprion 3668 (70121542)/Intel Core i5-7400 (3.00 GHz/ 6MB)/ Ram 8GB/ HDD 1TB/ Intel HD Graphic/DVDRW/WL+BT/Key + mouse/DOS/1Y',1,26,1,1,NULL,'Chiếc','Mua 32 bộ cho RRC',1,'ntphuong2',NULL,NULL,NULL,NULL,NULL,NULL,NULL,NULL,NULL,NULL),(437,'2017-PC-117','Máy tính để bàn Dell Insprion 3668 (70121542)/Intel Core i5-7400 (3.00 GHz/ 6MB)/ Ram 8GB/ HDD 1TB/ Intel HD Graphic/DVDRW/WL+BT/Key + mouse/DOS/1Y',1,26,1,1,NULL,'Chiếc','Mua 32 bộ cho RRC',1,'tmgiang',NULL,NULL,NULL,NULL,NULL,NULL,NULL,NULL,NULL,NULL),(438,'2017-PC-118','Máy tính để bàn Dell Insprion 3668 (70121542)/Intel Core i5-7400 (3.00 GHz/ 6MB)/ Ram 8GB/ HDD 1TB/ Intel HD Graphic/DVDRW/WL+BT/Key + mouse/DOS/1Y',1,26,1,1,NULL,'Chiếc','Mua 32 bộ cho RRC',1,'nvtruong1',NULL,NULL,NULL,NULL,NULL,NULL,NULL,NULL,NULL,NULL),(439,'2017-PC-119','Lap 2017-PC-119',1,26,1,1,NULL,'Chiếc','Mua 32 bộ cho RRC',1,'mhduong',NULL,NULL,NULL,NULL,NULL,NULL,NULL,NULL,NULL,NULL),(440,'2017-PC-120','Máy tính để bàn Dell Insprion 3668 (70121542)/Intel Core i5-7400 (3.00 GHz/ 6MB)/ Ram 8GB/ HDD 1TB/ Intel HD Graphic/DVDRW/WL+BT/Key + mouse/DOS/1Y',1,26,1,1,NULL,'Chiếc','Mua 32 bộ cho RRC',1,'dmtuong',NULL,NULL,NULL,NULL,NULL,NULL,NULL,NULL,NULL,NULL),(441,'2017-PC-121','Máy tính để bàn Dell Insprion 3668 (70121542)/Intel Core i5-7400 (3.00 GHz/ 6MB)/ Ram 8GB/ HDD 1TB/ Intel HD Graphic/DVDRW/WL+BT/Key + mouse/DOS/1Y',1,26,1,1,NULL,'Chiếc','Mua 32 bộ cho RRC',1,'nvphuc',NULL,NULL,NULL,NULL,NULL,NULL,NULL,NULL,NULL,NULL),(442,'2017-PC-122','Máy tính để bàn Dell Insprion 3668 (70121542)/Intel Core i5-7400 (3.00 GHz/ 6MB)/ Ram 8GB/ HDD 1TB/ Intel HD Graphic/DVDRW/WL+BT/Key + mouse/DOS/1Y',1,26,1,1,NULL,'Chiếc','Mua 32 bộ cho RRC',1,'vccong',NULL,NULL,NULL,NULL,NULL,NULL,NULL,NULL,NULL,NULL),(443,'2017-PC-123','Máy tính để bàn Dell Insprion 3668 (70121542)/Intel Core i5-7400 (3.00 GHz/ 6MB)/ Ram 8GB/ HDD 1TB/ Intel HD Graphic/DVDRW/WL+BT/Key + mouse/DOS/1Y',1,26,1,1,NULL,'Chiếc','Mua 32 bộ cho RRC',1,'dqthang',NULL,NULL,NULL,NULL,NULL,NULL,NULL,NULL,NULL,NULL),(444,'2017-PC-124','Máy tính để bàn Dell Insprion 3668 (70121542)/Intel Core i5-7400 (3.00 GHz/ 6MB)/ Ram 8GB/ SSD 240G/ Intel HD Graphic/DVDRW/WL+BT/Key + mouse/DOS/1Y',1,26,1,1,NULL,'Chiếc','Server',1,'mhduong',NULL,NULL,NULL,NULL,NULL,NULL,NULL,NULL,NULL,NULL),(445,'2017-PC-125','Máy tính để bàn Dell Insprion 3668 (70121542)/Intel Core i5-7400 (3.00 GHz/ 6MB)/ Ram 8GB/ HDD 1TB/ Intel HD Graphic/DVDRW/WL+BT/Key + mouse/DOS/1Y',1,26,1,1,NULL,'Chiếc','Mua 32 bộ cho RRC',1,'bdlong',NULL,NULL,NULL,NULL,NULL,NULL,NULL,NULL,NULL,NULL),(446,'2017-PC-126','Máy tính để bàn Dell Insprion 3668 (70121542)/Intel Core i5-7400 (3.00 GHz/ 6MB)/ Ram 8GB/ HDD 1TB/ Intel HD Graphic/DVDRW/WL+BT/Key + mouse/DOS/1Y',1,26,1,1,NULL,'Chiếc','Mua 32 bộ cho RRC',0,'nthung','2020-01-03 03:34:25',NULL,NULL,NULL,NULL,NULL,NULL,NULL,NULL,NULL),(447,'2017-PC-127','Máy tính để bàn Dell Insprion 3668 (70121542)/Intel Core i5-7400 (3.00 GHz/ 6MB)/ Ram 8GB/ HDD 1TB/ Intel HD Graphic/DVDRW/WL+BT/Key + mouse/DOS/1Y',1,26,1,1,NULL,'Chiếc','Mua 32 bộ cho RRC',1,'lvtrung',NULL,NULL,NULL,NULL,NULL,NULL,NULL,NULL,NULL,NULL),(448,'2017-PC-128','Máy tính để bàn Dell Insprion 3668 (70121542)/Intel Core i5-7400 (3.00 GHz/ 6MB)/ Ram 8GB/ HDD 1TB/ Intel HD Graphic/DVDRW/WL+BT/Key + mouse/DOS/1Y',1,26,1,1,NULL,'Chiếc','',1,'tdmanh2',NULL,NULL,NULL,NULL,NULL,NULL,NULL,NULL,NULL,NULL),(449,'2017-PC-129','Máy tính để bàn Dell Insprion 3668 (70121542)/Intel Core i5-7400 (3.00 GHz/ 6MB)/ Ram 8GB/ HDD 1TB/ Intel HD Graphic/DVDRW/WL+BT/Key + mouse/DOS/1Y',1,26,3,1,NULL,'Chiếc','Mua 32 bộ cho RRC',0,'ndvan','2020-01-02 05:38:10',NULL,NULL,NULL,NULL,NULL,NULL,NULL,NULL,NULL),(450,'2017-PC-130','Máy tính để bàn Dell Insprion 3668 (70121542)/Intel Core i5-7400 (3.00 GHz/ 6MB)/ Ram 8GB/ HDD 1TB/ Intel HD Graphic/DVDRW/WL+BT/Key + mouse/DOS/1Y',1,26,1,1,NULL,'Chiếc','Mua 32 bộ cho RRC',0,'nthung','2020-01-02 05:37:28',NULL,NULL,NULL,NULL,NULL,NULL,NULL,NULL,NULL),(451,'2017-PC-131','Máy tính để bàn Dell Insprion 3668 (70121542)/Intel Core i5-7400 (3.00 GHz/ 6MB)/ Ram 8GB/ HDD 1TB/ Intel HD Graphic/DVDRW/WL+BT/Key + mouse/DOS/1Y',1,26,1,1,NULL,'Chiếc','Mua 32 bộ cho RRC',1,'nttgiang',NULL,NULL,NULL,NULL,NULL,NULL,NULL,NULL,NULL,NULL),(452,'2017PRIN001','Máy in Fuji Xerox Docuprint P225 db AP',1,18,1,1,NULL,'Chiếc','',1,'nahoa',NULL,NULL,NULL,NULL,NULL,NULL,NULL,NULL,NULL,NULL),(453,'2017PRIN002','Máy in Brother HL-2250DN',1,18,1,1,NULL,'Chiếc','',1,'dtthang',NULL,NULL,NULL,NULL,NULL,NULL,NULL,NULL,NULL,NULL),(454,'2017PRIN003','Máy in Laser ĐCN Panasonic KX-MB2170 - in/scan/copy/fax',1,18,1,1,NULL,'Chiếc','',1,'hvphuong',NULL,NULL,NULL,NULL,NULL,NULL,NULL,NULL,NULL,NULL),(455,'2017PRIN004','Máy in kim Epson LQ590',1,18,1,1,NULL,'Chiếc','',1,'lttthuy',NULL,NULL,NULL,NULL,NULL,NULL,NULL,NULL,NULL,NULL),(456,'2017PRIN005','Máy in Laser HP MFN M 227FDW- G3Q75A',1,18,1,1,NULL,'Chiếc','',1,'ntpha',NULL,NULL,NULL,NULL,NULL,NULL,NULL,NULL,NULL,NULL),(457,'2017PRIN006','Máy in màu Canon LBP 7100 CN',1,18,1,1,'fa79545a-2115-496d-8ee0-c72bfa71d9b1','Chiếc','',1,'mhduong',NULL,NULL,NULL,NULL,NULL,NULL,NULL,NULL,NULL,NULL),(458,'2017QUAT001','Quạt điện lửng Midea FS40-15VD',1,27,1,1,'79b832c5-56bf-4885-bb49-12cb2f4555b8','Chiếc','',9,'ductn',NULL,NULL,NULL,NULL,'2019-06-04 00:00:00',NULL,NULL,NULL,NULL,NULL),(459,'2017RACK001','Tủ mạng Comrack Cabinet 27U',1,35,1,1,'5f980006-3167-4a1d-92cc-583eea08ba92','Chiếc','',1,'nmphuong1',NULL,NULL,NULL,NULL,NULL,NULL,NULL,NULL,NULL,NULL),(460,'2017RACK002','Tủ mạng',1,35,1,1,'7555ede3-fce2-4f60-8a59-b22d1387b1ea','Chiếc','',1,'ndson',NULL,NULL,NULL,NULL,NULL,NULL,NULL,NULL,NULL,NULL),(461,'2017RACK003','Tủ mạng',1,35,1,1,'73ccec11-a935-446e-ba2b-d558b765c606','Chiếc','',1,'ndson',NULL,NULL,NULL,NULL,NULL,NULL,NULL,NULL,NULL,NULL),(462,'2017SCAN001','Máy scan Fujitsu S13001',1,19,1,1,'e6fbe8c0-7491-4a4c-b665-60a54cc56c88','Chiếc','',1,'nahoa',NULL,NULL,NULL,NULL,NULL,NULL,NULL,NULL,NULL,NULL),(463,'2017SCAN002','Máy scan Fujitsu S13001',1,19,1,1,'6938758f-b2bc-4c3d-b1e6-7d39e39fdb75','Chiếc','',1,'dtthang',NULL,NULL,NULL,NULL,NULL,NULL,NULL,NULL,NULL,NULL),(464,'2017SWIT001','Cổng nối mạng 8 port 10/100/1000 Mbps TP-link TL-SG1008D',1,30,1,1,'cde8ca64-bb08-4308-aeff-d5b0b2e10105','Chiếc','Trc mặt',1,'dbhung',NULL,NULL,NULL,NULL,NULL,NULL,NULL,NULL,NULL,NULL),(465,'2017SWIT002','Cổng nối mạng 8 port 10/100/1000 Mbps TP-link TL-SG1008D',1,30,1,1,'ba8cff8e-ec1c-4bf6-ae15-67df4dd2affb','Chiếc','Làm server',1,'ndson',NULL,NULL,NULL,NULL,NULL,NULL,NULL,NULL,NULL,NULL),(466,'2017SWIT003','Acess Switch SRW224G4-K9-EU (Switch Linksys 24 cổng 10/100W)',1,30,1,1,'07e54b5d-b33b-43ad-a02b-6209871b9c8f','Chiếc','',1,'ndson',NULL,NULL,NULL,NULL,NULL,NULL,NULL,NULL,NULL,NULL),(467,'2017SWIT004','Acess Switch SRW224G4-K9-EU (Switch Linksys 24 cổng 10/100W)',1,30,2,1,'0ab8907b-c53b-430c-bdc2-66c7fcc62ee7','Chiếc','',1,'pqphuc',NULL,NULL,NULL,NULL,NULL,NULL,NULL,NULL,NULL,NULL),(468,'2017SWIT005','Swift 01 Procurve 2510-A8-J9020A',1,30,1,1,'e3e8eb87-e524-4d74-8c1e-fd4ce21d50d4','Chiếc','',1,'ndson',NULL,NULL,NULL,NULL,NULL,NULL,NULL,NULL,NULL,NULL),(469,'2017SWIT006','Cổng nối mạng 8 port 10/100/1000 Mbps D-link DGS-1008A',1,30,1,1,'13cb1c77-05c1-48e9-8d5b-9edb93d10166','Chiếc','',1,'lvtuong',NULL,NULL,NULL,NULL,NULL,NULL,NULL,NULL,NULL,NULL),(470,'2017SWIT007','Procurve switch 2610-24-59085 A (24 port)',1,30,1,1,'24ef9a7f-0782-4c1b-b1a3-a0ab006521c6','Chiếc','',1,'nxcanh',NULL,NULL,NULL,NULL,NULL,NULL,NULL,NULL,NULL,NULL),(471,'2017SWIT008','Procurve switch 2510-48-59020 A (48 port)',1,30,1,1,'7157ca77-a9a1-4d33-8ddf-5f499337a84d','Chiếc','',1,'nxcanh',NULL,NULL,NULL,NULL,NULL,NULL,NULL,NULL,NULL,NULL),(472,'2017SWIT009','Switch Cisco systems catalyst 2950',1,30,1,1,'000b068c-251d-4486-a1af-731ee0c59d06','Chiếc','',1,'nxcanh',NULL,NULL,NULL,NULL,NULL,NULL,NULL,NULL,NULL,NULL),(473,'2017SWIT010','Swift 02 Cisco systems Catalyst 2950',1,30,1,1,'5ad4f20a-e463-4719-bd37-f284cdf36457','Chiếc','',1,'mhduong',NULL,NULL,NULL,NULL,NULL,NULL,NULL,NULL,NULL,NULL),(474,'2017SWIT011','Swift 03 Cisco systems Catalyst 2950',1,30,NULL,1,'303a77a2-d0a4-430f-abb3-78a953bd0247','Chiếc','',2,'mhduong',NULL,NULL,NULL,NULL,NULL,NULL,NULL,NULL,NULL,NULL),(475,'2017SWIT012','Thiết bị chuyển mạng Cisco WS-C2960-48TC-L',1,30,1,1,'8192bacb-600b-4e43-9ce9-b41e424bfd53','Chiếc','',1,'dtanh',NULL,NULL,NULL,NULL,NULL,NULL,NULL,NULL,NULL,NULL),(476,'2017SWIT013','Cổng nối mạng 5 Port 10/10 Mbps TP-link (TL-SF1005D)',1,30,1,1,'fccbaff8-fc65-46ad-be53-81592039b2d9','Chiếc','',1,'nmhanh',NULL,NULL,NULL,NULL,NULL,NULL,NULL,NULL,NULL,NULL),(477,'2017SWIT014','Cổng nối mạng 5 Port 10/10 Mbps TP-link (TL-SF1005D)',1,30,1,1,'652478e4-eee0-4820-bc53-fd0091b872b0','Chiếc','',1,'nmhanh',NULL,NULL,NULL,NULL,NULL,NULL,NULL,NULL,NULL,NULL),(478,'2017SWIT015','Cổng nối mạng 5 Port 10/10 Mbps TP-link (TL-SF1005D)',1,30,1,1,'295fcb69-9cc0-4861-bcc4-64d17898201f','Chiếc','',1,'ndson',NULL,NULL,NULL,NULL,NULL,NULL,NULL,NULL,NULL,NULL),(479,'2017SWIT016','Cổng nối mạng 5 Port 10/10 Mbps TP-link (TL-SF1005D)',1,30,1,1,'1bf50643-4c66-4376-8419-02a69a07dff4','Chiếc','',1,'ndson',NULL,NULL,NULL,NULL,NULL,NULL,NULL,NULL,NULL,NULL),(480,'2017SWIT017','Cổng nối mạng 5 Port 10/10 Mbps TP-link (TL-SF1005D)',1,30,1,1,'7999c838-36f7-4ec2-b7a1-3f507db21d73','Chiếc','Ngoài cùng dãy hành chính',1,'ndson',NULL,NULL,NULL,NULL,NULL,NULL,NULL,NULL,NULL,NULL),(481,'2017SWIT018','Cổng nối mạng 5 Port 10/10 Mbps TP-link (TL-SF1005D)',1,30,1,1,'285d36f2-c93e-435e-8c74-bf7df329cbba','Chiếc','Cạnh máy in công ty',1,'ndson',NULL,NULL,NULL,NULL,NULL,NULL,NULL,NULL,NULL,NULL),(482,'2017SWIT019','Cổng nối mạng 8 Port 10/100 Mbps D-link DES-1008A/C',1,30,1,1,'222f8fd0-c320-460e-b8f7-cc4a11eac9bd','Chiếc','Mua 32 bộ cho RRC',1,'ndson',NULL,NULL,NULL,NULL,NULL,NULL,NULL,NULL,NULL,NULL),(483,'2017SWIT020','Cổng nối mạng 8 Port 10/100 Mbps D-link DES-1008A/C',1,30,1,1,'f1c7dfba-7bd8-4a62-b84d-3f80423a86d9','Chiếc','Mua 32 bộ cho RRC',1,'ddviet',NULL,NULL,NULL,NULL,NULL,NULL,NULL,NULL,NULL,NULL),(484,'2017SWIT021','Cổng nối mạng 8 Port 10/100 Mbps D-link DES-1008A/C',1,30,1,1,'bf452f32-361e-453c-9c90-1452e2e4abe2','Chiếc','Mua 32 bộ cho RRC',1,'ndson',NULL,NULL,NULL,NULL,NULL,NULL,NULL,NULL,NULL,NULL),(485,'2017SWIT022','Cổng nối mạng 8 Port 10/100 Mbps D-link DES-1008A/C',1,30,1,1,'d2a62844-abd6-4dc6-86c8-15c029cead99','Chiếc','Mua 32 bộ cho RRC',1,'ndson',NULL,NULL,NULL,NULL,NULL,NULL,NULL,NULL,NULL,NULL),(486,'2017SWIT023','Cổng nối mạng 8 Port 10/100 Mbps D-link DES-1008A/C',1,30,1,1,'7e030ae9-9862-47e0-879b-8175c6d952bd','Chiếc','Mua 32 bộ cho RRC',1,'ndson',NULL,NULL,NULL,NULL,NULL,NULL,NULL,NULL,NULL,NULL),(487,'2017SWIT024','Cổng nối mạng 8 Port 10/100 Mbps D-link DES-1008A/C',1,30,1,1,'443f77de-ba82-4b3b-98a9-8e37dd8f0162','Chiếc','Mua 32 bộ cho RRC',1,'ndson',NULL,NULL,NULL,NULL,NULL,NULL,NULL,NULL,NULL,NULL),(488,'2017TELE001','Panasonic KX-TG560MX (01 chiếc)',1,4,1,1,'599c0925-afec-47b0-976d-af9b9d0fa602','Chiếc','',3,'ductn',NULL,NULL,NULL,NULL,NULL,NULL,NULL,NULL,NULL,NULL),(489,'2017TELE002','Panasonic KX-TG560MX (01 chiếc)',1,4,1,1,'dbe7edac-5706-4dce-82e3-467f22d0d0eb','Chiếc','',3,'ductn',NULL,NULL,NULL,NULL,NULL,NULL,NULL,NULL,NULL,NULL),(490,'2017TELE003','Điện thoài bàn Panasonic gồm 2 điện thoại hiện số và 2 điện thoại k hiện số (06)=> hiện số',1,4,1,1,'0674a3ef-bd09-4fad-ae81-ebef760895dc','Chiếc','',3,'ductn',NULL,NULL,NULL,NULL,NULL,NULL,NULL,NULL,NULL,NULL),(491,'2017TELE004','Điện thoài bàn Panasonic gồm 2 điện thoại hiện số và 2 điện thoại k hiện số (06) => hiện số',1,4,1,1,'4951451c-d2d7-455c-a127-34de650791c2','Chiếc','',3,'ductn',NULL,NULL,NULL,NULL,NULL,NULL,NULL,NULL,NULL,NULL),(492,'2017TELE005','Điện thoài bàn Panasonic gồm 2 điện thoại hiện số và 2 điện thoại k hiện số (06) => không hiện số',1,4,1,1,'5f613db8-8c12-4f57-909b-92b0d326367b','Chiếc','',3,'ductn',NULL,NULL,NULL,NULL,NULL,NULL,NULL,NULL,NULL,NULL),(493,'2017TELE006','Điện thoài bàn Panasonic gồm 2 điện thoại hiện số và 2 điện thoại k hiện số (06) => không hiện số',1,4,1,1,'679e2991-cc08-4ee2-8d3a-d2fb89c2818a','Chiếc','',3,'ductn',NULL,NULL,NULL,NULL,NULL,NULL,NULL,NULL,NULL,NULL),(494,'2017TELE007','Điện thoại bàn Panasonic',1,4,1,1,'2aadb609-b6db-4e84-94e8-75eb7ed6b8c7','Chiếc','',3,'ductn',NULL,NULL,NULL,NULL,NULL,NULL,NULL,NULL,NULL,NULL),(495,'2017TELE008','Điện thoại bàn Panasonic',1,4,1,1,'0b6438ec-e07d-4378-9f50-624bdcbfa25d','Chiếc','',3,'ductn',NULL,NULL,NULL,NULL,NULL,NULL,NULL,NULL,NULL,NULL),(496,'2017TELE009','Điện thoại kéo dài Panasonic',1,4,1,1,'95784f78-ebfc-4b0c-9cf5-74a8a03d3eb6','Chiếc','',3,'ductn',NULL,NULL,NULL,NULL,NULL,NULL,NULL,NULL,NULL,NULL),(497,'2017TELE010','Tổng đài IP Grandstream UCM6102 - Bộ chuyển đổi 2 cổng dùng cho điện thoại',1,4,1,1,'f0b3c35a-ec3d-4bfb-9f8a-8715bb399d79','Chiếc','',3,'ductn',NULL,NULL,NULL,NULL,NULL,NULL,NULL,NULL,NULL,NULL),(498,'2017TELE011','Điện thoại bàn IP Grandsteam GXP1100',1,4,1,1,'ac715d87-6f37-497b-8534-adbbf40b385e','Chiếc','',3,'ductn',NULL,NULL,NULL,NULL,NULL,NULL,NULL,NULL,NULL,NULL),(499,'2017TELE012','Điện thoại bàn IP Grandsteam GXP1100',1,4,1,1,'5f010db6-63b1-4469-b456-b15f40bf0210','Chiếc','Nhập từ Soft',3,'ductn',NULL,NULL,NULL,NULL,NULL,NULL,NULL,NULL,NULL,NULL),(500,'2017TELE013','Điện thoại bàn IP Grandsteam GXP1100',1,4,1,1,'2e068e47-1032-47fb-890b-e2214bdfc89e','Chiếc','Nhập từ Soft',3,'ductn',NULL,NULL,NULL,NULL,NULL,NULL,NULL,NULL,NULL,NULL),(501,'2017TELE014','Điện thoại bàn IP Grandsteam GXP1100',1,4,1,1,'108ab0d9-adbd-4589-8358-fd92cdd936b7','Chiếc','Nhập từ CSoft',3,'ductn',NULL,NULL,NULL,NULL,NULL,NULL,NULL,NULL,NULL,NULL),(502,'2017TELE015','Điện thoại bàn IP Grandsteam GXP1100',1,4,1,1,'dd066ca2-9dc1-45e3-b710-c183ffc57638','Chiếc','',3,'ductn',NULL,NULL,NULL,NULL,NULL,NULL,NULL,NULL,NULL,NULL),(503,'2017TELE016','Điện thoại hiện số Cisco CP-3905',1,4,1,1,'48a432ef-3221-4cb7-a8b3-fac02ca78e4f','Chiếc','',1,'nmha',NULL,NULL,NULL,NULL,NULL,NULL,NULL,NULL,NULL,NULL),(504,'2017TELE017','Điện thoại hiện số Cisco CP-3905',1,4,1,1,'972c155d-516f-4ac6-a27e-397f7683d682','Chiếc','',1,'mhduong',NULL,NULL,NULL,NULL,NULL,NULL,NULL,NULL,NULL,NULL),(505,'2017TELE018','Điện thoại hiện số Cisco CP-3905',1,4,1,1,'b067a168-7d05-49ca-a692-5d7691908a3a','Chiếc','',5,'nthung','2020-01-09 07:04:54',NULL,NULL,NULL,NULL,NULL,NULL,NULL,NULL,NULL),(506,'2017TELE019','Điện thoại hiện số Cisco CP-3905',1,4,NULL,1,'eb6c6d5b-1491-4670-922c-af27c0a3c990','Chiếc','',2,'mhduong',NULL,NULL,NULL,NULL,NULL,NULL,NULL,NULL,NULL,NULL),(507,'2017TELE020','Điện thoại hiện số Cisco CP-3905',1,4,3,1,'37594cf4-3f5c-41c6-9aa8-6df521a1601b','Chiếc','',0,'ndvan','2020-01-03 05:25:11',NULL,NULL,NULL,NULL,NULL,NULL,NULL,NULL,NULL),(508,'2017TELE021','Điện thoại hiện số Cisco CP-3905',1,4,1,1,'45839442-b4be-4a59-9abe-b125e07ba27c','Chiếc','',6,'nthung','2020-01-10 02:54:10','2020-02-10 02:54:31',NULL,NULL,NULL,NULL,NULL,NULL,NULL,NULL),(509,'2017TELE022','Điện thoại hiện số Cisco CP-3905',1,4,2,1,'812ac35d-d91c-44ba-8d31-fa471bbe57f0','Chiếc','',0,'hvphuong','2020-01-03 05:23:59',NULL,NULL,NULL,NULL,NULL,NULL,NULL,NULL,NULL),(510,'2017TELE023','Điện thoại hiện số Cisco CP-3905',1,4,NULL,1,'3926b5ff-7275-42c5-8ce4-d9ba27bfdd96','Chiếc','',3,'mhduong',NULL,NULL,NULL,NULL,NULL,NULL,NULL,NULL,NULL,NULL),(511,'2017TELE024','Điện thoại hiện số Cisco CP-3905',1,4,2,1,'025cbf79-92c4-4192-8591-d0d6b4a6fa67','Chiếc','',4,'hvphuong','2020-01-03 05:20:22',NULL,NULL,NULL,NULL,NULL,NULL,NULL,NULL,NULL),(512,'2017TELE025','Điện thoại hiện số Cisco CP-3905',1,4,2,1,'5c2061bf-27a0-4dd4-981e-ef7ab66d8db5','Chiếc','',0,'hvphuong','2020-01-03 05:20:22',NULL,NULL,NULL,NULL,NULL,NULL,NULL,NULL,NULL),(513,'2017TELE026','Điện thoại hiện số Cisco CP-3905',1,4,NULL,1,'ec3dffce-fb13-47ed-ae51-e22aa84d2fef','Chiếc','',2,'mhduong',NULL,NULL,NULL,NULL,NULL,NULL,NULL,NULL,NULL,NULL),(514,'2017TELE027','Điện thoại hiện số Cisco CP-3905',1,4,NULL,1,'e0532277-73a5-4be1-9758-5403e0c6c83f','Chiếc','',2,'mhduong',NULL,NULL,NULL,NULL,NULL,NULL,NULL,NULL,NULL,NULL),(515,'2017TELE028','Điện thoại hiện số Cisco CP-3905',1,4,NULL,1,'c5c61ffc-0f24-4117-b4eb-68a338e81dff','Chiếc','',2,'mhduong',NULL,NULL,NULL,NULL,NULL,NULL,NULL,NULL,NULL,NULL),(516,'2019INFO002','Điện thoại hiện số Cisco CP-3905',2,46,NULL,1,'2ed42155-c438-40eb-ba0d-d7801c6ab707','Chiếc','',8,'ductn',NULL,NULL,'logic add','physical add','2019-12-17 00:00:00',NULL,NULL,NULL,NULL,NULL),(517,'2017TELE030','Điện thoại hiện số Cisco CP-3905',1,4,NULL,1,'02a557b2-e7dd-4e02-a293-ed8150918b21','Chiếc','',3,'mhduong',NULL,NULL,NULL,NULL,NULL,NULL,NULL,NULL,NULL,NULL),(518,'2017TELE031','Điện thoại hiện số Cisco CP-3905',1,4,NULL,1,'5b22a8ac-8f2f-45be-a3b1-4459c935bab7','Chiếc','',2,'mhduong',NULL,NULL,NULL,NULL,NULL,NULL,NULL,NULL,NULL,NULL),(519,'2017TELE032','Điện thoại hiện số Cisco CP-3905',1,4,3,1,'5ffe38b6-321e-46d4-ad88-54dc91c8dc14','Chiếc','',1,'ndvan','2020-01-10 00:40:54','2020-01-17 00:41:12',NULL,NULL,NULL,NULL,NULL,NULL,NULL,NULL),(520,'2017TELE033','Điện thoại hiện số Cisco CP-3905',1,4,NULL,1,'b5853a7c-60f5-473e-8433-dde1c77553ef','Chiếc','',2,'mhduong',NULL,NULL,NULL,NULL,NULL,NULL,NULL,NULL,NULL,NULL),(521,'2017TELE034','Điện thoại hiện số Cisco CP-3905',1,4,3,1,'52d9a286-1e09-48f0-900a-922d8cf5781e','Chiếc','',6,'nttdung1','2020-01-09 11:47:15',NULL,NULL,NULL,NULL,NULL,NULL,NULL,NULL,NULL),(522,'2017TELE035','Điện thoại hiện số Cisco CP-3905',1,4,1,1,'cc0dc0bf-87f7-49b9-bbc5-4b7b296b602e','Chiec','',6,'nttdung1','2020-01-09 11:47:15',NULL,NULL,NULL,NULL,NULL,NULL,NULL,NULL,NULL),(528,'2019CAME002','Mai Hải Dương',1,2,1,1,'d61eb8ca-ce44-490e-bd1c-40ecbbddfa44','Chiếc','Tầng 8',4,'ductn',NULL,NULL,NULL,NULL,NULL,NULL,NULL,NULL,NULL,NULL),(529,'2019CAME003','Mai Hải Dương',1,2,1,1,'33b6f116-10f4-42e2-ae5b-3487e98334c4','Chiếc','Tầng 8',0,'ductn',NULL,NULL,NULL,'Mai Hai Duong',NULL,NULL,NULL,NULL,NULL,NULL),(530,'2019CAME004','Mai Hải Dương - 2',1,2,1,1,'c3b6d2cc-18c9-42ce-bef5-1590171cca8d','Chiếc','Tầng 8',0,'ductn',NULL,NULL,NULL,NULL,NULL,NULL,NULL,NULL,NULL,NULL),(534,'2019CAME005','Mai hai duong',1,2,1,1,'feb22ba0-5daf-4433-a962-00d985bb7cd1','Chiếc','Tầng 8',6,'nthung','2020-01-11 02:44:38',NULL,NULL,NULL,NULL,NULL,NULL,NULL,NULL,NULL),(535,'2019CAME006','Mai hai duong - 6',1,2,1,1,'ba7e708d-856d-4e2d-8768-c53a2ee444f5','Chiếc','Tầng 8',4,'ductn',NULL,NULL,NULL,NULL,NULL,NULL,NULL,NULL,'2020-01-10 02:05:04','mhduong'),(536,'2019INFO000','svn',2,46,NULL,1,'c902cb90-47f9-403f-b80b-a7f1ee1a1777',NULL,NULL,3,'ductn',NULL,NULL,'Logic Add','Physical Add','2019-12-23 00:00:00','ndvan',NULL,NULL,NULL,NULL),(537,'2019SOFT001','Software Asset 2',3,47,NULL,1,'e0c963ea-404a-4249-a0ab-03f36decb21e',NULL,'notes',9,'mhduong',NULL,NULL,NULL,NULL,'2019-05-15 00:00:00',NULL,NULL,NULL,NULL,NULL),(544,'2019-LK-001','RAM DD3',1,28,1,26,'029fea07-7e42-42a3-a726-a3786126f6f1','Chiếc','note',0,'mhduong',NULL,NULL,NULL,NULL,NULL,NULL,NULL,NULL,NULL,NULL),(545,'2019-LK-002','RAM DD3',1,28,1,27,'b03543e2-8448-4933-bc99-2a3334d330e2','Chiếc','note',0,'mhduong',NULL,NULL,NULL,NULL,NULL,NULL,NULL,NULL,NULL,NULL),(546,'2019-LK-003','RAM DD3',1,28,1,28,'38c5b0fa-cde9-4597-98f1-53fac9398409','Chiếc','note',0,'mhduong',NULL,NULL,NULL,NULL,NULL,NULL,NULL,NULL,NULL,NULL),(547,'2019-LK-004','RAM DD3',1,28,1,29,'32a842a8-02b6-4964-8b8a-244bb20e1e91','Chiếc','note',0,'mhduong',NULL,NULL,NULL,NULL,NULL,NULL,NULL,NULL,NULL,NULL),(548,'2019-LK-005','RAM DD3',1,28,1,30,'3b810c9c-dfc8-483a-8cb0-c2fcd0931fb4','Chiếc','note',0,'mhduong',NULL,NULL,NULL,NULL,NULL,NULL,NULL,NULL,NULL,NULL),(549,'2019-LK-006','RAM DD3',1,28,1,31,'1bacefd3-dc01-4c6f-bfae-73bfe597808b','Chiếc','note',0,'mhduong',NULL,NULL,NULL,NULL,NULL,NULL,NULL,NULL,NULL,NULL),(550,'2019-LK-007','RAM DD3',1,28,1,32,'2a9a85da-5fe7-49c5-a931-460d7ac8308f','Chiếc','note',6,'mhduong',NULL,'2019-12-17 00:00:00',NULL,NULL,NULL,NULL,NULL,NULL,NULL,NULL),(551,'2019-LK-008','RAM DD3',1,28,1,33,'587cd44a-15ae-4a13-903d-9b3f040e3abb','Chiếc','note',6,'mhduong',NULL,'2019-12-17 00:00:00',NULL,NULL,NULL,NULL,NULL,NULL,NULL,NULL),(552,'2019-LK-009','RAM DD3',1,28,1,34,'7cd0f436-0597-493e-91c5-fd5af27f5d18','Chiếc','note',6,'mhduong',NULL,'2019-12-17 00:00:00',NULL,NULL,NULL,NULL,NULL,NULL,NULL,NULL),(553,'2019-LK-010','RAM DD3',1,28,1,35,'e4eb3e70-31b7-4def-bb36-88ae39220e91','Chiếc','note',6,'mhduong',NULL,'2019-12-17 00:00:00',NULL,NULL,NULL,NULL,NULL,NULL,NULL,NULL),(587,'2020-BT-005','PC',1,1,7,77,'e0f7df8b-9519-4b0b-a129-12d4fbb7cb03','unit','Note',5,'bbtruong','2020-01-02 05:33:28',NULL,NULL,NULL,NULL,NULL,NULL,NULL,NULL,NULL),(618,'2020INFO009','software 5',2,46,NULL,NULL,NULL,'Unit',NULL,6,'nttdung1','2020-01-09 11:47:15',NULL,'Logic Add','Physical Add','2020-01-02 00:00:00',NULL,'2020-01-03 00:00:00',NULL,NULL,NULL),(627,'2020LAP-012','sa',1,7,1,105,NULL,'sa','sa',1,'ldhai','2020-01-09 04:32:51','2020-01-09 04:32:51',NULL,NULL,NULL,NULL,NULL,NULL,NULL,NULL),(628,'2020LAP-013','laptop 5',1,7,1,106,NULL,'unit','Note',5,'mhduong',NULL,NULL,NULL,NULL,NULL,NULL,NULL,NULL,NULL,NULL),(629,'2020BT012','laptop 6',1,1,1,107,'c64d20a9-4fc0-4bfe-a7a1-ad8577b57f85','Unit','Note',0,'mhduong',NULL,NULL,NULL,NULL,NULL,NULL,NULL,NULL,NULL,NULL),(630,'2020LAP-015','name ',1,7,1,108,NULL,'Unit','Note',0,'mhduong',NULL,NULL,NULL,NULL,NULL,NULL,NULL,NULL,NULL,NULL),(631,'2020BT007','lap top 5',1,1,1,109,NULL,'Unit','Note',6,'bhduc','2019-12-25 11:24:39',NULL,NULL,NULL,NULL,NULL,NULL,NULL,NULL,NULL),(632,'2020LAP-016','sa',1,7,NULL,110,NULL,'sa','sa',2,'mhduong',NULL,NULL,NULL,NULL,NULL,NULL,NULL,NULL,NULL,NULL),(633,'2020LAP-017','sasa',1,7,NULL,111,NULL,'sa','sa',3,'mhduong',NULL,NULL,NULL,NULL,NULL,NULL,NULL,NULL,NULL,NULL),(634,'2020LAP-018','sa',1,7,1,112,NULL,'sa','sa',0,'mhduong',NULL,NULL,NULL,NULL,NULL,NULL,NULL,NULL,NULL,NULL),(635,'2020INFO010','sasas',2,46,NULL,NULL,NULL,'ssa',NULL,0,'mhduong',NULL,NULL,'sasa','sa','2020-01-07 10:12:01',NULL,'2020-01-09 10:12:03',NULL,NULL,NULL),(636,'2020LAP-019','máy tính cá nhân',1,7,3,113,NULL,'sa','sa',4,'ndvan','2020-01-02 05:19:01',NULL,NULL,NULL,NULL,NULL,NULL,NULL,NULL,NULL),(637,'2020LAP-020','name',1,7,NULL,114,NULL,'ds','ds',2,'mhduong',NULL,NULL,NULL,NULL,NULL,NULL,NULL,NULL,NULL,NULL),(638,'2020LAP-021','laptop 7',1,7,NULL,115,NULL,'sa','sa',2,'mhduong',NULL,NULL,NULL,NULL,NULL,NULL,NULL,NULL,NULL,NULL),(639,'2020LAP-022','ggg',1,7,NULL,116,NULL,'Unit','Note',2,'mhduong',NULL,NULL,NULL,NULL,NULL,NULL,NULL,NULL,NULL,NULL),(640,'2020LAP-023','name lap',1,7,1,117,NULL,'sas','sasa',5,'mhduong',NULL,NULL,NULL,NULL,NULL,NULL,NULL,NULL,NULL,NULL),(661,'2020BT009','bang tu 2',1,1,NULL,132,NULL,'chiec','note',3,NULL,NULL,NULL,NULL,NULL,NULL,NULL,NULL,NULL,NULL,NULL),(662,'2020INFO011','information name',2,46,NULL,NULL,NULL,'unit',NULL,2,'mhduong',NULL,NULL,NULL,NULL,'2020-01-03 03:59:33',NULL,'2020-01-04 03:59:35',NULL,NULL,NULL),(663,'2020SOFT016','name software',3,47,NULL,NULL,'090cd33e-d885-4634-8329-1d1c07996a1b',NULL,'note',9,'mhduong',NULL,NULL,NULL,NULL,NULL,NULL,NULL,NULL,NULL,NULL),(664,'2020BT010','bang tu 2',1,1,1,133,'b75ee54f-c9d6-4778-bf1f-b20e5c22a990','unit','note',5,'mhduong',NULL,NULL,NULL,NULL,NULL,NULL,NULL,NULL,NULL,NULL),(665,'2020BT011','bang tu 3',1,1,1,134,'940a1b44-1326-4d67-b0b6-d338229db9c0','unit','note',5,'mhduong',NULL,NULL,NULL,NULL,NULL,NULL,NULL,NULL,NULL,NULL),(666,'2020-CN-001','Laptop cá nhân',1,45,NULL,135,NULL,'','',7,'nttdung1',NULL,NULL,NULL,NULL,NULL,NULL,NULL,NULL,NULL,NULL),(667,'2020LAP-036','Laptop core i3 8GB RAM',1,7,1,136,'a1f2ab4c-5e62-44cb-9dfa-c9d41557f015',NULL,NULL,4,'nthung','2020-01-09 07:04:54',NULL,NULL,NULL,NULL,NULL,NULL,NULL,'2020-01-08 11:12:40','mhduong'),(668,'2020LAP-037','laptop name',1,7,NULL,137,NULL,'unit','note',2,'mhduong',NULL,NULL,NULL,NULL,NULL,NULL,NULL,NULL,NULL,NULL),(669,'2020INFO012','info',2,46,NULL,NULL,'05f6b4d1-25ea-4b0f-857e-d94e44593633','',NULL,6,'nttdung1','2020-01-09 11:47:15',NULL,'','','2020-01-10 02:38:36',NULL,NULL,NULL,'2020-01-10 02:38:39','mhduong'),(670,'2020-CN-002','iphone',1,45,NULL,138,'9b5f1afd-3a57-4fb1-afe6-6d3609d0c4ca','','',7,'mhduong',NULL,NULL,NULL,NULL,NULL,NULL,NULL,NULL,NULL,NULL),(671,'2020GUES002','asda',1,44,NULL,139,NULL,'','',7,'mhduong',NULL,NULL,NULL,NULL,NULL,NULL,NULL,NULL,NULL,NULL),(672,'2020-LK-001','RAM DD3',1,28,1,140,NULL,'Chiếc','note',6,'mhduong',NULL,'2019-12-17 00:00:00',NULL,NULL,NULL,NULL,NULL,NULL,NULL,NULL),(673,'2020-LK-003','RAM DD3',1,28,1,141,NULL,'Chiếc','note',0,'mhduong',NULL,NULL,NULL,NULL,NULL,NULL,NULL,NULL,NULL,NULL),(674,'2020-LK-004','RAM DD3',1,28,NULL,142,NULL,'Chiếc','note',3,'mhduong',NULL,NULL,NULL,NULL,NULL,NULL,NULL,NULL,NULL,NULL),(675,'2020-LK-005','RAM DD4',1,28,1,143,NULL,'Chiếc','note',0,'mhduong',NULL,NULL,NULL,NULL,NULL,NULL,NULL,NULL,NULL,NULL),(676,'2020-LK-006','RAM DD4',1,28,1,144,NULL,'Chiếc','note',6,'ndvan','2019-12-30 23:38:12',NULL,NULL,NULL,NULL,NULL,NULL,NULL,NULL,NULL),(677,'2020-LK-007','RAM DD4',1,28,1,145,NULL,'Chiếc','note',6,'ldhai','2019-12-20 04:27:06',NULL,NULL,NULL,NULL,NULL,NULL,NULL,NULL,NULL),(678,'2020-LK-008','RAM DD3 - 1',1,28,1,146,'a9b30dd1-de9e-4099-b51f-7526dc845c80','Chiếc','note',6,'ndvan','2019-12-30 23:38:12',NULL,NULL,NULL,NULL,NULL,NULL,NULL,NULL,NULL),(679,'2020-LK-009','RAM DD3',1,28,1,147,NULL,'Chiếc','note',4,'mhduong',NULL,NULL,NULL,NULL,NULL,NULL,NULL,NULL,NULL,NULL),(680,'2020-LK-010','RAM DD3',1,28,1,148,'724ed05e-ddbf-4d92-9ebb-924503282929','Chiếc','note',6,'ndvan','2019-12-30 23:38:12',NULL,NULL,NULL,NULL,NULL,NULL,NULL,NULL,NULL),(681,'2020-LK-011','RAM DD3',1,28,1,149,NULL,'Chiếc','note',5,'mhduong',NULL,NULL,NULL,NULL,NULL,NULL,NULL,NULL,NULL,NULL),(683,'2020-LK-012','RAM DD3',1,28,1,151,NULL,'Chiếc','note',5,'mhduong',NULL,NULL,NULL,NULL,NULL,NULL,NULL,NULL,NULL,NULL),(684,'2020-LK-013','RAM DD3',1,28,1,152,NULL,'Chiếc','note',6,'mhduong',NULL,'2019-12-17 00:00:00',NULL,NULL,NULL,NULL,NULL,NULL,NULL,NULL),(685,'2020-LK-014','RAM DD3',1,28,1,153,NULL,'Chiếc','note',6,'mhduong',NULL,'2019-12-17 00:00:00',NULL,NULL,NULL,NULL,NULL,NULL,NULL,NULL),(686,'2020-LK-015','RAM DD3',1,28,1,154,NULL,'Chiếc','note',6,'mhduong',NULL,'2019-12-17 00:00:00',NULL,NULL,NULL,NULL,NULL,NULL,NULL,NULL),(687,'2020-LK-016','RAM DD3',1,28,1,155,NULL,'Chiếc','note',6,'mhduong',NULL,'2019-12-17 00:00:00',NULL,NULL,NULL,NULL,NULL,NULL,NULL,NULL),(688,'2020-LK-017','RAM DD3',1,28,1,156,NULL,'Chiếc','note',6,'mhduong',NULL,'2019-12-17 00:00:00',NULL,NULL,NULL,NULL,NULL,NULL,NULL,NULL),(689,'2020-LK-018','RAM DD3',1,28,1,157,'5a584425-9f8a-4ea4-9cd4-d27f1de848db','Chiếc','note',6,'mhduong',NULL,'2019-12-17 00:00:00',NULL,NULL,NULL,NULL,NULL,NULL,NULL,NULL),(690,'2020-LK-019','RAM DD3',1,28,1,158,'41e9ca00-f231-47ed-ab2d-68f413cf303e','Chiếc','note',6,'mhduong',NULL,'2019-12-17 00:00:00',NULL,NULL,NULL,NULL,NULL,NULL,NULL,NULL),(691,'2020-LK-020','RAM DD3',1,28,1,159,'64fa643f-fbd7-44dd-a773-c359a6bd675e','Chiếc','note',6,'mhduong',NULL,'2019-12-17 00:00:00',NULL,NULL,NULL,NULL,NULL,NULL,NULL,NULL),(692,'2020-LK-021','RAM DD3',1,28,1,160,'d631e9e4-b849-4dd7-8ed4-af2cea199666','Chiếc','note',6,'mhduong',NULL,'2019-12-17 00:00:00',NULL,NULL,NULL,NULL,NULL,NULL,NULL,NULL),(693,'2020-LK-022','RAM DD3',1,28,1,161,'92e862b4-1167-4f6c-b7ab-1880f521f20e','Chiếc','note',6,'mhduong',NULL,'2019-12-17 00:00:00',NULL,NULL,NULL,NULL,NULL,NULL,NULL,NULL),(694,'2020-BT-001','laptop 8888',1,1,1,162,NULL,'unit','note',6,'ndvan','2019-12-30 23:38:12',NULL,NULL,NULL,NULL,NULL,NULL,NULL,NULL,NULL),(695,'2020INFO013','information name',2,46,NULL,NULL,'eab37bc7-03d0-4942-a0af-455177ade583','unit',NULL,2,NULL,NULL,NULL,NULL,NULL,'2020-01-07 00:00:00',NULL,'2020-01-08 00:00:00',NULL,NULL,NULL),(696,'2020SOFT017','software name',3,47,NULL,NULL,NULL,NULL,'note',0,'mhduong',NULL,NULL,'Logic Add','Physical Add',NULL,NULL,NULL,NULL,NULL,NULL),(697,'2020MACH001','máy hủy tài liệu ',1,10,1,163,NULL,'','',6,'nttdung1','2020-01-06 06:19:34','2020-01-07 06:19:51',NULL,NULL,NULL,NULL,NULL,NULL,NULL,NULL),(698,'2020-LK-023','RAM DD3',1,28,1,164,NULL,'Chiếc','note',6,'mhduong',NULL,'2019-12-17 00:00:00',NULL,NULL,NULL,NULL,NULL,NULL,NULL,NULL),(699,'2020-LK-024','RAM DD3',1,28,1,165,NULL,'Chiếc','note',1,'ldhai','2020-01-09 04:32:51','2020-01-09 04:32:51',NULL,NULL,NULL,NULL,NULL,NULL,NULL,NULL),(700,'2020-BT-002','Bảng từ',1,1,NULL,166,NULL,'Chiếc',NULL,3,NULL,NULL,NULL,NULL,NULL,NULL,NULL,NULL,NULL,NULL,NULL),(701,'2020INFO014','Office 2',2,46,NULL,NULL,'97b26c99-134c-433e-b213-fa339e0fc866','Bộ','note 2',6,'nthung','2020-01-07 03:59:35',NULL,'Logic Add','Physical Add','2019-11-01 00:00:00',NULL,'2019-12-29 00:00:00',NULL,'2020-01-10 02:14:30','mhduong'),(702,'2020SOFT018','BKAV\nEdited by Phuong',3,47,NULL,178,'eb3ee9cf-d74d-4180-b703-594a2c153fc4',NULL,'BKAV',6,'aaronwilliams','2020-01-07 02:08:02',NULL,'','',NULL,NULL,NULL,NULL,NULL,NULL),(703,'2020INFO015','Tài liệu dự án',2,46,NULL,NULL,NULL,'',NULL,8,'mhduong',NULL,NULL,NULL,NULL,NULL,NULL,NULL,NULL,NULL,NULL),(704,'2020SVC-001','test',4,48,NULL,NULL,NULL,NULL,NULL,9,'mhduong',NULL,NULL,NULL,NULL,NULL,NULL,NULL,NULL,NULL,NULL),(705,'2020SOFT019','CMS',3,47,NULL,NULL,NULL,NULL,NULL,9,NULL,NULL,NULL,NULL,NULL,NULL,NULL,NULL,NULL,NULL,NULL),(706,'2020SOFT020','cyber',3,47,NULL,NULL,NULL,NULL,NULL,6,'nttdung1','2020-01-17 07:11:03',NULL,NULL,NULL,NULL,NULL,NULL,NULL,NULL,NULL),(707,'2020PRIN001','test phycical',1,18,2,167,NULL,'','',0,'hvphuong','2020-01-09 22:18:57',NULL,NULL,NULL,NULL,NULL,NULL,NULL,NULL,NULL),(708,'2020SOFT021','test software 2',3,47,NULL,NULL,'fdc8912c-a360-4c49-99ce-265d7b2acde9',NULL,'notes ',1,'mhduong',NULL,NULL,'Logic Add','Physical Add',NULL,NULL,NULL,NULL,'2020-01-08 09:03:13','mhduong'),(710,'2020-LK-025','RAM DD3',1,28,1,169,NULL,'Chiếc','note',6,'mhduong',NULL,'2019-12-17 00:00:00',NULL,NULL,NULL,NULL,NULL,NULL,NULL,NULL),(711,'2020-LK-026','RAM DD3',1,28,1,170,NULL,'Chiếc','note',6,'nttdung1','2020-01-08 07:38:56',NULL,NULL,NULL,NULL,NULL,NULL,NULL,NULL,NULL),(712,'2020-BT-003','dell 2020',1,1,1,171,NULL,'','',6,'ndvan','2020-01-08 03:27:45',NULL,NULL,NULL,NULL,NULL,NULL,NULL,NULL,NULL),(713,'2020-LK-027','GAO',1,28,1,172,NULL,'Chiếc','note',6,'ndvan','2020-01-08 03:27:45',NULL,NULL,NULL,NULL,NULL,NULL,NULL,NULL,NULL),(714,'2020-LK-028','RAM DD3',1,28,1,173,NULL,'Chiếc','note',6,'mhduong',NULL,'2019-12-17 00:00:00',NULL,NULL,NULL,NULL,NULL,NULL,NULL,NULL),(715,'2020-LK-029','RAM DD3',1,28,1,174,NULL,'Chiếc','note',6,'nthung','2020-01-09 07:25:15',NULL,NULL,NULL,NULL,NULL,NULL,NULL,NULL,NULL),(716,'2020SOFT022','add',3,47,NULL,NULL,'4dcb74ea-cc81-4ab8-9c13-900512b8648b',NULL,'',9,'mhduong',NULL,NULL,NULL,NULL,NULL,NULL,NULL,NULL,NULL,NULL),(717,'2020INFO016','sdasadsda',2,46,NULL,NULL,NULL,'',NULL,8,'mhduong',NULL,NULL,NULL,NULL,NULL,NULL,NULL,NULL,NULL,NULL),(718,'2020-BT-004','ssd 250',1,1,2,175,'21e2b6dd-7358-41ae-a4a3-a053107f9825','','',0,'hvphuong','2020-01-09 22:18:57',NULL,NULL,NULL,NULL,NULL,NULL,NULL,NULL,NULL),(719,'2020CAP-001','Cáp chuyển',1,3,2,176,NULL,'','',6,'ndvan','2020-01-08 03:26:37','2020-01-29 03:26:39',NULL,NULL,NULL,NULL,NULL,NULL,NULL,NULL),(720,'2020-CN-003','máy tính',1,45,NULL,177,'9f253001-f48e-477e-8b28-8ebdb17562d9','unit','note',7,'nthung',NULL,NULL,NULL,NULL,NULL,NULL,NULL,NULL,'2020-01-10 01:49:45','mhduong'),(721,'2020PRIN002','Máy in',1,18,1,179,'a10d15d8-cc6b-49b6-8eda-94a88f4d66cd','','dương dương hải',6,'aaronwilliams','2020-01-08 07:04:49',NULL,NULL,NULL,NULL,NULL,NULL,NULL,NULL,NULL),(722,'2020-BT-006','bảng',1,1,6,180,NULL,'','',4,'ldhai','2020-01-09 22:06:36',NULL,NULL,NULL,'2020-01-08 04:59:31',NULL,NULL,'mhduong',NULL,NULL),(730,'2020CAME001','duongmh',1,2,NULL,181,NULL,'chiếc','',3,'mhduong',NULL,NULL,NULL,NULL,'2020-01-09 06:35:13',NULL,NULL,'mhduong',NULL,NULL),(731,'2020-CN-004','aaaaaa',1,45,NULL,182,'736a169e-6d62-4400-8daf-998803199e60','','',7,'nttdung1',NULL,NULL,NULL,NULL,'2020-01-09 07:21:55',NULL,NULL,'mhduong','2020-01-10 01:49:18','mhduong'),(732,'2020INFO017','test',2,46,NULL,NULL,NULL,'',NULL,8,'mhduong',NULL,NULL,NULL,NULL,NULL,NULL,NULL,'mhduong',NULL,NULL);
/*!40000 ALTER TABLE `Asset` ENABLE KEYS */;
UNLOCK TABLES;

--
-- Table structure for table `Asset_Group`
--

DROP TABLE IF EXISTS `Asset_Group`;
/*!40101 SET @saved_cs_client     = @@character_set_client */;
/*!50503 SET character_set_client = utf8mb4 */;
CREATE TABLE `Asset_Group` (
  `id` int(11) NOT NULL AUTO_INCREMENT,
  `asset_grp_name` varchar(250) NOT NULL,
  `asset_type` smallint(3) NOT NULL,
  `abbreviation` varchar(45) NOT NULL,
  `can_be_associated` tinyint(4) NOT NULL,
  PRIMARY KEY (`id`),
  UNIQUE KEY `abbreviation_UNIQUE` (`abbreviation`)
) ENGINE=InnoDB AUTO_INCREMENT=52 DEFAULT CHARSET=utf8mb4 COLLATE=utf8mb4_0900_ai_ci;
/*!40101 SET character_set_client = @saved_cs_client */;

--
-- Dumping data for table `Asset_Group`
--

LOCK TABLES `Asset_Group` WRITE;
/*!40000 ALTER TABLE `Asset_Group` DISABLE KEYS */;
INSERT INTO `Asset_Group` VALUES (1,'Bảng từ',1,'-BT-',1),(2,'Camera',1,'CAME',1),(3,'Cáp chuyển',1,'CAP-',0),(4,'Điện thoại bàn',1,'TELE',0),(5,'Firewall',1,'FIWE',0),(6,'Két sắt',1,'KET-',0),(7,'Laptop',1,'LAP-',0),(9,'Loa',1,'LOA-',0),(10,'Màn chiếu',1,'MACH',0),(11,'Màn hình',1,'MON-',0),(15,'Máy đếm tiền',1,'DEMT',0),(16,'Máy hút bụi',1,'HUT-',0),(17,'Máy hủy tài liệu',1,'MHUY',0),(18,'Máy in',1,'PRIN',0),(19,'Máy scan',1,'SCAN',0),(20,'Thiết bị test',1,'MOBI',0),(21,'Modem',1,'MODE',0),(22,'NAS',1,'NAS-',0),(26,'PC',1,'-PC-',0),(27,'Quạt',1,'QUAT',0),(28,'Linh Kiện',1,'-LK-',1),(30,'Switch',1,'SWIT',0),(35,'Tủ mạng',1,'RACK',0),(42,'Cây nước nóng lạnh',1,'CANU',0),(44,'Khách hàng',1,'GUES',0),(45,'Cá nhân',1,'-CN-',0),(46,'Information',2,'INFO',0),(47,'Software',3,'SOFT',0),(48,'Service',4,'SVC-',1),(50,'Other',5,'OTH-',0);
/*!40000 ALTER TABLE `Asset_Group` ENABLE KEYS */;
UNLOCK TABLES;

--
-- Table structure for table `Asset_History`
--

DROP TABLE IF EXISTS `Asset_History`;
/*!40101 SET @saved_cs_client     = @@character_set_client */;
/*!50503 SET character_set_client = utf8mb4 */;
CREATE TABLE `Asset_History` (
  `id` int(11) NOT NULL AUTO_INCREMENT,
  `actor` varchar(45) NOT NULL,
  `action` varchar(45) NOT NULL,
  `occour_date` datetime NOT NULL,
  `asset` int(11) NOT NULL,
  `assignee` varchar(45) DEFAULT NULL,
  `status` tinyint(2) DEFAULT NULL,
  `site_id` int(11) DEFAULT NULL,
  PRIMARY KEY (`id`),
  KEY `asset_history_employee_fk_idx` (`actor`),
  KEY `asset_history_asset_fk_idx` (`asset`),
  CONSTRAINT `asset_history_asset_fk` FOREIGN KEY (`asset`) REFERENCES `Asset` (`asset_id`),
  CONSTRAINT `asset_history_employee_fk` FOREIGN KEY (`actor`) REFERENCES `Employee` (`user_name`)
) ENGINE=InnoDB AUTO_INCREMENT=559 DEFAULT CHARSET=utf8mb4 COLLATE=utf8mb4_0900_ai_ci;
/*!40101 SET character_set_client = @saved_cs_client */;

--
-- Dumping data for table `Asset_History`
--

LOCK TABLES `Asset_History` WRITE;
/*!40000 ALTER TABLE `Asset_History` DISABLE KEYS */;
INSERT INTO `Asset_History` VALUES (3,'ldhai','Assign','2019-12-18 14:19:46',9,NULL,NULL,1),(4,'ldhai','Assign','2019-12-18 14:19:47',10,NULL,NULL,1),(5,'ldhai','Assign','2019-12-18 14:21:42',11,NULL,NULL,1),(6,'ldhai','Assign','2019-12-18 14:21:42',12,NULL,NULL,1),(7,'tqvinh','Assign','2019-12-19 11:07:20',1,NULL,1,1),(8,'ldhai','Assign','2019-12-19 13:03:58',1,NULL,2,1),(9,'tqvinh','Assign','0001-01-01 00:00:00',1,NULL,1,1),(10,'tqvinh','Assign','0001-01-01 00:00:00',2,NULL,2,1),(11,'tqvinh','Assign','0001-01-01 00:00:00',3,NULL,NULL,1),(12,'ldhai','Malfunctioning','0001-01-01 00:00:00',1,NULL,NULL,1),(13,'ldhai','Malfunctioning','0001-01-01 00:00:00',2,NULL,NULL,1),(14,'ldhai','Malfunctioning','0001-01-01 00:00:00',3,NULL,NULL,1),(15,'tqvinh','Malfunctioning','2019-12-19 13:14:32',1,NULL,NULL,1),(16,'tqvinh','Malfunctioning','2019-12-19 13:14:32',2,NULL,NULL,1),(17,'tqvinh','Malfunctioning','2019-12-19 13:17:30',1,NULL,NULL,1),(18,'tqvinh','Malfunctioning','2019-12-19 13:17:30',2,NULL,NULL,1),(19,'tqvinh','Malfunctioning','2019-12-19 13:17:30',3,NULL,NULL,1),(20,'tqvinh','Malfunctioning','2019-12-19 13:19:19',1,NULL,NULL,1),(21,'tqvinh','Malfunctioning','2019-12-19 13:19:19',2,NULL,NULL,1),(23,'tqvinh','Lost Report','2019-12-19 13:48:46',522,NULL,NULL,1),(24,'hvphuong','Malfunctioning Report','2019-12-19 14:08:22',1,NULL,NULL,1),(25,'hvphuong','Malfunctioning Report','2019-12-19 14:24:14',1,NULL,NULL,1),(26,'hvphuong','Malfunctioning Report','2019-12-19 14:24:15',2,NULL,NULL,1),(27,'hvphuong','Malfunctioning Report','2019-12-19 14:24:15',3,NULL,NULL,1),(28,'tqvinh','Lost Report','2019-12-19 14:24:52',521,NULL,NULL,1),(29,'tqvinh','Lost Report','2019-12-19 14:25:37',521,NULL,NULL,1),(30,'tqvinh','Lost Report','2019-12-19 14:27:04',521,NULL,NULL,1),(31,'nthung','Assign','2019-12-19 05:33:35',326,NULL,NULL,NULL),(32,'nthung','Assign','2019-12-19 05:36:49',324,NULL,NULL,NULL),(33,'nthung','Assign','2019-12-19 05:37:19',324,NULL,NULL,NULL),(34,'nthung','Assign','2019-12-19 05:54:47',326,NULL,NULL,NULL),(35,'nthung','Assign','2019-12-19 05:55:33',324,NULL,NULL,NULL),(36,'nthung','Assign','2019-12-19 06:34:44',328,NULL,NULL,NULL),(37,'nthung','Assign','2019-12-20 09:16:42',1,NULL,NULL,NULL),(38,'nthung','Assign','2019-12-19 21:19:13',329,NULL,NULL,NULL),(39,'lthung','Assign','2019-12-19 21:32:21',324,NULL,NULL,NULL),(40,'nthung','Assign','2019-12-19 21:54:19',325,NULL,NULL,NULL),(41,'ldhai','Assign','2019-12-20 10:09:01',1,NULL,NULL,NULL),(42,'nthung','Assign','2019-12-19 22:09:10',324,NULL,NULL,NULL),(43,'ldhai','Assign','2019-12-20 10:43:11',1,NULL,NULL,NULL),(44,'ldhai','Assign','2019-12-20 11:04:35',1,NULL,NULL,NULL),(45,'nthung','Assign','2019-12-19 23:10:13',1,NULL,NULL,NULL),(46,'nthung','Assign','2019-12-19 23:10:14',2,NULL,NULL,NULL),(47,'nthung','Assign','2019-12-19 23:10:14',3,NULL,NULL,NULL),(48,'nthung1','Assign','2019-12-19 23:10:26',1,NULL,NULL,NULL),(49,'nthung1','Assign','2019-12-19 23:10:26',2,NULL,NULL,NULL),(50,'nthung1','Assign','2019-12-19 23:10:26',3,NULL,NULL,NULL),(51,'lthung','Assign','2019-12-19 23:28:31',424,NULL,NULL,NULL),(52,'bmthin','Malfunctioning Report','2019-12-20 02:05:55',324,NULL,5,NULL),(53,'bmthin','Malfunctioning Report','2019-12-20 02:06:12',326,NULL,5,NULL),(54,'bmthin','Malfunctioning Report','2019-12-20 02:06:33',327,NULL,5,NULL),(55,'bmthin','Lost Report','2019-12-20 02:07:08',328,NULL,2,NULL),(56,'dnthien','Assign','2019-12-20 02:18:58',329,NULL,NULL,NULL),(57,'nthung','Assign','2019-12-20 02:19:14',329,NULL,NULL,NULL),(58,'bmthin','Lost Report','2019-12-20 06:10:35',329,NULL,2,NULL),(59,'bmthin','Malfunctioning Report','2019-12-20 06:10:45',332,NULL,5,NULL),(60,'bmthin','Lost Report','2019-12-23 02:16:31',332,NULL,2,NULL),(61,'bmthin','Malfunctioning Report','2019-12-23 22:39:21',337,NULL,5,NULL),(62,'nthung','Assign','2019-12-23 23:01:44',338,NULL,NULL,NULL),(63,'nthung','Assign','2019-12-23 23:02:08',338,NULL,NULL,NULL),(64,'bmthin','Site Transfer','2019-12-24 11:23:52',1,NULL,0,3),(65,'bmthin','Check out','2019-12-24 15:31:51',1,NULL,7,NULL),(66,'bmthin','Check out','2019-12-24 16:06:05',1,NULL,7,NULL),(67,'bmthin','Expire','2019-12-24 16:08:26',1,NULL,2,NULL),(68,'bmthin','Site Transfer','2019-12-24 05:39:25',327,NULL,0,3),(69,'bmthin','Site Transfer','2019-12-24 05:40:12',327,NULL,0,2),(70,'bmthin','Site Transfer','2019-12-25 14:54:44',336,NULL,0,3),(71,'bmthin','Site Transfer','2019-12-25 15:00:11',331,NULL,0,2),(72,'bmthin','Site Transfer','2019-12-25 15:00:22',326,NULL,0,3),(73,'bmthin','Site Transfer','2019-12-25 15:00:56',327,NULL,0,3),(74,'bmthin','Site Transfer','2019-12-25 15:01:05',326,NULL,0,3),(75,'bmthin','Site Transfer','2019-12-25 15:02:38',327,NULL,0,2),(76,'bmthin','Site Transfer','2019-12-25 16:01:21',336,NULL,0,2),(77,'bmthin','Site Transfer','2019-12-25 16:26:03',338,NULL,0,3),(78,'bmthin','Site Transfer','2019-12-25 16:30:55',341,NULL,0,2),(79,'bmthin','Site Transfer','2019-12-25 16:32:20',420,NULL,0,2),(80,'bmthin','Site Transfer','2019-12-25 16:33:21',420,NULL,0,2),(81,'bmthin','Site Transfer','2019-12-25 16:34:06',20,NULL,0,3),(82,'ndvan','Assign','2019-12-25 16:35:04',331,NULL,NULL,NULL),(83,'ldhai','Assign','2019-12-25 18:11:31',1,NULL,NULL,NULL),(84,'ldhai','Assign','2019-12-25 18:12:32',1,NULL,NULL,NULL),(85,'ldhai','Assign','2019-12-25 18:14:20',1,NULL,NULL,NULL),(86,'ldhai','Assign','2019-12-25 18:17:35',1,NULL,NULL,NULL),(87,'tqvinh','Assign','2019-12-25 17:43:45',333,NULL,NULL,NULL),(88,'bhduc','Assign','2019-12-25 17:50:07',425,NULL,NULL,NULL),(89,'ldhai','Assign','2019-12-25 18:36:49',1,NULL,NULL,NULL),(90,'ldhai','Assign','2019-12-25 18:38:36',1,NULL,NULL,NULL),(91,'bmthin','Site Transfer','2019-12-26 08:13:50',326,NULL,0,3),(92,'bmthin','Site Transfer','2019-12-26 08:14:43',326,NULL,0,3),(93,'bmthin','Site Transfer','2019-12-26 08:15:05',326,NULL,0,2),(94,'bmthin','Site Transfer','2019-12-26 08:15:15',327,NULL,0,2),(95,'bmthin','Site Transfer','2019-12-26 08:15:46',326,NULL,0,3),(96,'bmthin','Site Transfer','2019-12-26 08:16:18',326,NULL,0,3),(97,'bmthin','Site Transfer','2019-12-26 08:26:59',327,NULL,0,3),(98,'bmthin','Site Transfer','2019-12-26 08:28:01',327,NULL,0,2),(99,'bmthin','Site Transfer','2019-12-26 08:35:43',326,NULL,0,2),(100,'bmthin','Site Transfer','2019-12-26 08:35:52',327,NULL,0,3),(101,'bmthin','Site Transfer','2019-12-26 08:41:04',326,NULL,0,2),(102,'bmthin','Site Transfer','2019-12-26 08:41:13',326,NULL,0,3),(103,'bmthin','Site Transfer','2019-12-26 08:42:20',326,NULL,0,2),(104,'bmthin','Site Transfer','2019-12-26 08:44:21',327,NULL,0,2),(105,'bmthin','Site Transfer','2019-12-26 08:45:08',327,NULL,0,3),(106,'bmthin','Site Transfer','2019-12-26 08:45:54',327,NULL,0,3),(107,'bmthin','Site Transfer','2019-12-26 08:52:10',326,NULL,0,2),(108,'bmthin','Site Transfer','2019-12-26 08:52:50',326,NULL,0,1),(109,'bmthin','Site Transfer','2019-12-26 08:54:22',326,NULL,0,2),(110,'bmthin','Site Transfer','2019-12-26 08:54:55',327,NULL,0,1),(111,'bmthin','Site Transfer','2019-12-26 08:56:13',326,NULL,0,1),(112,'bmthin','Site Transfer','2019-12-26 08:56:44',326,NULL,0,2),(113,'bmthin','Site Transfer','2019-12-26 08:58:33',326,NULL,0,1),(114,'bmthin','Site Transfer','2019-12-26 09:00:56',326,NULL,0,3),(115,'ldhai','Assign','2019-12-26 11:00:38',1,'ldhai',6,NULL),(116,'bmthin','Site Transfer','2019-12-26 09:03:01',327,NULL,0,1),(117,'ldhai','Assign','2019-12-26 11:02:59',1,'ldhai',6,NULL),(118,'ldhai','Assign','2019-12-26 11:06:12',1,'ldhai',6,NULL),(119,'bmthin','Site Transfer','2019-12-26 09:08:05',326,NULL,0,3),(120,'bmthin','Site Transfer','2019-12-26 09:08:59',326,NULL,0,1),(121,'bmthin','Site Transfer','2019-12-26 09:09:46',326,NULL,0,2),(122,'ldhai','Assign','2019-12-26 11:10:09',1,'ldhai',6,NULL),(123,'bmthin','Site Transfer','2019-12-26 09:10:49',326,NULL,0,2),(124,'bmthin','Site Transfer','2019-12-26 09:11:24',326,NULL,0,1),(125,'bmthin','Site Transfer','2019-12-26 09:15:24',326,NULL,0,2),(126,'bmthin','Site Transfer','2019-12-26 09:16:07',326,NULL,0,1),(127,'bmthin','Site Transfer','2019-12-26 09:17:52',326,NULL,0,1),(128,'bmthin','Site Transfer','2019-12-26 09:19:19',326,NULL,0,1),(129,'ldhai','Assign','2019-12-26 11:24:59',1,'ldhai',6,NULL),(130,'ldhai','Assign','2019-12-26 11:33:22',1,'ldhai',6,NULL),(131,'ldhai','Assign','2019-12-26 11:34:42',1,'ldhai',6,NULL),(132,'bmthin','Expire','2019-12-26 09:33:25',458,NULL,10,NULL),(133,'nthung','Assign','2019-12-26 09:34:15',1,NULL,NULL,NULL),(134,'nthung','Assign','2019-12-26 09:34:15',2,NULL,NULL,NULL),(135,'nthung','Assign','2019-12-26 09:34:15',3,NULL,NULL,NULL),(136,'bmthin','Site Transfer','2019-12-26 09:50:53',326,NULL,0,1),(137,'ldhai','Assign','2019-12-26 12:06:26',1,'ldhai',6,NULL),(138,'bmthin','Expire','2019-12-27 05:17:50',537,NULL,10,NULL),(139,'lthung','Assign','2019-12-27 05:51:53',326,NULL,NULL,NULL),(140,'nthung','Assign','2019-12-27 05:53:34',326,'nthung',6,NULL),(141,'nthung','Assign','2019-12-27 05:54:02',326,'nthung',6,NULL),(142,'nthung','Assign','2019-12-27 05:54:33',327,'nthung',6,NULL),(143,'lthung','Assign','2019-12-27 05:54:41',327,'lthung',6,NULL),(144,'ntphuong5','Assign','2019-12-27 05:55:34',326,'ntphuong5',6,NULL),(145,'nthung','Assign','2019-12-27 05:56:17',327,'nthung',6,NULL),(146,'ntphuong5','Assign','2019-12-27 05:56:45',327,'ntphuong5',6,NULL),(147,'nthung','Assign','2019-12-27 05:57:52',327,'nthung',6,NULL),(148,'nthung','Assign','2019-12-27 05:58:36',327,'nthung',6,NULL),(149,'nthung','Assign','2019-12-27 05:58:48',326,'nthung',6,NULL),(150,'ntphuong3','Assign','2019-12-27 06:02:51',326,'ntphuong3',6,NULL),(151,'bmthin','Return','2019-12-27 06:29:46',342,NULL,0,3),(152,'bmthin','Site Transfer','2019-12-27 06:30:48',342,NULL,0,1),(153,'bmthin','Site Transfer','2019-12-27 06:31:09',326,NULL,0,3),(154,'bmthin','Return','2019-12-27 06:31:19',333,NULL,0,4),(155,'bmthin','Site Transfer','2019-12-27 06:31:29',333,NULL,0,2),(156,'bmthin','Return','2019-12-27 06:32:01',375,NULL,0,2),(157,'bmthin','Site Transfer','2019-12-27 06:32:10',375,NULL,0,3),(160,'bmthin','Site Transfer','2019-12-27 12:24:21',327,NULL,0,2),(161,'bmthin','Site Transfer','2019-12-27 12:24:21',326,NULL,0,2),(162,'bmthin','Site Transfer','2019-12-27 12:25:11',327,NULL,0,1),(163,'bmthin','Site Transfer','2019-12-27 12:25:11',326,NULL,0,1),(165,'nthung1','Assign','2019-12-27 12:34:13',376,'nthung1',6,NULL),(166,'nthung1','Assign','2019-12-27 12:34:13',377,'nthung1',6,NULL),(167,'nthung','Assign','2019-12-27 12:35:47',376,'nthung',6,NULL),(168,'nthung1','Assign','2019-12-27 12:36:24',376,'nthung1',6,NULL),(169,'bmthin','Return','2019-12-27 12:37:18',376,NULL,0,2),(170,'bmthin','Return','2019-12-27 12:37:18',377,NULL,0,2),(171,'ldhai','Assign','2019-12-27 17:45:59',1,'ldhai',6,NULL),(172,'ldhai','Assign','2019-12-27 17:46:45',1,'ldhai',6,NULL),(173,'bmthin','Site Transfer','2019-12-30 03:31:46',375,NULL,0,2),(174,'bmthin','Lost Report','2019-12-30 03:32:22',375,NULL,2,NULL),(176,'bmthin','Malfunctioning Report','2019-12-30 03:44:18',376,NULL,5,NULL),(177,'bmthin','Malfunctioning Report','2019-12-30 03:44:29',377,NULL,5,NULL),(178,'bmthin','Lost Report','2019-12-30 03:46:41',322,NULL,2,NULL),(179,'bmthin','Lost Report','2019-12-30 03:46:50',321,NULL,2,NULL),(180,'bmthin','Return','2019-12-30 05:29:56',374,NULL,0,2),(181,'bmthin','Return','2019-12-30 05:30:09',373,NULL,0,1),(182,'bmthin','Assign','2019-12-30 05:32:05',362,'bmthin',6,NULL),(183,'bxtrung','Assign','2019-12-30 05:32:38',326,'bxtrung',6,NULL),(184,'bmchau','Assign','2019-12-30 05:33:36',326,'bmchau',6,NULL),(185,'bmchau','Assign','2019-12-30 05:33:55',326,'bmchau',6,NULL),(186,'bmthin','Lost Report','2019-12-30 06:04:31',331,NULL,2,NULL),(187,'nttdung1','Assign','2019-12-30 23:37:05',326,'nttdung1',6,NULL),(188,'bmthin','Site Transfer','2019-12-30 23:37:59',326,NULL,0,1),(189,'bmthin','Site Transfer','2019-12-30 23:38:12',327,NULL,0,3),(190,'nttdung1','Assign','2019-12-31 02:02:03',334,'nttdung1',6,NULL),(191,'nttdung1','Assign','2019-12-31 02:02:03',334,'nttdung1',6,NULL),(192,'nttdung1','Assign','2020-01-02 04:40:42',618,'nttdung1',6,NULL),(193,'nttdung1','Assign','2020-01-02 04:40:42',618,'nttdung1',6,NULL),(194,'nttdung1','Assign','2020-01-02 05:16:38',631,'nttdung1',6,NULL),(195,'nttdung1','Assign','2020-01-02 05:16:38',631,'nttdung1',6,NULL),(196,'nthung','Assign','2020-01-02 05:18:38',631,'nthung',6,NULL),(197,'nthung','Assign','2020-01-02 05:18:38',631,'nthung',6,NULL),(198,'bmthin','Site Transfer','2020-01-02 05:18:50',636,NULL,0,2),(199,'bmthin','Site Transfer','2020-01-02 05:19:01',636,NULL,0,3),(200,'bmthin','Malfunctioning Report','2020-01-02 05:19:10',636,NULL,5,NULL),(201,'nthuong4','Assign','2020-01-02 05:19:21',631,'nthuong4',6,NULL),(202,'nthuong4','Assign','2020-01-02 05:19:21',631,'nthuong4',6,NULL),(203,'bmthin','Return','2020-01-02 05:19:42',82,NULL,0,2),(204,'bmthin','Lost Report','2020-01-02 05:21:00',632,NULL,2,NULL),(205,'nthung','Assign','2020-01-02 17:25:21',1,'nthung',6,NULL),(206,'bmthin','Site Transfer','2020-01-02 05:26:08',316,NULL,0,1),(207,'bmthin','Site Transfer','2020-01-02 05:26:36',517,NULL,0,2),(208,'nthung','Assign','2020-01-02 05:27:00',1,'nthung',6,NULL),(209,'bmthin','Site Transfer','2020-01-02 05:28:58',633,NULL,0,2),(210,'nthung','Assign','2020-01-02 17:29:24',1,'nthung',6,NULL),(211,'bmthin','Site Transfer','2020-01-02 05:33:28',587,NULL,0,7),(212,'bmthin','Return','2020-01-02 05:37:28',450,NULL,0,1),(213,'bmthin','Return','2020-01-02 05:38:10',449,NULL,0,3),(237,'bmthin','Malfunctioning Report','2020-01-02 05:47:04',640,NULL,5,NULL),(238,'bmthin','Malfunctioning Report','2020-01-02 05:47:18',628,NULL,5,NULL),(239,'bmthin','Malfunctioning Report','2020-01-02 05:48:00',107,NULL,5,NULL),(240,'bmthin','Lost Report','2020-01-02 05:49:29',107,NULL,2,NULL),(241,'bmthin','Lost Report','2020-01-02 05:53:02',122,NULL,2,NULL),(245,'ldhai','Repair','2020-01-02 18:02:31',1,NULL,4,NULL),(246,'ldhai','Assign','2020-01-02 18:10:09',2,'ldhai',6,NULL),(247,'ldhai','Liquidate','2020-01-02 18:29:54',1,NULL,3,NULL),(248,'ldhai','Liquidate','2020-01-02 18:34:08',2,NULL,3,NULL),(249,'ldhai','Assign','2020-01-02 18:42:26',1,'ldhai',6,NULL),(250,'ldhai','Assign','2020-01-02 18:46:49',1,'ldhai',6,NULL),(257,'bmthin','Lost Report','2020-01-02 20:40:20',637,NULL,2,NULL),(258,'bmthin','Lost Report','2020-01-02 20:40:41',639,NULL,2,NULL),(259,'bmthin','Lost Report','2020-01-02 21:17:18',638,NULL,2,NULL),(266,'ldhai','Assign','2020-01-03 10:28:40',1,'ldhai',6,NULL),(277,'bmthin','Return','2020-01-03 02:19:23',515,NULL,0,2),(278,'bmthin','Lost Report','2020-01-03 02:20:29',515,NULL,2,NULL),(279,'nttdung1','Assign','2020-01-03 02:52:28',666,'nttdung1',6,NULL),(280,'nttdung1','Assign','2020-01-03 02:52:28',666,'nttdung1',6,NULL),(281,'bmthin','Malfunctioning Report','2020-01-03 02:53:32',666,NULL,5,NULL),(284,'bmthin','Check Out','2020-01-03 02:53:44',666,NULL,7,NULL),(285,'nttdung1','Assign','2020-01-03 02:57:38',667,'nttdung1',6,NULL),(286,'nttdung1','Assign','2020-01-03 02:57:38',667,'nttdung1',6,NULL),(287,'bmthin','Malfunctioning Report','2020-01-03 02:57:52',667,NULL,5,NULL),(294,'bmthin','Return','2020-01-03 03:31:32',522,NULL,0,1),(295,'bmthin','Check Out','2020-01-03 03:31:50',666,NULL,7,NULL),(298,'bmthin','Return','2020-01-03 03:34:25',446,NULL,0,1),(311,'bmthin','Lost Report','2020-01-03 03:59:37',668,NULL,2,NULL),(312,'bmthin','Lost Report','2020-01-03 03:59:50',130,NULL,2,NULL),(313,'bmthin','Lost Report','2020-01-03 04:00:06',111,NULL,2,NULL),(314,'bmthin','Lost Report','2020-01-03 04:01:06',662,NULL,2,NULL),(315,'nttdung1','Assign','2020-01-03 04:02:02',669,'nttdung1',6,NULL),(316,'nttdung1','Assign','2020-01-03 04:02:02',669,'nttdung1',6,NULL),(317,'bmthin','Check Out','2020-01-03 04:04:08',670,NULL,7,NULL),(318,'bmthin','Check Out','2020-01-03 04:05:36',670,NULL,7,NULL),(319,'bmthin','Expire','2020-01-03 04:12:23',663,NULL,9,NULL),(320,'bmthin','Return','2020-01-03 05:17:26',521,NULL,0,3),(321,'bmthin','Return','2020-01-03 05:17:26',520,NULL,0,3),(322,'bmthin','Return','2020-01-03 05:17:42',519,NULL,0,3),(323,'bmthin','Return','2020-01-03 05:17:42',518,NULL,0,3),(324,'bmthin','Return','2020-01-03 05:18:18',514,NULL,0,7),(325,'bmthin','Return','2020-01-03 05:18:18',513,NULL,0,7),(326,'bmthin','Return','2020-01-03 05:20:22',512,NULL,0,2),(327,'bmthin','Return','2020-01-03 05:20:22',511,NULL,0,2),(328,'bmthin','Return','2020-01-03 05:23:59',510,NULL,0,2),(329,'bmthin','Return','2020-01-03 05:23:59',509,NULL,0,2),(330,'bmthin','Malfunctioning Report','2020-01-03 05:24:58',665,NULL,5,NULL),(331,'bmthin','Malfunctioning Report','2020-01-03 05:24:58',587,NULL,5,NULL),(332,'bmthin','Return','2020-01-03 05:25:11',508,NULL,0,3),(333,'bmthin','Return','2020-01-03 05:25:11',507,NULL,0,3),(334,'bmthin','Malfunctioning Report','2020-01-03 05:26:57',664,NULL,5,NULL),(335,'bmthin','Malfunctioning Report','2020-01-03 05:26:57',587,NULL,5,NULL),(336,'bmthin','Check Out','2020-01-03 05:59:04',671,NULL,7,NULL),(337,'bmthin','Malfunctioning Report','2020-01-05 21:16:06',683,NULL,5,NULL),(338,'bmthin','Malfunctioning Report','2020-01-05 21:16:21',681,NULL,5,NULL),(339,'bmthin','Malfunctioning Report','2020-01-05 21:16:53',679,NULL,5,NULL),(340,'ldhai','Repair','2020-01-05 21:18:12',679,NULL,4,NULL),(341,'ldhai','Repair','2020-01-05 21:18:44',667,NULL,4,NULL),(342,'ldhai','Assign','2020-01-05 21:58:38',1,'ldhai',6,NULL),(343,'ldhai','Assign','2020-01-05 21:59:55',7,'ldhai',6,NULL),(344,'ldhai','Assign','2020-01-05 21:59:56',7,'ldhai',6,NULL),(345,'ldhai','Assign','2020-01-05 22:11:30',8,'ldhai',6,NULL),(346,'ldhai','Assign','2020-01-05 22:12:02',8,'ldhai',6,NULL),(347,'ldhai','Assign','2020-01-05 22:22:23',8,'ldhai',6,NULL),(348,'ldhai','Repair','2020-01-05 22:49:52',636,NULL,4,NULL),(349,'bmthin','Return','2020-01-05 23:05:43',301,NULL,0,1),(350,'bmthin','Return','2020-01-05 23:05:43',271,NULL,0,1),(351,'bmthin','Return','2020-01-05 23:06:40',102,NULL,0,3),(352,'bmthin','Return','2020-01-05 23:06:40',56,NULL,0,3),(353,'bmthin','Return','2020-01-05 23:07:41',391,NULL,0,1),(354,'bmthin','Return','2020-01-05 23:07:41',247,NULL,0,1),(355,'bmthin','Return','2020-01-05 23:10:48',78,NULL,0,6),(356,'bmthin','Return','2020-01-05 23:10:48',129,NULL,0,6),(357,'bmthin','Return','2020-01-05 23:10:48',128,NULL,0,6),(358,'ldhai','Liquidate','2020-01-05 23:53:28',674,NULL,3,NULL),(359,'nttdung1','Assign','2020-01-06 01:17:36',697,'nttdung1',6,NULL),(360,'bmthin','Return','2020-01-06 01:17:52',697,NULL,0,2),(361,'bmthin','Malfunctioning Report','2020-01-06 01:17:58',697,NULL,5,NULL),(362,'ldhai','Repair','2020-01-06 01:19:24',697,NULL,4,NULL),(363,'ldhai','Repair','2020-01-06 01:19:29',697,NULL,4,NULL),(364,'bmthin','Return','2020-01-06 01:19:42',697,NULL,0,1),(365,'nttdung1','Assign','2020-01-06 01:19:59',697,'nttdung1',6,NULL),(366,'bmthin','Expire','2020-01-06 04:25:53',537,NULL,9,NULL),(367,'bmthin','Add','2020-01-06 18:23:35',698,NULL,6,1),(368,'bmthin','Add','2020-01-06 18:25:03',699,NULL,0,1),(369,'mhduong','Add','2020-01-06 06:53:34',700,'nthung',0,1),(370,'mhduong','Add','2020-01-06 06:54:29',701,'mhduong',1,NULL),(371,'mhduong','Add','2020-01-06 06:55:12',702,'mhduong',1,NULL),(372,'aaronwilliams','Assign','2020-01-06 21:09:06',702,'aaronwilliams',6,NULL),(373,'ldhai','Liquidate','2020-01-07 09:33:05',1,NULL,3,NULL),(374,'ldhai','Liquidate','2020-01-07 09:33:23',1,NULL,3,NULL),(375,'ldhai','Liquidate','2020-01-07 09:33:26',1,NULL,3,NULL),(376,'ldhai','Assign','2020-01-07 10:01:52',20,'ldhai',6,NULL),(377,'ldhai','Assign','2020-01-07 10:05:09',20,'ldhai',6,NULL),(378,'ldhai','Assign','2020-01-07 10:10:46',20,'ldhai',6,NULL),(379,'nthung','Assign','2020-01-06 22:59:46',701,'nthung',6,NULL),(380,'ldhai','Assign','2020-01-07 11:02:28',20,'ldhai',6,NULL),(381,'ldhai','Assign','2020-01-07 11:03:54',20,'ldhai',6,NULL),(382,'bmthin','Site Transfer','2020-01-06 23:15:24',700,NULL,0,6),(383,'bmthin','Site Transfer','2020-01-06 23:15:24',3,NULL,0,6),(384,'ldhai','Assign','2020-01-07 11:34:13',20,'ldhai',6,NULL),(385,'mhduong','Add','2020-01-07 01:31:25',703,'mhduong',1,NULL),(386,'mhduong','Add','2020-01-07 01:32:33',704,'mhduong',1,NULL),(387,'bmthin','Malfunctioning Report','2020-01-07 01:38:37',700,NULL,5,NULL),(388,'bmthin','Malfunctioning Report','2020-01-07 01:38:37',3,NULL,5,NULL),(389,'mhduong','Add','2020-01-07 01:41:19',705,'mhduong',1,NULL),(390,'mhduong','Add','2020-01-07 01:42:41',706,'mhduong',1,NULL),(391,'bmthin','Destroy','2020-01-07 01:56:35',703,NULL,8,NULL),(392,'nttdung1','Assign','2020-01-07 02:11:18',706,'nttdung1',6,NULL),(393,'ldhai','Assign','2020-01-07 14:20:28',20,'ldhai',6,NULL),(394,'ldhai','Assign','2020-01-07 14:21:39',20,'ldhai',6,NULL),(395,'ldhai','Assign','2020-01-07 14:21:39',21,'ldhai',6,NULL),(396,'ldhai','Assign','2020-01-07 14:28:00',20,'ldhai',6,NULL),(397,'ldhai','Assign','2020-01-07 14:28:00',21,'ldhai',6,NULL),(398,'ldhai','Assign','2020-01-07 14:30:01',20,'ldhai',6,NULL),(399,'ldhai','Assign','2020-01-07 14:30:01',21,'ldhai',6,NULL),(400,'ldhai','Assign','2020-01-07 14:31:39',20,'ldhai',6,NULL),(401,'ldhai','Assign','2020-01-07 14:31:39',21,'ldhai',6,NULL),(402,'ldhai','Assign','2020-01-07 14:34:03',20,'ldhai',6,NULL),(403,'ldhai','Assign','2020-01-07 14:34:03',21,'ldhai',6,NULL),(404,'ldhai','Assign','2020-01-07 14:35:50',20,'ldhai',6,NULL),(405,'ldhai','Assign','2020-01-07 14:35:51',21,'ldhai',6,NULL),(406,'ldhai','Assign','2020-01-07 14:37:28',20,'ldhai',6,NULL),(407,'ldhai','Assign','2020-01-07 14:37:28',21,'ldhai',6,NULL),(408,'ldhai','Assign','2020-01-07 14:38:18',20,'ldhai',6,NULL),(409,'ldhai','Assign','2020-01-07 14:38:18',21,'ldhai',6,NULL),(410,'ldhai','Assign','2020-01-07 14:39:48',20,'ldhai',6,NULL),(411,'ldhai','Assign','2020-01-07 14:39:48',21,'ldhai',6,NULL),(412,'ldhai','Assign','2020-01-07 14:41:12',20,'ldhai',6,NULL),(413,'ldhai','Assign','2020-01-07 14:41:12',21,'ldhai',6,NULL),(414,'ldhai','Assign','2020-01-07 14:43:34',20,'ldhai',6,NULL),(415,'ldhai','Assign','2020-01-07 14:43:34',21,'ldhai',6,NULL),(416,'ldhai','Assign','2020-01-07 14:47:39',20,'ldhai',6,NULL),(417,'ldhai','Assign','2020-01-07 14:47:39',21,'ldhai',6,NULL),(418,'ldhai','Assign','2020-01-07 14:50:01',20,'ldhai',6,NULL),(419,'ldhai','Assign','2020-01-07 14:50:01',21,'ldhai',6,NULL),(420,'mhduong','Add','2020-01-07 02:50:02',707,'hvphuong',0,2),(421,'mhduong','Add','2020-01-07 02:51:42',708,'mhduong',1,NULL),(422,'ldhai','Assign','2020-01-07 15:12:13',20,'ldhai',6,NULL),(423,'ldhai','Assign','2020-01-07 15:12:13',21,'ldhai',6,NULL),(424,'mhduong','Add','2020-01-07 15:12:30',710,'mhduong',6,1),(425,'mhduong','Add','2020-01-07 15:12:54',711,'nthung',0,1),(426,'ldhai','Assign','2020-01-07 15:14:26',20,'ldhai',6,NULL),(427,'ldhai','Assign','2020-01-07 15:14:26',21,'ldhai',6,NULL),(428,'mhduong','Add','2020-01-07 03:16:22',712,'nthung',0,1),(429,'ldhai','Assign','2020-01-07 15:16:30',20,'ldhai',6,NULL),(430,'ldhai','Assign','2020-01-07 15:16:30',21,'ldhai',6,NULL),(431,'ldhai','Assign','2020-01-07 15:19:19',20,'ldhai',1,NULL),(432,'ldhai','Assign','2020-01-07 15:19:19',21,'ldhai',1,NULL),(433,'mhduong','Add','2020-01-07 15:19:54',713,'nthung',0,1),(434,'mhduong','Add','2020-01-07 15:22:29',714,'mhduong',6,1),(435,'mhduong','Add','2020-01-07 15:23:12',715,'nthung',0,1),(436,'mhduong','Add','2020-01-07 03:26:30',716,'mhduong',1,NULL),(437,'mhduong','Assign','2020-01-07 16:45:18',7,'mhduong',6,NULL),(438,'mhduong','Assign','2020-01-07 16:46:12',7,'mhduong',6,NULL),(439,'mhduong','Assign','2020-01-07 16:46:12',8,'mhduong',6,NULL),(440,'mhduong','Assign','2020-01-07 16:46:12',9,'mhduong',6,NULL),(441,'mhduong','Assign','2020-01-07 16:46:43',7,'mhduong',1,NULL),(442,'mhduong','Assign','2020-01-07 16:46:43',8,'mhduong',1,NULL),(443,'mhduong','Assign','2020-01-07 16:46:43',9,'mhduong',1,NULL),(444,'mhduong','Add','2020-01-07 05:02:01',717,'mhduong',1,NULL),(445,'mhduong','Add','2020-01-07 20:26:36',718,'nthung',0,1),(446,'ldhai','Assign','2020-01-07 20:27:09',707,'ldhai',6,NULL),(447,'ldhai','Assign','2020-01-07 20:27:09',718,'ldhai',6,NULL),(448,'mhduong','Destroy','2020-01-07 20:31:13',717,NULL,8,NULL),(449,'mhduong','Add','2020-01-07 20:45:21',719,'hvphuong',0,2),(450,'mhduong','Add','2020-01-07 20:47:24',720,'nthung',0,1),(451,'mhduong','Check Out','2020-01-07 20:47:42',720,NULL,7,NULL),(452,'nttdung1','Assign','2020-01-07 22:18:30',361,'nttdung1',6,NULL),(453,'ndvan','Assign','2020-01-07 22:25:18',715,'ndvan',6,NULL),(454,'ndvan','Assign','2020-01-07 22:26:44',719,'ndvan',6,NULL),(455,'ndvan','Assign','2020-01-07 22:29:16',713,'ndvan',6,NULL),(456,'ndvan','Assign','2020-01-07 22:29:16',712,'ndvan',6,NULL),(457,'mhduong','Add','2020-01-08 02:05:27',721,'nthung',0,1),(458,'aaronwilliams','Assign','2020-01-08 02:34:34',721,'aaronwilliams',6,NULL),(459,'nttdung1','Assign','2020-01-08 02:38:58',129,'nttdung1',6,NULL),(460,'nttdung1','Assign','2020-01-08 02:38:58',711,'nttdung1',6,NULL),(461,'mhduong','Return','2020-01-08 02:39:50',667,NULL,0,1),(462,'mhduong','Return','2020-01-08 02:39:50',79,NULL,0,1),(463,'mhduong','Add','2020-01-08 04:59:31',722,'nthung',0,1),(464,'nttdung1','Assign','2020-01-08 05:01:26',722,'nttdung1',6,NULL),(465,'mhduong','Return','2020-01-08 06:14:55',722,NULL,0,1),(466,'mhduong','Assign','2020-01-08 18:38:24',20,'ldhai',6,NULL),(467,'mhduong','Assign','2020-01-08 18:38:24',21,'ldhai',6,NULL),(468,'mhduong','Malfunctioning Report','2020-01-08 06:52:05',722,NULL,5,NULL),(469,'mhduong','Repair','2020-01-08 06:52:21',722,NULL,4,NULL),(470,'mhduong','Assign','2020-01-09 10:12:24',20,'ldhai',6,NULL),(471,'mhduong','Assign','2020-01-09 10:12:24',21,'ldhai',6,NULL),(472,'mhduong','Assign','2020-01-09 10:15:17',20,'ldhai',6,NULL),(473,'mhduong','Assign','2020-01-09 10:15:17',21,'ldhai',6,NULL),(474,'mhduong','Assign','2020-01-08 23:22:14',699,'ndvan',6,NULL),(475,'mhduong','Assign','2020-01-08 23:22:14',627,'ndvan',6,NULL),(476,'mhduong','Assign','2020-01-09 11:33:09',699,'ldhai',6,NULL),(477,'mhduong','Assign','2020-01-09 11:33:09',627,'ldhai',6,NULL),(478,'mhduong','Assign','2020-01-09 11:34:36',699,'ldhai',1,NULL),(479,'mhduong','Assign','2020-01-09 11:34:36',627,'ldhai',1,NULL),(480,'mhduong','Assign','2020-01-08 23:42:07',667,'ndvan',6,NULL),(481,'mhduong','Assign','2020-01-08 23:43:56',667,'ndvan',1,NULL),(482,'mhduong','Assign','2020-01-09 02:25:40',715,'nthung',6,NULL),(484,'mhduong','Add','2020-01-09 06:35:13',730,'nthung',0,1),(485,'mhduong','Malfunctioning Report','2020-01-09 06:36:44',730,NULL,5,NULL),(486,'mhduong','Repair','2020-01-09 06:36:47',730,NULL,4,NULL),(487,'mhduong','Lost Report','2020-01-09 06:36:57',730,NULL,2,NULL),(488,'mhduong','Liquidate','2020-01-09 06:37:01',730,NULL,3,NULL),(490,'mhduong','Liquidate','2020-01-09 06:46:28',633,NULL,3,NULL),(491,'mhduong','Assign','2020-01-09 06:52:46',669,'nttdung1',6,NULL),(492,'mhduong','Assign','2020-01-09 06:52:46',618,'nttdung1',6,NULL),(493,'mhduong','Assign','2020-01-09 06:52:46',522,'nttdung1',6,NULL),(494,'mhduong','Assign','2020-01-09 06:52:46',521,'nttdung1',6,NULL),(495,'mhduong','Return','2020-01-09 07:04:54',667,NULL,0,1),(496,'mhduong','Return','2020-01-09 07:04:54',506,NULL,0,1),(497,'mhduong','Return','2020-01-09 07:04:54',505,NULL,0,1),(498,'mhduong','Malfunctioning Report','2020-01-09 07:10:50',505,NULL,5,NULL),(499,'mhduong','Malfunctioning Report','2020-01-09 07:18:48',667,NULL,5,NULL),(500,'mhduong','Repair','2020-01-09 07:19:10',667,NULL,4,NULL),(501,'mhduong','Liquidate','2020-01-09 07:21:12',517,NULL,3,NULL),(502,'mhduong','Add','2020-01-09 07:21:55',731,'nthung',0,1),(503,'mhduong','Assign','2020-01-09 07:22:19',731,'nttdung1',6,NULL),(504,'mhduong','Check Out','2020-01-09 07:22:46',731,NULL,7,NULL),(505,'mhduong','Add','2020-01-09 07:23:29',732,'mhduong',1,NULL),(506,'mhduong','Destroy','2020-01-09 07:23:36',732,NULL,8,NULL),(507,'mhduong','Lost Report','2020-01-09 07:24:01',520,NULL,2,NULL),(508,'mhduong','Expire','2020-01-09 07:25:57',716,NULL,9,NULL),(509,'mhduong','Assign','2020-01-09 19:41:15',519,'ndvan',6,NULL),(510,'mhduong','Assign','2020-01-09 19:42:27',519,'ndvan',1,NULL),(516,'mhduong','Lost Report','2020-01-09 20:15:48',518,NULL,2,NULL),(517,'mhduong','Lost Report','2020-01-09 20:17:34',514,NULL,2,NULL),(518,'mhduong','Lost Report','2020-01-09 20:17:56',474,NULL,2,NULL),(519,'mhduong','Lost Report','2020-01-09 20:18:22',513,NULL,2,NULL),(520,'mhduong','Lost Report','2020-01-09 20:23:01',506,NULL,2,NULL),(521,'mhduong','Liquidate','2020-01-09 20:26:15',510,NULL,3,NULL),(522,'mhduong','Expire','2020-01-09 20:29:22',704,NULL,9,NULL),(523,'mhduong','Repair','2020-01-09 21:34:40',535,NULL,4,NULL),(524,'mhduong','Assign','2020-01-09 21:37:09',534,'nthung',6,NULL),(525,'mhduong','Assign','2020-01-09 21:41:07',534,'nthung',6,NULL),(526,'mhduong','Assign','2020-01-09 21:43:42',534,'nthung',6,NULL),(527,'mhduong','Assign','2020-01-09 21:44:18',534,'nthung',6,NULL),(528,'mhduong','Assign','2020-01-09 21:44:39',534,'nthung',6,NULL),(529,'mhduong','Repair','2020-01-09 21:47:00',508,NULL,4,NULL),(530,'mhduong','Return','2020-01-09 21:52:53',508,NULL,0,2),(531,'mhduong','Site Transfer','2020-01-09 21:53:03',508,NULL,0,6),(532,'mhduong','Site Transfer','2020-01-09 21:54:22',508,NULL,0,1),(533,'mhduong','Assign','2020-01-09 21:54:37',508,'nthung',6,NULL),(534,'mhduong','Return','2020-01-09 21:59:20',722,NULL,0,2),(535,'mhduong','Site Transfer','2020-01-09 21:59:29',722,NULL,0,1),(536,'mhduong','Assign','2020-01-09 21:59:44',722,'ldhai',6,NULL),(537,'mhduong','Malfunctioning Report','2020-01-09 22:00:09',237,NULL,5,NULL),(538,'mhduong','Repair','2020-01-09 22:00:13',237,NULL,4,NULL),(539,'mhduong','Return','2020-01-09 22:00:19',237,NULL,0,2),(540,'mhduong','Lost Report','2020-01-09 22:00:34',237,NULL,2,NULL),(541,'mhduong','Repair','2020-01-09 22:01:15',511,NULL,4,NULL),(542,'mhduong','Repair','2020-01-09 22:01:41',528,NULL,4,NULL),(543,'mhduong','Lost Report','2020-01-09 22:02:59',695,NULL,2,NULL),(544,'mhduong','Expire','2020-01-09 22:03:16',705,NULL,9,NULL),(545,'mhduong','Return','2020-01-09 22:06:36',722,NULL,0,6),(546,'mhduong','Malfunctioning Report','2020-01-09 22:06:51',722,NULL,5,NULL),(547,'mhduong','Repair','2020-01-09 22:06:56',722,NULL,4,NULL),(552,'mhduong','Liquidate','2020-01-09 22:18:20',3,NULL,3,NULL),(553,'mhduong','Liquidate','2020-01-09 22:18:20',1,NULL,3,NULL),(554,'mhduong','Liquidate','2020-01-09 22:18:20',327,NULL,3,NULL),(555,'mhduong','Liquidate','2020-01-09 22:18:20',661,NULL,3,NULL),(556,'mhduong','Liquidate','2020-01-09 22:18:20',700,NULL,3,NULL),(557,'mhduong','Return','2020-01-09 22:18:57',718,NULL,0,2),(558,'mhduong','Return','2020-01-09 22:18:57',707,NULL,0,2);
/*!40000 ALTER TABLE `Asset_History` ENABLE KEYS */;
UNLOCK TABLES;

--
-- Table structure for table `Asset_MSTR`
--

DROP TABLE IF EXISTS `Asset_MSTR`;
/*!40101 SET @saved_cs_client     = @@character_set_client */;
/*!50503 SET character_set_client = utf8mb4 */;
CREATE TABLE `Asset_MSTR` (
  `id` int(11) NOT NULL AUTO_INCREMENT,
  `type` int(11) NOT NULL,
  `type_name` varchar(250) NOT NULL,
  `value_number` int(11) NOT NULL,
  `name` varchar(250) DEFAULT NULL,
  PRIMARY KEY (`id`)
) ENGINE=InnoDB AUTO_INCREMENT=38 DEFAULT CHARSET=utf8mb4 COLLATE=utf8mb4_0900_ai_ci;
/*!40101 SET character_set_client = @saved_cs_client */;

--
-- Dumping data for table `Asset_MSTR`
--

LOCK TABLES `Asset_MSTR` WRITE;
/*!40000 ALTER TABLE `Asset_MSTR` DISABLE KEYS */;
INSERT INTO `Asset_MSTR` VALUES (1,1,'Asset Type',1,'Physical Asset'),(2,1,'Asset Type',2,'Information Asset'),(3,1,'Asset Type',3,'Software Asset'),(4,1,'Asset Type',4,'Service Asset'),(5,2,'Asset Status',0,'Available'),(6,2,'Asset Status',1,'In Use'),(7,2,'Asset Status',2,'Lost'),(8,2,'Asset Status',3,'Liquidated'),(9,2,'Asset Status',4,'Under Repair'),(10,2,'Asset Status',5,'Malfunctioning'),(11,2,'Asset Status',6,'Pending Confirmation'),(12,2,'Asset Status',7,'Checked out'),(13,2,'Asset Status',8,'Destroyed'),(14,2,'Asset Status',9,'Expired'),(16,3,'C_Evaluation',1,'1'),(17,3,'C_Evaluation',2,'2'),(18,3,'C_Evaluation',3,'3'),(19,4,'I_Evaluation',1,'1'),(20,4,'I_Evaluation',2,'2'),(21,4,'I_Evaluation',3,'3'),(22,5,'A_Evaluation',1,'1'),(23,5,'A_Evaluation',2,'2'),(24,5,'A_Evaluation',3,'3'),(25,6,'CIA_Sum',3,'3'),(26,6,'CIA_Sum',4,'4'),(27,6,'CIA_Sum',5,'5'),(28,6,'CIA_Sum',6,'6'),(29,6,'CIA_Sum',7,'7'),(30,6,'CIA_Sum',8,'8'),(31,6,'CIA_Sum',9,'9'),(32,7,'Overdue',0,'No'),(33,7,'Overdue',1,'Yes'),(34,3,'C_Evaluation',0,'N/A'),(35,4,'I_Evaluation',0,'N/A'),(36,5,'A_Evaluation',0,'N/A'),(37,6,'CIA_Sum',0,'N/A');
/*!40000 ALTER TABLE `Asset_MSTR` ENABLE KEYS */;
UNLOCK TABLES;

--
-- Table structure for table `Asset_Reference`
--

DROP TABLE IF EXISTS `Asset_Reference`;
/*!40101 SET @saved_cs_client     = @@character_set_client */;
/*!50503 SET character_set_client = utf8mb4 */;
CREATE TABLE `Asset_Reference` (
  `id` varchar(36) NOT NULL,
  `parent_asset_id` int(11) NOT NULL,
  `child_asset_id` int(11) NOT NULL,
  PRIMARY KEY (`id`),
  KEY `Asset_Ref_Asset_fk_idx` (`parent_asset_id`,`child_asset_id`),
  KEY `Asset_Ref_Asset_fk2_idx` (`child_asset_id`),
  CONSTRAINT `Asset_Ref_Asset_fk1` FOREIGN KEY (`parent_asset_id`) REFERENCES `Asset` (`asset_id`),
  CONSTRAINT `Asset_Ref_Asset_fk2` FOREIGN KEY (`child_asset_id`) REFERENCES `Asset` (`asset_id`)
) ENGINE=InnoDB DEFAULT CHARSET=utf8mb4 COLLATE=utf8mb4_0900_ai_ci;
/*!40101 SET character_set_client = @saved_cs_client */;

--
-- Dumping data for table `Asset_Reference`
--

LOCK TABLES `Asset_Reference` WRITE;
/*!40000 ALTER TABLE `Asset_Reference` DISABLE KEYS */;
INSERT INTO `Asset_Reference` VALUES ('bfe82815-0920-4d6d-b958-f967ccef7392',1,2),('d210b034-f9c7-49a8-8257-c59f4fa14daa',1,3),('254b3bad-3485-4d38-beac-34900dfa3b9a',3,327),('594d67f6-63f6-47e1-82e2-7b1e69bd238a',3,661),('992c7b32-51bc-4696-bff2-29a95a40b71f',3,700),('742d8cd9-60dc-4d4c-96b4-ee6f38fa693b',9,677),('1ffcf3ba-5d6a-4f8a-a8b8-339e33c3bd3a',13,40),('f0e8df2c-3881-4e76-bd27-7ee61efe1583',13,549),('7b17c8a6-f6d5-4512-b022-47900c005c14',13,550),('b45c8b4a-23c4-4f09-b578-cf94143a7017',13,551),('aac751d1-0b81-44d9-87fe-d402619bb2ef',13,552),('1390c0bd-f46e-4dd3-98c5-31c835835e41',13,553),('d82a92ad-8bbc-4f83-8933-4c8eccda53d4',13,672),('de1e7049-b66d-4363-aaa2-1249927fcde4',13,684),('a7932d74-9944-47e3-96af-94d615e9e2ca',13,685),('efb207ee-5663-4e7d-956c-904b7042e6ea',13,686),('1d6c1d8a-fc60-4dd4-a365-f14f56301aae',13,687),('ebec1ff1-c52d-48a0-bf22-d6ff6c9f6b68',13,688),('89463f0e-9530-4b4d-9bb2-21f93966bef7',13,689),('ad8040d6-a244-4697-8f3a-9c52ca663b3a',13,690),('5b42e3e9-a8f0-44e5-a52f-a6d7a0e0072b',13,691),('19368759-3c50-40b5-913a-88f76126d760',13,692),('021c67b0-3e58-4e18-8ebc-11182d549880',13,693),('499d639d-6271-42d2-a417-dea2be105e88',13,698),('9e849fb0-cda5-435d-8b9d-9d206ad09af3',13,710),('49cacdd2-5e06-4351-be86-f68525dc14f4',13,714),('3c51eed2-65cd-47e8-8708-bfbe1174d117',20,547),('347dfb77-68d8-4ea9-87ef-a2abd646fc1b',44,545),('ff624a69-9325-46fa-8f6e-b5307c135e9d',55,546),('dc9c8a09-88ae-4ec3-8a32-9022bd780167',56,292),('e576964f-8c23-497f-b24e-12dd14247c53',327,548),('f25487ee-e88f-48df-be18-7043bf22ac6a',327,676),('658444c3-3420-444d-b7ea-42f41f4a7118',327,678),('73aad785-677e-4ff6-81dd-7a62f076b5f5',327,694),('682419e4-ccb0-4099-9696-1a3e84004e6e',587,664),('5c23a41c-ab41-42ef-bc4f-239a72392044',587,665),('e5dd83af-a409-428e-97d7-a6d3a1774431',627,699),('dbdfbb20-3e29-4cb8-839b-63bebaf597cc',707,718);
/*!40000 ALTER TABLE `Asset_Reference` ENABLE KEYS */;
UNLOCK TABLES;

--
-- Table structure for table `Audit`
--

DROP TABLE IF EXISTS `Audit`;
/*!40101 SET @saved_cs_client     = @@character_set_client */;
/*!50503 SET character_set_client = utf8mb4 */;
CREATE TABLE `Audit` (
  `Id` char(16) NOT NULL,
  `Content` varchar(255) DEFAULT NULL,
  PRIMARY KEY (`Id`)
) ENGINE=InnoDB DEFAULT CHARSET=utf8mb4 COLLATE=utf8mb4_0900_ai_ci;
/*!40101 SET character_set_client = @saved_cs_client */;

--
-- Dumping data for table `Audit`
--

LOCK TABLES `Audit` WRITE;
/*!40000 ALTER TABLE `Audit` DISABLE KEYS */;
/*!40000 ALTER TABLE `Audit` ENABLE KEYS */;
UNLOCK TABLES;

--
-- Table structure for table `CIA_Evaluation`
--

DROP TABLE IF EXISTS `CIA_Evaluation`;
/*!40101 SET @saved_cs_client     = @@character_set_client */;
/*!50503 SET character_set_client = utf8mb4 */;
CREATE TABLE `CIA_Evaluation` (
  `id` varchar(36) NOT NULL,
  `C` int(11) NOT NULL,
  `I` int(11) NOT NULL,
  `A` int(11) NOT NULL,
  `notes` varchar(500) DEFAULT NULL,
  PRIMARY KEY (`id`)
) ENGINE=InnoDB DEFAULT CHARSET=utf8mb4 COLLATE=utf8mb4_0900_ai_ci;
/*!40101 SET character_set_client = @saved_cs_client */;

--
-- Dumping data for table `CIA_Evaluation`
--

LOCK TABLES `CIA_Evaluation` WRITE;
/*!40000 ALTER TABLE `CIA_Evaluation` DISABLE KEYS */;
INSERT INTO `CIA_Evaluation` VALUES ('000b068c-251d-4486-a1af-731ee0c59d06',3,3,3,NULL),('025cbf79-92c4-4192-8591-d0d6b4a6fa67',2,2,2,NULL),('029fea07-7e42-42a3-a726-a3786126f6f1',2,2,2,NULL),('02a557b2-e7dd-4e02-a293-ed8150918b21',2,2,2,NULL),('03e61b60-4405-4aec-b515-49cc0414a686',2,2,3,NULL),('05f6b4d1-25ea-4b0f-857e-d94e44593633',3,3,3,NULL),('0674a3ef-bd09-4fad-ae81-ebef760895dc',3,3,3,NULL),('07e54b5d-b33b-43ad-a02b-6209871b9c8f',3,3,3,NULL),('090cd33e-d885-4634-8329-1d1c07996a1b',2,2,3,''),('0956d820-93d5-4042-8c30-59e9739089c2',2,2,3,NULL),('09b9b592-95d4-4875-8913-dc6147138cf9',2,2,3,NULL),('0ab8907b-c53b-430c-bdc2-66c7fcc62ee7',3,3,3,NULL),('0b6438ec-e07d-4378-9f50-624bdcbfa25d',3,3,3,NULL),('108ab0d9-adbd-4589-8358-fd92cdd936b7',3,3,3,NULL),('13cb1c77-05c1-48e9-8d5b-9edb93d10166',3,3,3,NULL),('14ecda54-a510-4bc7-91e3-27779fb36aad',3,3,3,'hello abc'),('153372ae-aee9-467f-ba57-5b508eaa7162',2,2,2,NULL),('1632f3d6-265f-47e4-868b-5f0955c99780',2,2,3,NULL),('196e28cc-8fbf-4e3d-baf3-0c2fdfde8e42',2,2,3,NULL),('1bacefd3-dc01-4c6f-bfae-73bfe597808b',2,2,2,NULL),('1bf50643-4c66-4376-8419-02a69a07dff4',3,3,3,NULL),('1d7bc33c-6f94-41c9-90c6-da2d4b6e2941',2,2,3,NULL),('1fc3de64-c309-40c6-a4cf-2c9b9ef5bbf5',2,2,3,NULL),('21e2b6dd-7358-41ae-a4a3-a053107f9825',1,1,2,NULL),('222f8fd0-c320-460e-b8f7-cc4a11eac9bd',3,3,3,NULL),('24ef9a7f-0782-4c1b-b1a3-a0ab006521c6',3,3,3,NULL),('27e2ac07-1daa-42c5-9b30-eff920b1dd1f',2,2,2,NULL),('285d36f2-c93e-435e-8c74-bf7df329cbba',3,3,3,NULL),('28777322-6d29-4b1b-843e-71c2d3d7c187',2,2,3,NULL),('289fb327-224c-49bc-9531-654d2ebd9e73',2,2,3,NULL),('295fcb69-9cc0-4861-bcc4-64d17898201f',3,3,3,NULL),('2a9a85da-5fe7-49c5-a931-460d7ac8308f',2,2,2,NULL),('2aadb609-b6db-4e84-94e8-75eb7ed6b8c7',3,3,3,NULL),('2cb045bb-eb35-4694-b50f-491fd55fb415',2,2,2,NULL),('2df0cd61-6c4f-443a-8dc4-990e83c22408',2,2,3,NULL),('2e068e47-1032-47fb-890b-e2214bdfc89e',3,3,3,NULL),('2ed42155-c438-40eb-ba0d-d7801c6ab707',2,2,2,NULL),('303a77a2-d0a4-430f-abb3-78a953bd0247',3,3,3,NULL),('3144246a-b103-40f8-a4d1-703bb254de3d',2,2,3,NULL),('32a842a8-02b6-4964-8b8a-244bb20e1e91',2,2,2,NULL),('33b6f116-10f4-42e2-ae5b-3487e98334c4',2,2,2,NULL),('37594cf4-3f5c-41c6-9aa8-6df521a1601b',2,2,2,NULL),('38c5b0fa-cde9-4597-98f1-53fac9398409',2,2,2,NULL),('3926b5ff-7275-42c5-8ce4-d9ba27bfdd96',2,2,2,NULL),('3a998fc5-b20e-41ec-95ca-fe8e76246980',3,3,3,'hello abc'),('3aeea69d-1485-4b27-8aad-f55b0497b348',2,2,3,NULL),('3b810c9c-dfc8-483a-8cb0-c2fcd0931fb4',2,2,2,NULL),('3be1affd-3961-4807-a321-04a26bc105e1',1,2,3,NULL),('3f1ae6a4-0d5e-4d26-bf99-f7e735c574f9',2,2,2,NULL),('41ad3cfe-6768-42d1-9edb-f0ed771eceaa',2,2,3,NULL),('41e9ca00-f231-47ed-ab2d-68f413cf303e',2,3,3,NULL),('43371cbf-7c7d-4988-8f02-37cba21a0db1',2,2,3,NULL),('443f77de-ba82-4b3b-98a9-8e37dd8f0162',3,3,3,NULL),('44ccc5bb-ca31-4744-941d-bd9a94d28af2',2,2,2,NULL),('451cfbbd-0b0c-4625-b987-74c5f5405250',3,3,3,'hello abc'),('45839442-b4be-4a59-9abe-b125e07ba27c',2,2,2,NULL),('48a432ef-3221-4cb7-a8b3-fac02ca78e4f',3,3,3,NULL),('4951451c-d2d7-455c-a127-34de650791c2',3,3,3,NULL),('49d97fad-a678-4864-b267-dc790cbd2359',2,2,3,NULL),('4c3082e1-d283-490c-8b40-615b04992209',2,2,2,NULL),('4dcb74ea-cc81-4ab8-9c13-900512b8648b',1,1,2,NULL),('4f8557f7-a5cb-4a55-9b4d-9e31ea202677',3,3,3,NULL),('4fcb9145-9117-4612-bade-1079e6035638',3,3,3,'hello abc'),('51ce19be-feef-4aac-8da2-907ddbe50f9c',2,3,2,NULL),('52d9a286-1e09-48f0-900a-922d8cf5781e',2,2,2,NULL),('53f6035a-d3dc-4e56-a7d7-fcd9d568e18a',2,2,2,NULL),('587cd44a-15ae-4a13-903d-9b3f040e3abb',2,2,2,NULL),('599c0925-afec-47b0-976d-af9b9d0fa602',3,3,3,NULL),('5a584425-9f8a-4ea4-9cd4-d27f1de848db',2,3,3,NULL),('5ad4f20a-e463-4719-bd37-f284cdf36457',3,3,3,NULL),('5b22a8ac-8f2f-45be-a3b1-4459c935bab7',2,2,2,NULL),('5c2061bf-27a0-4dd4-981e-ef7ab66d8db5',2,2,2,NULL),('5ea5db02-3205-48a3-a29a-445d4f113638',2,2,3,''),('5ec53e83-10c9-4dc8-a9c6-4fb2c8020cce',2,2,3,NULL),('5f010db6-63b1-4469-b456-b15f40bf0210',3,3,3,NULL),('5f613db8-8c12-4f57-909b-92b0d326367b',3,3,3,NULL),('5f980006-3167-4a1d-92cc-583eea08ba92',3,3,3,NULL),('5fcc696b-81a1-4dd5-8e35-62d8a44ef909',1,1,1,''),('5ffe38b6-321e-46d4-ad88-54dc91c8dc14',2,2,2,NULL),('6022d464-c696-4aea-a549-a2eb77628550',3,3,3,'hello abc'),('612f454e-9b06-409c-9638-0cad0e0ecc99',2,2,3,NULL),('63e3fc36-b1ec-4e35-a686-39c8c7d96886',1,2,2,''),('64661cfa-dfad-472c-9685-4b9167db3cd3',1,1,1,NULL),('64fa643f-fbd7-44dd-a773-c359a6bd675e',2,3,3,NULL),('652478e4-eee0-4820-bc53-fd0091b872b0',3,3,3,NULL),('679e2991-cc08-4ee2-8d3a-d2fb89c2818a',3,3,3,NULL),('6938758f-b2bc-4c3d-b1e6-7d39e39fdb75',3,3,3,NULL),('6c3c0fda-3f1d-425c-bd8f-e7a7844198a1',2,2,3,NULL),('703214d5-d9ff-40ae-887d-e7025112a7c4',2,2,3,NULL),('7157ca77-a9a1-4d33-8ddf-5f499337a84d',3,3,3,NULL),('724ed05e-ddbf-4d92-9ebb-924503282929',3,2,3,'note'),('736a169e-6d62-4400-8daf-998803199e60',0,0,0,NULL),('73ccec11-a935-446e-ba2b-d558b765c606',3,3,3,NULL),('7555ede3-fce2-4f60-8a59-b22d1387b1ea',3,3,3,NULL),('78323339-2af1-40af-b5bc-7edcbbb667ac',2,2,3,NULL),('7999c838-36f7-4ec2-b7a1-3f507db21d73',3,3,3,NULL),('79b832c5-56bf-4885-bb49-12cb2f4555b8',3,3,3,NULL),('7cd0f436-0597-493e-91c5-fd5af27f5d18',2,2,2,NULL),('7e030ae9-9862-47e0-879b-8175c6d952bd',3,3,3,NULL),('812ac35d-d91c-44ba-8d31-fa471bbe57f0',2,2,2,NULL),('8192bacb-600b-4e43-9ce9-b41e424bfd53',3,3,3,NULL),('85d41269-4e23-4b8d-910e-c9ab226cb87c',3,3,3,'hello abc'),('8ce5d4eb-3bda-4659-8850-3c885b2bd4dd',2,2,3,NULL),('8d48c79f-f3ff-4fbb-8559-958f77b1ffcf',2,2,3,''),('92dd266f-365f-4ab6-91f1-e0ada2497498',2,2,3,NULL),('92e862b4-1167-4f6c-b7ab-1880f521f20e',2,3,3,NULL),('940a1b44-1326-4d67-b0b6-d338229db9c0',1,1,1,NULL),('95784f78-ebfc-4b0c-9cf5-74a8a03d3eb6',3,3,3,NULL),('96a14667-6bd9-4196-8b92-5eff920a00f2',2,2,2,NULL),('972c155d-516f-4ac6-a27e-397f7683d682',3,3,3,NULL),('97b26c99-134c-433e-b213-fa339e0fc866',2,2,3,'notes'),('9863e61d-849a-40f1-95df-4515da7a02af',2,2,3,NULL),('986cd9a0-11f5-4ba7-99d5-8f07202115b7',2,2,3,NULL),('9880b0f8-06d1-462b-958c-af6c8e8ee6c6',2,2,2,NULL),('99aa0930-a310-45f2-8e0b-76b222cb5133',1,2,3,NULL),('9b5f1afd-3a57-4fb1-afe6-6d3609d0c4ca',3,3,3,NULL),('9f253001-f48e-477e-8b28-8ebdb17562d9',0,0,0,NULL),('a10d15d8-cc6b-49b6-8eda-94a88f4d66cd',0,0,0,''),('a1f2ab4c-5e62-44cb-9dfa-c9d41557f015',0,0,0,NULL),('a5866964-85dc-4ce6-b94c-f62078a738d6',2,2,3,NULL),('a7e1c190-21e9-48fa-b55d-bfe43b7d41fa',2,2,3,NULL),('a8aefabd-f73e-4c21-9181-3dacd59d1a4a',1,2,3,''),('a9b30dd1-de9e-4099-b51f-7526dc845c80',2,3,2,''),('ac715d87-6f37-497b-8534-adbbf40b385e',3,3,3,NULL),('ae07454b-9d23-43b0-b1bd-e6be4faa9553',2,2,3,NULL),('ae7ada4b-05ee-4190-b2aa-114f36de26b0',1,3,2,NULL),('afdbef85-c64d-4ad6-ba13-0c4189a8bcd4',3,3,3,'UPDATE'),('b03543e2-8448-4933-bc99-2a3334d330e2',2,2,2,NULL),('b067a168-7d05-49ca-a692-5d7691908a3a',3,3,3,NULL),('b5853a7c-60f5-473e-8433-dde1c77553ef',2,2,2,NULL),('b75ee54f-c9d6-4778-bf1f-b20e5c22a990',1,1,1,NULL),('ba7e708d-856d-4e2d-8768-c53a2ee444f5',2,2,2,NULL),('ba8cff8e-ec1c-4bf6-ae15-67df4dd2affb',3,3,3,NULL),('bc92d280-84fc-4e2f-a2e7-72f1c2a29269',2,2,3,NULL),('bd43642c-092a-4d6b-9e42-b74b4de2c878',2,2,3,NULL),('bf452f32-361e-453c-9c90-1452e2e4abe2',3,3,3,NULL),('c3b6d2cc-18c9-42ce-bef5-1590171cca8d',2,2,2,NULL),('c56eb9d6-32c4-49b1-b553-fb4a11b8fbbc',2,2,3,NULL),('c5c61ffc-0f24-4117-b4eb-68a338e81dff',2,2,2,NULL),('c64d20a9-4fc0-4bfe-a7a1-ad8577b57f85',1,2,2,''),('c902cb90-47f9-403f-b80b-a7f1ee1a1777',2,2,2,NULL),('ca01c54d-95b3-4791-b32b-b241dddb6323',2,2,3,NULL),('cc0dc0bf-87f7-49b9-bbc5-4b7b296b602e',2,2,2,NULL),('cde8ca64-bb08-4308-aeff-d5b0b2e10105',3,3,3,NULL),('cfab972f-cabc-4e3a-a6ae-a96c674d07d4',2,2,3,NULL),('d2a62844-abd6-4dc6-86c8-15c029cead99',3,3,3,NULL),('d2ab8c9c-a828-43ba-88d8-adfd14f248f3',2,2,3,NULL),('d426ea89-b511-41b5-8ca8-92a281617898',2,2,3,NULL),('d5529d64-fec2-4d9b-93a2-9b630a38b82c',2,2,3,NULL),('d61eb8ca-ce44-490e-bd1c-40ecbbddfa44',2,2,2,NULL),('d631e9e4-b849-4dd7-8ed4-af2cea199666',2,3,3,NULL),('d67720a2-6cc8-49e7-83a4-529753c250b7',2,2,3,NULL),('d95dc0b9-0c44-499d-9716-1b772a80148a',2,2,3,NULL),('da4942e9-f844-4a36-a0b8-eb4ed59d3e7c',2,2,2,NULL),('db416473-e71e-4020-819b-4d716a903697',2,2,2,NULL),('dbe7edac-5706-4dce-82e3-467f22d0d0eb',3,3,3,NULL),('dd066ca2-9dc1-45e3-b710-c183ffc57638',3,3,3,NULL),('e0532277-73a5-4be1-9758-5403e0c6c83f',2,2,2,NULL),('e0c963ea-404a-4249-a0ab-03f36decb21e',2,2,2,NULL),('e0f7df8b-9519-4b0b-a129-12d4fbb7cb03',2,2,2,'note'),('e1b4d391-ae7e-4b91-bda3-54aa963883a2',2,2,3,NULL),('e2ed33bf-741e-4187-8a91-0542301e3f75',3,3,3,NULL),('e3e8eb87-e524-4d74-8c1e-fd4ce21d50d4',3,3,3,NULL),('e4717bb8-024a-442d-9acb-4bf2f87473a8',3,3,3,NULL),('e4eb3e70-31b7-4def-bb36-88ae39220e91',2,2,2,NULL),('e6fbe8c0-7491-4a4c-b665-60a54cc56c88',3,3,3,NULL),('e9827a94-60a2-401d-9230-eb2a9b120df6',2,2,2,NULL),('ea1acd4a-bffd-48f1-a7c1-233c8d6047bf',3,2,3,NULL),('eab37bc7-03d0-4942-a0af-455177ade583',0,0,0,''),('eb3ee9cf-d74d-4180-b703-594a2c153fc4',2,2,3,''),('eb6c6d5b-1491-4670-922c-af27c0a3c990',3,3,3,NULL),('ec3dffce-fb13-47ed-ae51-e22aa84d2fef',2,2,2,NULL),('ef8ab82d-4c67-408e-913b-ecc03a02b15e',2,2,2,NULL),('f0b3c35a-ec3d-4bfb-9f8a-8715bb399d79',3,3,3,NULL),('f1c7dfba-7bd8-4a62-b84d-3f80423a86d9',3,3,3,NULL),('f3d98291-9dd4-498f-a2ba-cdb87dcff8e8',2,2,3,NULL),('f402590e-f987-4109-8930-84786d05268c',2,2,3,NULL),('f6b73f7d-4901-47c0-83bd-518dca076a33',2,2,2,NULL),('f88356c3-2703-42c5-ad4d-805d96ec3134',1,2,1,'note'),('fa1987a5-c7bf-4d5d-97f0-bcf2e3e67cba',2,2,3,NULL),('fa79545a-2115-496d-8ee0-c72bfa71d9b1',3,3,3,NULL),('fb174ae2-1fac-4d30-944c-4453a943e8ac',2,2,3,NULL),('fc443af8-a268-4f0a-bf0c-3f61d21ddada',3,3,3,'note'),('fccbaff8-fc65-46ad-be53-81592039b2d9',3,3,3,NULL),('fdbd262b-a19a-4c85-aa0f-1369064c1923',1,3,2,NULL),('fdc8912c-a360-4c49-99ce-265d7b2acde9',2,3,2,'note'),('fe254a48-5bd3-463f-8706-0c5c10e9c563',1,2,3,''),('feb22ba0-5daf-4433-a962-00d985bb7cd1',2,2,2,NULL);
/*!40000 ALTER TABLE `CIA_Evaluation` ENABLE KEYS */;
UNLOCK TABLES;

--
-- Table structure for table `Confirmation_Token`
--

DROP TABLE IF EXISTS `Confirmation_Token`;
/*!40101 SET @saved_cs_client     = @@character_set_client */;
/*!50503 SET character_set_client = utf8mb4 */;
CREATE TABLE `Confirmation_Token` (
  `id` varchar(45) NOT NULL,
  `assignee` varchar(45) NOT NULL,
  `is_confirmed` tinyint(1) NOT NULL,
  PRIMARY KEY (`id`)
) ENGINE=InnoDB DEFAULT CHARSET=utf8mb4 COLLATE=utf8mb4_0900_ai_ci;
/*!40101 SET character_set_client = @saved_cs_client */;

--
-- Dumping data for table `Confirmation_Token`
--

LOCK TABLES `Confirmation_Token` WRITE;
/*!40000 ALTER TABLE `Confirmation_Token` DISABLE KEYS */;
INSERT INTO `Confirmation_Token` VALUES ('0056d8fb-fca4-4186-ac09-fd11f2cae7a2','ldhai',1),('0f4f2dc0-9184-430d-ac90-7f15567fff65','ndvan',1),('2b9e1115-6d84-4831-92ca-42f358cd9de8','nttdung1',0),('2d3322bb-9ec5-44a2-8f91-a6d929acd902','ldhai',0),('31eee2d1-10ab-47dd-bc3e-96de98a2a351','nthung',0),('3d1e1cef-cf0a-4c47-95b0-e8b95bf3188e','ldhai',0),('411d6f87-3043-4957-bfe3-3ea9c61f1c89','nthung',0),('4d98dca7-ab54-4e82-8109-6a1d093ca2f7','ndvan',0),('50abe971-8fa3-4ede-a4d3-1994bfcf11ec','ldhai',0),('5426bbde-15ab-4b0c-8d21-449bd88c58a5','nthung',0),('63a7e0d7-fd41-4247-b324-6f7a48adf76d','mhduong',1),('82af5fa1-867d-4e32-a752-ab09a5db7d3d','ndvan',1),('846299e9-6d07-41b3-9462-4f624d8cf1b1','nthung',0),('91143fc3-f7d2-4b76-81bc-6f1662cf7c92','nthung',0),('94a8f7c0-06eb-4d9a-9ff1-4230ceb4176f','nttdung1',0),('be409b90-f64d-4cbb-8777-0c8142564b1e','nthung',0),('cb8105c2-367b-48af-969f-e53c1eb91182','ldhai',1),('edff0655-443f-44ae-94d4-4d26cf5bad7c','nthung',0),('f45f4c50-6b6c-4aeb-b589-dec7ff187224','mhduong',0),('f6d7df6d-d80a-46a7-8dec-d5d73a09e1ae','ldhai',0),('fd916ad6-64d9-44f9-b8f1-b7fecc71d44c','mhduong',1);
/*!40000 ALTER TABLE `Confirmation_Token` ENABLE KEYS */;
UNLOCK TABLES;

--
-- Table structure for table `Employee`
--

DROP TABLE IF EXISTS `Employee`;
/*!40101 SET @saved_cs_client     = @@character_set_client */;
/*!50503 SET character_set_client = utf8mb4 */;
CREATE TABLE `Employee` (
  `user_name` varchar(45) NOT NULL,
  `full_name` varchar(250) NOT NULL,
  `last_update_date` datetime NOT NULL,
  `du_name` varchar(13) DEFAULT NULL,
  `is_active` tinyint(4) DEFAULT '1',
  PRIMARY KEY (`user_name`)
) ENGINE=InnoDB DEFAULT CHARSET=utf8mb4 COLLATE=utf8mb4_0900_ai_ci;
/*!40101 SET character_set_client = @saved_cs_client */;

--
-- Dumping data for table `Employee`
--

LOCK TABLES `Employee` WRITE;
/*!40000 ALTER TABLE `Employee` DISABLE KEYS */;
INSERT INTO `Employee` VALUES ('aaronwilliams','Aaron Williams - CMC Global DU1','2019-11-29 00:02:03','DU1',0),('admin','Super Admin','2019-11-29 00:02:36','SuperAdmin',1),('amsldap','amsldap','2020-01-09 12:00:53','SuperAdmin',1),('bbtruong','Bùi Bá Trường','2019-05-15 00:00:14',NULL,1),('bbtruongg','Bùi Bá Trườngg','2019-11-29 00:01:21','DU8',1),('bcdai','Bùi Công Đại - CMC Global DU3','2019-11-29 00:02:41','DU3',1),('bdlong','Bùi Đình Long - CMC Global DU2','2020-01-09 12:00:53','DU2',1),('bhduc','Bùi Hồng Đức - CMC Global DU6','2019-11-29 00:02:40','DU6',1),('bhhieu','Bùi Hoàng Hiệu - CMC Global DU1','2020-01-09 12:00:53','DU1',1),('bmchau','Bùi Minh Châu - CMC Global DU2','2019-11-29 00:01:16','DU2',1),('bmcuong','Bùi Mạnh Cường','2020-01-09 12:00:53','NO_DEPARTMENT',1),('bmhung','Bùi Mạnh Hùng','2019-11-29 00:02:14','DU2',0),('bmthin','Bế Minh Thìn - CMC Global Admin','2019-11-29 00:01:32','ADMIN',1),('bndhieu','Bùi Nguyễn Duy Hiếu - CMC Global DU3','2019-11-29 00:02:12','DU3',0),('bqdat','Bùi Quốc Đạt - CMC Global DU1','2020-01-09 12:00:53','DU1',1),('bqvan','Bùi Quỳnh Vân - CMC Global DU8','2019-11-29 00:02:44','DU8',1),('btan','Bùi Thị An - CMC Global Accounting','2020-01-09 12:00:53','ACCOUNTING',1),('bthoang','Bùi Trọng Hoàng','2019-11-29 00:02:06','DU1',0),('btlhuong','Bùi Thị Lan Hương - CMC Global ADMIN','2020-01-09 12:00:53','ADMIN',1),('btmlinh','Bùi Thị Mỹ Linh - CMC Global RRC','2019-11-29 00:00:49','RRC',0),('btthoa','Bùi Thị Thoa','2019-11-29 00:01:15','QA',0),('btxthu','Bùi Thị Xuân Thu - CMC Global DU8','2020-01-09 12:00:53','DU8',1),('btxuan','Bùi Thị Xuân','2019-11-29 00:01:21','DU1',0),('bvanh','Bùi Văn Anh - CMC Global DU6','2020-01-09 12:00:53','DU6',1),('bvquyet','Bùi Văn Quyết','2019-11-29 00:02:02','RRC',0),('bvtung','Bùi Văn Tùng - CMC Global DU3','2020-01-09 12:00:53','DU3',1),('bxtrung','Bùi Xuân Trung - CMC Global DU12','2020-01-09 12:00:53','DU12',1),('byloan','Bùi Yến Loan - CMC Global DU8','2019-11-29 00:02:11','DU8',0),('cddung','Chu Đức Dũng - CMC Global DU3','2020-01-09 12:00:53','DU3',1),('cdtrung','Cao Duy Trưng','2019-11-29 00:02:20','DU3',0),('ckly','Cao Khánh Ly','2019-11-29 00:01:16','DU3',0),('cknhat','Chử Kim Nhất - CMC Global DU1','2019-11-29 00:01:10','DU1',0),('cmquang','Chu Mạnh Quang','2019-11-29 00:02:38','RRC',0),('cnnga','Công Ngọc Ngà - CMC Global DU8','2020-01-09 12:00:53','DU8',1),('ctlchi','Chu Thị Lệ Chi - CMC Global RRC','2019-11-29 00:02:03','RRC',0),('ctpmai','Cao Thị Phương Mai','2019-11-29 00:01:30','DU2',0),('ctqmai','Chu Thị Quỳnh Mai - CMC Global DU6','2020-01-09 12:00:53','DU6',1),('ctquynh','Cao Thị Quỳnh - CMC Global DU6','2020-01-09 12:00:53','DU6',1),('ctttrinh','Cao Thục Tuyết Trinh','2019-11-29 00:01:27','DU5',0),('cvhieu','Chu Văn Hiếu','2019-11-29 00:02:00','RRC',0),('cvphuong','Chử Văn Phương','2019-03-22 14:23:12',NULL,1),('cxquang','Cấn Xuân Quang - CMC Global RRC','2019-11-29 00:02:16','RRC',0),('daduc','Đỗ Anh Đức - CMC Global DU2','2019-11-29 00:01:08','DU2',1),('datu1','Đỗ Anh Tú - CMC Global DU6','2019-10-30 09:58:31','DU6',0),('dbhung','Dương Bá Hưng - CMC Global  IT','2020-01-09 12:00:53','IT',1),('dbthan','Đỗ Bá Thản - CMC Global DU1','2019-11-29 00:02:20','DU1',0),('dcthang','Đinh Công Thắng - CMC Global DU2','2020-01-09 12:00:53','DU2',1),('ddanh1','Đặng Duy Anh','2019-11-29 00:01:00','HR',0),('dddoi','Đỗ Đình Đối - CMC Global DU2','2019-11-29 00:02:36','DU3',1),('ddhieu','Đặng Huy Hiếu - CMC Global DU6','2019-11-29 00:02:20','RRC',1),('ddhung','Dư Duy Hưng - CMC Global DU3','2020-01-09 12:00:53','DU3',1),('ddhuy','Đàm Đình Huy - CMC Global RRC','2020-01-09 12:00:53','RRC',1),('ddquy','Dương Đình Quý','2019-11-29 00:02:37','RRC',0),('ddthang','Đỗ Duy Thắng - CMC Global DU6','2020-01-09 12:00:53','DU6',1),('ddtrong','Đàm Đức Trọng - CMC Global DU2','2019-11-29 00:01:27','DU2',1),('ddviet','Đỗ Đức Việt - CMC Global DU2','2020-01-09 12:00:53','DU2',1),('dhgiang1','Dương Hoàng Giang','2019-11-29 00:01:32','RRC',0),('dhhiep','Đoàn Hoàng Hiệp','2019-11-29 00:02:38','RRC',0),('dhhieu','Đặng Huy Hiếu - CMC Global DU9','2020-01-09 02:11:19','DU9',0),('dhthao1','Dương Hương Thảo','2019-11-29 00:01:33','ADMIN',0),('dhtien','Đào Huy Tiến - CMC Global DU8','2020-01-09 12:00:53','DU8',1),('dhyen','Đào Hải Yến','2019-11-29 00:01:33','QA',0),('dkhuyen','Đinh Khánh Huyền - CMC Global DU6','2020-01-09 12:00:53','DU6',1),('dkthanh','Đào Kỳ Thanh - CMC Global DU3','2020-01-09 12:00:53','DU3',1),('dktrieu','Đinh Khắc Triệu - CMC Global DU3','2020-01-09 12:00:53','DU3',1),('dlchi','Đậu Linh Chi - CMC Global BU','2019-11-29 00:01:34','BU1',1),('dlpnguyen','Dương Lê Phúc Nguyện - CMC Global DU3','2019-11-29 00:02:09','DU3',0),('dlttung','Đào Lê Thanh Tùng - CMC Global DU12','2020-01-09 12:00:53','DU12',1),('dmngoc','Đỗ Minh Ngọc','2019-11-29 00:01:28','BU',0),('dmthong','Đỗ Minh Thông','2019-11-29 00:02:17','DU1',0),('dmtuan','Đỗ Mạnh Tuấn - CMC Global RRC','2020-01-09 12:00:53','RRC',1),('dmtuong','Đặng Mạnh Tường - CMC Global DU6','2020-01-09 12:00:53','DU6',1),('dnanh1','Đặng Ngọc Anh - CMC Global BU','2019-11-29 00:02:21','MEGAACC',1),('dnbao','Đặng Ngọc Bảo','2019-11-29 00:01:39','BOM',1),('dnduc','Đoàn Ngọc Đức - CMC Global DU6','2019-11-29 00:02:04','DU6',1),('dnhquan','Đỗ Như Hồng Quân - CMC Global DU3','2019-11-29 00:01:33','DU3',1),('dnkhanh','Đinh Ngọc Khánh - CMC Global DU12','2020-01-09 12:00:53','DU12',1),('dnthien','Đinh Ngọc Thiện - CMC Global DU3','2020-01-09 12:00:53','DU3',1),('dntinh','Đặng Ngọc Tỉnh','2019-11-29 00:00:48','RRC',0),('dpanh','Đỗ Phan Anh - CMC Global DU1','2019-11-29 00:01:35','DU1',1),('dqthang','Đào Quang Thắng - CMC Global DU6','2019-11-29 00:02:05','DU6',1),('dqtruong','Đào Quang Trưởng','2019-11-29 00:01:33','DU1',0),('dtanh','Đào Tuấn Anh - CMC Global DU3','2019-11-29 00:02:37','DU3',1),('dtdat2','Đỗ Tiến Đạt - CMC Global DU1','2019-11-29 00:01:35','DU1',1),('dtdat3','Đỗ Thành Đạt - CMC Global RRC','2019-11-29 00:01:27','RRC',1),('dthai','Đỗ Trọng Hải','2019-11-29 00:01:23','DU2',0),('dthai2','Đỗ Trọng Hải - CMC Global DU2','2020-01-09 12:00:53','DU2',1),('dthang','Đinh Thị Hằng','2019-11-29 00:02:16','DU1',0),('dthien1','Đinh Thanh Hiền - CMC Global DU1','2019-11-29 00:02:43','DU1',0),('dthly','Đinh Thị Hương Lý - CMC Global DU8','2019-11-29 00:01:23','DU8',1),('dthoa2','Đoàn Thị Hoa - CMC Global DU8','2019-11-29 00:01:15','DU8',0),('dthue','Dương Thị Huế - CMC Global DU8','2020-01-09 12:00:53','DU8',1),('dthung','Đổng Trọng Hùng','2019-11-29 00:01:18','DU3',0),('dtluc','Đỗ Trọng Lực - CMC Global DU3','2020-01-09 12:00:53','DU3',1),('dtly','Đặng Thị Lý','2019-11-29 00:01:17','DU1',0),('dtmai','Đỗ Thị Mai - CMC Global DU3','2019-11-29 00:01:38','DU3',0),('dtnghia','Đỗ Trọng Nghĩa','2019-11-29 00:02:44','DU3',0),('dtnhung','Đỗ Thị Nhung - CMC Global DU2','2019-11-29 00:02:39','DU2',1),('dtphuong','Dương Thị Phượng','2019-11-29 00:01:21','DU1',0),('dtphuong2','Đỗ Thị Phương - CMC Global DU8','2019-11-29 00:02:42','DU8',1),('dtphuong3','Đỗ Thị Phượng','2019-11-29 00:02:35','DU8',0),('dtphuong4','Dương Thị Phượng - CMC Global DU2','2019-11-29 00:02:35','DU2',0),('dtpthanh','Đặng Thị Phương Thanh - CMC Global QA','2019-11-29 00:01:31','QA',0),('dtthang','Đinh Thị Thu Hằng - CMC Global BU','2019-11-29 00:01:14','BU1',1),('dtthang2','Đỗ Toàn Thắng','2019-03-22 14:23:12',NULL,1),('dtthuyen1','Đào Thị Thanh Huyền - CMC Global DU3','2019-11-29 00:02:07','DU3',0),('dttien','Đặng Thị Tiến - CMC Global RRC','2019-11-29 00:02:22','RRC',0),('dttlinh','Đàm Thị Thùy Linh - CMC Global DU3','2020-01-09 12:00:53','DU3',1),('dttrung','Đặng Thế Trung','2019-11-29 00:02:01','DU6',0),('dttung','Đào Thanh Tùng - CMC Global DU9','2019-11-29 00:01:35','DU9',1),('dtxtuoi','Đặng Thị Xuân Tươi - CMC Global QA','2020-01-09 12:00:53','QA',1),('dtxuan','Đặng Thị Xuân - CMC Global DU12','2020-01-09 12:00:53','DU12',1),('ductn','Trương Ngọc Đức','2019-11-29 00:02:14','ADMIN',1),('dvbau','Đào Văn Báu','2019-11-29 00:01:19','DU2',0),('dvchinh','Đỗ Văn Chinh - CMC Global DU11','2019-11-29 00:02:08','DU11',1),('dvmanh','Đỗ Văn Mạnh','2019-03-22 14:23:12',NULL,1),('dvngoc','Đoàn Văn Ngọc - CMC Global DU3','2019-11-29 00:01:20','DU3',0),('dvquan2','Đào Văn Quân - CMC Global BU','2019-11-29 00:02:10','BU2',1),('dvthuan','Đinh Văn Thuận - CMC Global DU1','2019-11-29 00:02:20','DU11',1),('dvtrung','Đỗ Văn Trung - CMC Global RRC','2019-11-29 00:01:34','RRC',0),('dvviet','Đỗ Văn Việt - CMC Global DU2','2019-11-29 00:01:34','DU2',1),('dvvinh','Dương Văn Vĩnh','2019-11-29 00:01:38','DU3',0),('dvvinh2','Dương Văn Vĩnh - CMC Global DU2','2020-01-09 12:00:53','DU2',1),('dxthanh','Đào Xuân Thanh - CMC Global DU12','2019-11-29 00:02:41','DU12',0),('dxtho','Đỗ Xuân Thọ - CMC Global DU2','2019-11-29 00:02:15','DU2',1),('gtdung','Giang Tiến Dũng - CMC Global DU12','2020-01-09 12:00:53','DU12',1),('gttha','Giang Thị Thu Hà - CMC Global DU6','2020-01-09 12:00:53','DU6',1),('haminh','Hoàng Anh Minh','2019-11-29 00:02:14','DU2',0),('hatuan','Hoàng Anh Tuấn - CMC Global DU6','2019-11-29 00:02:43','DU6',0),('havan','Hoàng Anh Văn','2019-11-29 00:02:44','RRC',0),('hbthinh','Huỳnh Bá Thịnh-CMC Global DU7','2020-01-09 12:00:53','DU7',1),('hdtuan','Hoàng Đình Tuấn - CMC Global DU1','2019-11-29 00:02:37','DU1',0),('hgiap','Hoàng Giáp','2019-11-29 00:02:44','ADMIN',0),('hha','Hoàng Hà - CMC Global DU1','2019-11-29 00:02:44','DU1',0),('hhanh','Hoàng Hà Anh - CMC Global SEPG','2020-01-09 12:00:53','SEPG',1),('hkdung','Hoàng Kim Dung - CMC Global DU8','2020-01-09 12:00:53','DU8',1),('hmduc','Hoàng Minh Đức','2019-11-29 00:02:36','DU2',1),('hmduc2','Hồ Minh Đức - CMC Global DU6','2020-01-09 12:00:53','DU6',1),('hmson','Hoàng Minh Sơn - CMC Global DU6','2019-11-29 00:01:19','DU6',1),('hmthu','Hà Mạnh Thu - CMC Global DU9','2019-10-30 09:58:13','DU9',0),('hmy','Hà My - CMC Global BU','2019-11-29 00:02:35','BU1',1),('hnbach','Hà Ngọc Bách- CMC Global DU6','2019-11-29 00:01:18','DU6',1),('hnhieu','Hà Ngọc Hiệu - CMC Global RRC','2019-11-29 00:01:32','RRC',0),('hnhung','Hoàng Ngọc Hùng','2019-11-29 00:01:28','BOM',1),('hnminh','Hoàng Nhật Minh - CMC Global DU3','2020-01-09 12:00:53','DU3',1),('hnquyen','Hoàng Nghĩa Quyền - CMC Global DU1','2019-11-29 00:01:24','DU1',0),('hnquyen1','Hoàng Nghĩa Quyền - CMC Global DU6','2019-11-29 00:01:38','DU6',0),('hntvy','Hồ Nguyễn Trúc Vy - CMC Global DU7','2020-01-09 12:00:53','DU7',1),('hny','Hoàng Như Ý - CMC Global DU1','2019-11-29 00:01:23','DU1',0),('hsthuong','Hoàng Sông Thương - CMC Global QA','2019-10-17 17:19:18','QA',0),('htdung1','Hồ Tiến Dũng - CMC Global DU3','2019-11-29 00:01:25','DU3',1),('hthang','Hoàng Thị Hằng - CMC Global DU3','2019-11-29 00:00:48','DU3',1),('hthoa1','Hoàng Thị Hòa','2019-11-29 00:02:38','QA',0),('htmanh','Hoàng Thị Mai Anh - CMC Global DU2','2020-01-09 12:00:53','DU2',1),('htmlinh','Hoàng Thị Mỹ Linh - CMC Global DU11','2020-01-09 12:00:53','DU11',1),('htnoanh','Hoàng Thị Ngọc Oanh - CMC Global DU8','2019-11-29 00:02:39','DU8',0),('htphuong','Hoàng Thu Phương - CMC Global DU6','2020-01-09 12:00:53','DU6',1),('htquynh','Hoàng Thị Quỳnh - CMC Global DU8','2019-11-29 00:02:19','DU8',0),('httdung1','Hoàng Thị Thanh Dung - CMC Global DU8','2019-11-29 00:01:32','DU8',1),('httham','Hoàng Thị Thắm','2019-11-29 00:01:33','DU8',0),('htthang1','Ho Thi Thanh Hang (Global.DU5)','2019-11-29 00:01:25','DU5',0),('htthoa','Hoàng Thị Thanh Hoa - CMC Global Accounting','2020-01-09 12:00:53','ACCOUNTING',1),('httthuy','Hồ Thị Thanh thủy - CMC Global DU5','2019-11-29 00:01:14','DU5',0),('hvnuoc','Hà Văn Nước - CMC Global RRC','2020-01-09 12:00:53','RRC',1),('hvphuong','Hà Văn Phương - CMC Global DU11','2020-01-09 12:00:53','DU11',1),('hvtrung','Hoàng Văn Trung - CMC Global DU2','2019-11-29 00:01:28','DU2',0),('hxduc','Hồ Xuân Đức - CMC Global DU2','2019-11-29 00:01:22','DU2',1),('hxthap','Hoàng Xuân Tháp - CMC Global DU1','2019-11-29 00:02:14','DU1',1),('intern.bnhhoang','Bùi Nguyễn Huy Hoàng - CMC Global Intern','2019-11-29 00:01:25','RRC',1),('intern.dnkhanh','Đặng Nhật Khánh - CMC Global Intern','2019-11-29 00:01:20','RRC',1),('intern.hmthu','Hà Mạnh Thu - CMC Global DU6','2019-10-30 09:58:14','RRC',1),('intern.ltkien','Lê Trung Kiên - CMCGlobal Intern','2019-11-29 00:01:40','RRC',1),('intern.nqphuc','Nguyễn Quảng Phúc - CMC Global Intern','2019-11-29 00:02:08','RRC',1),('intern.ntlinh','Nguyễn Thị Linh - CMCGlobal Intern','2019-11-29 00:01:17','RRC',1),('intern.nvanh','Nguyễn Việt Anh - CMC Global Intern','2019-11-29 00:02:00','RRC',1),('intern.pthanh','Phan Thị Hạnh - CMCGlobal Intern','2019-11-29 00:02:12','RRC',1),('intern.ptmphuong','Phạm Thị Mai Phương - CMCGlobal Intern','2019-11-29 00:01:19','RRC',0),('intern.tbquan','Trương Bá Quân - CMCGlobal Inern','2019-11-29 00:01:38','RRC',1),('kdcao','Khuất Đăng Cao - CMC Global DU1','2019-11-29 00:02:08','DU1',1),('ktthoa','Khương Thị Thoa - CMC Global DU8','2019-11-29 00:01:13','DU8',1),('kvhung','Kiều Văn Hưng - CMC Global DU3','2019-11-29 00:01:38','DU3',1),('laduc','Lê Anh Đức','2019-11-29 00:02:09','DU3',0),('lahphuong','Lê Anh Hoàng Phương','2019-11-29 00:01:29','BU',0),('laotao12','laotao12','2019-05-17 01:00:10',NULL,1),('lbduong','Lê Bá Dương - CMC Global DU1','2020-01-09 12:00:53','DU1',1),('lbkhoang','Lê Bá Khánh Hoàng - CMC Global DU7','2020-01-09 12:00:53','DU7',1),('lcdong','Lê Công Đồng - CMC Global DU1','2019-11-29 00:01:18','DU1',0),('lcnguyen','Lê Cao Nguyên - CMC Global DU3','2019-11-29 00:02:39','DU3',0),('ldcong','Lê Đăng Công - CMC Global DU12','2020-01-09 12:00:53','DU12',1),('ldcuong1','Lưu Đức Cương','2019-11-29 00:02:21','DU6',0),('ldhai','Lê Đức Hài - CMC Global DU11','2020-01-09 12:00:53','DU11',1),('ldkien','Lê Doãn Kiên','2019-11-29 00:01:31','RRC',0),('ldphu','Lê Duy Phú - CMC Global DU3','2019-11-29 00:01:22','DU3',0),('ldquan','Lê Đức Quân - CMC Global DU2','2019-11-29 00:01:16','DU2',1),('ldthien','Lê Đức Thiện - CMC Global DU6','2019-11-29 00:02:36','DU6',0),('lgthang','Lê Gia Thắng - CMC Global DU8','2020-01-09 12:00:53','DU8',1),('lhdoan','Lê Hữu Đoàn','2019-11-29 00:02:41','DU6',0),('lhdong','Lê Huy Đông - CMC Global DU3','2020-01-09 12:00:53','DU3',1),('lhhanh','Lê Hồng Hạnh  - CMC Global Accounting','2020-01-09 12:00:53','ACCOUNTING',1),('lhhoang','Lê Huy Hoàng','2019-11-29 00:01:30','BU',0),('lhlinh2','Lê Hồng Linh - CMC Global DU1','2020-01-09 12:00:53','DU11',1),('lhloc','Lê Hữu Lộc - CMC Global DU7','2020-01-09 12:00:53','DU7',1),('lhoang','Lê Hoàng - CMC Global DU6','2019-11-29 00:01:16','DU6',1),('lhquang2','Lê Hồng Quang - CMC Global DU6','2020-01-09 12:00:53','DU6',1),('lhtuyen','Lê Hữu Tuyên','2019-11-29 00:02:06','DU3',0),('lkdthang','Lê Khắc Đức Thắng - CMC Global RRC','2019-11-29 00:01:35','RRC',1),('lksy','Lê Khả Sỹ - CMC Global DU3','2019-11-29 00:02:37','DU3',1),('lmhung','Lê Mạnh Hùng - CMC Global Du3','2019-11-29 00:02:17','DU3',1),('lmlinh','Lý Mai Linh - CMC Global QA','2020-01-09 12:00:53','QA',1),('lnha','Lê Ngọc Hà - CMC Global DU5','2019-11-29 00:01:33','DU5',0),('lpan','Lê Phúc An - CMC Global DU1','2019-11-29 00:01:25','DU1',1),('lqanh','Lưu Quỳnh Ánh','2019-11-29 00:00:00','DU11',1),('lqdat2','Lê Quang Đạt - CMC Global DU1','2019-11-29 00:02:40','DU1',1),('lqdieu','Lê Quang Diệu - CMC Global DU9','2019-11-29 00:01:31','DU9',1),('lqkhang','Lê Quang Khang','2019-11-29 00:01:33','DU3',0),('ltan','Lê Thanh An - CMC Global DU2','2020-01-09 12:00:53','DU2',1),('ltcuong','Lê Tuấn Cường - CMC Global DU6','2020-01-09 12:00:53','DU6',1),('ltdao','Lê Thị Đào - CMC Global DU8','2019-11-29 00:02:02','DU8',0),('ltdao2','Lê Thị Đào - CMC Global DU3','2019-11-29 00:02:39','DU3',1),('ltdat1','Lê Tiến Đạt - CMC Global DU3','2019-11-29 00:01:22','DU3',0),('ltdung3','Le Thuy Dung  (Global.DU5)','2019-11-29 00:01:09','DU5',0),('ltha','Lê Thị Hà','2019-11-29 00:02:15','HR',0),('lthang2','Lê Thu Hằng','2019-11-29 00:02:37','DU6',0),('lthngoc','Lưu Thị Hồng Ngọc','2019-11-29 00:02:00','DU8',0),('lthoa','Lê Thị Hoa','2019-11-29 00:01:40','DU1',0),('lthoanh','Lưu Thị Hoàng Oanh','2019-11-29 00:01:17','DU6',0),('lthung','Lê Tử Hùng - CMC Global DU1','2019-11-29 00:02:15','DU11',1),('lthuong2','Lê Thị Hương','2019-11-29 00:02:00','DU5',0),('ltlthao','Lương Tống Lan Thảo','2019-11-29 00:01:31','DU3',0),('ltmquynh','Lê Thị Mai Quỳnh - CMC Global DU8','2019-10-30 09:58:25','DU8',0),('ltnghia2','Lê Trọng Nghĩa - CMC Global DU1','2019-11-29 00:02:38','DU1',1),('ltngoc','Lê Thị Ngọc - CMC Global DU12','2020-01-09 12:00:53','DU12',1),('ltngoc2','Lưu Thị Ngọc - CMC Global DU8','2019-11-29 00:00:47','DU8',1),('ltnguyet1','Lê Thị Nguyệt','2019-11-29 00:02:35','DU1',0),('ltson2','Lê Tuấn Sơn','2019-11-29 00:01:30','DU3',0),('lttheu','Lương Thị Thêu - CMC Global DU12','2019-11-29 00:01:35','DU12',1),('ltthoa1','Lê Thanh Thỏa','2019-11-29 00:02:19','DU1',0),('ltthu','Lê Thị Thu','2019-11-29 00:01:20','DU5',0),('ltthuong','Lê Thị Thương - CMC Global DU3','2019-11-29 00:02:11','DU3',0),('ltthuong2','Lê Thị Thu Hương - CMC Global DU5','2019-11-29 00:02:04','DU8',0),('lttrang2','Lương Thị Trang - CMC Global DU10','2019-11-29 00:02:22','DU10',1),('lttrung','Lê Trí Trung - CMC Global DU2','2019-11-29 00:02:43','DU2',0),('lttthuy','Lê Thị Thanh Thủy - CMC Global Accounting','2020-01-09 12:00:53','ACCOUNTING',1),('lttthuy2','Lê Thị Trần Thủy - CMC Global RRC','2019-11-29 00:02:19','RRC',0),('ltvdung','Lâm Thị Việt Dung - CMC Global DU8','2019-11-29 00:01:37','DU8',1),('ltviet','Lê Trần Việt','2019-11-29 00:01:40','DU3',0),('ltyen','Luyện Thị Yên - CMC Global DU2','2019-11-29 00:01:14','DU2',1),('lvcduc','Lương Văn Chung Đức - CMC Global DU2','2020-01-09 12:00:53','DU2',1),('lvchai2','Lương Văn Công Hải - CMC Global DU1','2020-01-09 12:00:53','DU1',1),('lvdung','Lê Văn Dũng','2019-11-29 00:02:06','RRC',0),('lvhuong','Lê Văn Hưởng - CMC Global DU1','2020-01-09 12:00:53','DU1',1),('lvlong','Lê Văn Long','2019-11-29 00:02:40','DU1',0),('lvnhut','Lư Văn Nhựt - CMC Global DU7','2019-11-29 00:02:43','DU7',1),('lvninh','Lê Văn Ninh','2019-11-29 00:01:29','RRC',0),('lvthang','Lê Văn Thắng - CMC Global DU3','2019-11-29 00:01:13','DU3',0),('lvthuong','Lê Văn Thường - CMC Global DU8','2019-11-29 00:02:39','DU8',1),('lvtrung','Lê Việt Trung - CMC Global DU6','2019-11-29 00:01:21','DU6',1),('lvtruong','Lã Văn Trường - CMC Global DU3','2019-11-29 00:01:31','DU3',1),('lvtung1','Lăng Vĩnh Tùng - CMC Global DU6','2020-01-09 12:00:53','DU6',1),('lvtuong','Lăng Vĩnh Tường - CMC Global BU','2019-11-29 00:01:17','MEGAACC',1),('lxlinh','Lê Xuân Linh','2019-11-29 00:01:24','DU6',0),('lxminh','Lê Xuân Minh','2019-03-22 14:23:12',NULL,1),('mctu','Mai Công Tú','2019-11-29 00:02:03','DU1',0),('mgtu','Mai Gia Tú','2019-11-29 00:01:15','RRC',0),('mhduong','Mai Hải Dương - CMC Global DU1','2020-01-09 12:00:53','DU1',1),('mkishore','Kishore Mohanarangam - CMC Global DU6','2020-01-09 12:00:53','DU6',1),('mkumeda','Masakuni Kumeda','2019-11-29 00:01:13','DU1',1),('mqdung','Mầu Quang Dũng - CMC Global DU6','2020-01-09 12:00:53','DU6',1),('mtanh','Mai Trung Anh - CMC Global DU2','2019-11-29 00:02:01','DU2',1),('mtdung','Mai Thùy Dung - CMC Global QA','2019-11-29 00:00:48','QA',0),('mtnanh','Mạnh Thị Như Anh','2019-11-29 00:02:40','HR',0),('mvchung','Mai Văn Chung - CMC Global DU12','2020-01-09 12:00:53','DU12',1),('nahoa','Nguyễn Anh Hoa - CMC Global Accounting','2020-01-09 12:00:53','ACCOUNTING',1),('nahung','Nguyễn An Hưng','2019-11-29 00:01:27','DU1',0),('Natuan1','Nguyễn Anh Tuấn','2019-11-29 00:02:19','RRC',0),('natuan3','Nguyễn Anh Tuấn - CMC Global DU3','2019-11-29 00:01:13','DU1',1),('natuan5','Nguyễn Anh Tuấn - CMC Global DU6','2020-01-09 12:00:53','DU6',1),('natung','Nguyễn Anh Tùng - CMC Global DU8','2019-11-29 00:02:04','DU8',0),('nbhai','Nguyễn Bá Hải','2019-11-29 00:02:06','DU2',0),('nbson','Nguyễn Bá Sơn - CMC Global DU6','2019-11-29 00:01:18','DU6',1),('nbtrung','Nguyễn Bá Trung','2019-11-29 00:01:21','DU3',1),('nccong1','Nguyễn Chí Công','2019-11-29 00:01:24','DU2',0),('ncddue','Nguyễn Cảnh Đức Duệ - CMC Global DU3','2019-11-29 00:02:36','DU3',0),('nchung','Nguyễn Cảnh Hưng - CMC Global DU6','2020-01-09 12:00:53','DU6',1),('nchuy','Nguyễn Công Huy - CMC Global DU1','2019-11-29 00:02:21','DU1',0),('nclinh','Nguyễn Cẩm Linh','2019-11-29 00:01:18','DU6',0),('ncthang','Nguyễn Công Thắng - CMC Global DU2','2019-11-29 00:02:35','DU2',1),('ncthang2','Nguyễn Chiến Thắng - CMC Global RRC','2019-11-29 00:02:39','RRC',1),('nctruong','Nguyễn Công Trường - CMC Global DU3','2019-11-29 00:02:01','DU3',1),('nctson','Nguyễn Công Thái Sơn','2019-11-29 00:01:40','BU',0),('ncvinh','Nguyễn Cảnh Vinh','2019-11-29 00:01:31','DU6',0),('ndanh2','Nguyễn Diệu Anh - CMC Global Marketing','2020-01-09 12:00:53','MARKETING',1),('ndcong','Nguyễn Đình Công - CMC Global RRC','2019-11-29 00:01:31','RRC',0),('nddang','Nguyễn Duy Đăng - CMC Global DU3','2019-11-29 00:01:31','DU3',1),('ndduc','Nguyễn Đình Đức - CMC Global DU2','2019-11-29 00:01:33','RRC',0),('ndgiang','Nguyễn Đức Giang - CMC Global DU2','2020-01-09 12:00:53','DU2',1),('ndhiep','Nguyễn Đức Hiệp - CMC Global RRC','2019-11-29 00:01:10','RRC',0),('ndhoang1','Nguyễn Đức Hoàng - CMC Global DU2','2019-11-29 00:01:15','DU2',1),('ndhong','Nguyễn Đức Hồng - CMC Global DU8','2019-11-29 00:00:48','DU8',0),('ndhung','Nguyễn Đình Hùng - CMC Global DU2','2019-11-29 00:02:36','DU2',0),('ndkhanh1','Nhữ Đình Khánh - CMC Global DU12','2020-01-09 12:00:53','DU12',1),('ndkhiem','Nguyễn Đình Khiêm - CMC Global DU2','2019-11-29 00:02:16','DU2',1),('Ndlinh2','Nguyễn Diệu Linh - CMC Global DU3','2019-11-29 00:02:16','DU3',1),('ndngoc2','Nguyễn Danh Ngọc - CMC Global DU6','2019-11-29 00:01:30','DU6',1),('ndnguyen','Nguyễn Đức Nguyên - CMC Global Japan','2020-01-09 12:00:53','CMC JAPAN',1),('ndnhat','Nguyễn Đức Nhật - CMC Global BU','2019-11-29 00:01:39','BU2',1),('ndphong','Nguyễn Đức Phong - CMC Global DU2','2020-01-09 12:00:53','DU2',1),('ndquang3','Nguyễn Đức Quảng - CMC Global DU6','2019-11-29 00:01:16','DU6',0),('ndson','Nguyen Danh Son - CMC Global IT','2020-01-09 12:00:53','IT',1),('ndtai','Nguyễn Đình Tài - CMC Global DU1','2019-11-29 00:02:10','DU1',0),('ndthanh12','Nguyễn Đức Thành - CMC Global DU3','2019-07-02 15:26:02',NULL,1),('ndthanh3','Nguyễn Đức Thành - CMC Global DU3','2019-11-29 00:02:37','DU3',1),('ndthien','Nguyễn Đức Thiện','2019-11-29 00:02:41','DU1',0),('ndtiep','Nguyễn Đình Tiệp - CMC Global DU6','2019-11-29 00:01:15','DU6',1),('ndvan','Nguyễn Đức Văn - CMC Global DU11','2020-01-09 12:00:53','DU11',1),('ngphuong','Nguyễn Giản Phương','2019-11-29 00:02:43','DU3',0),('nhanh3','Nguyễn Huy Anh - CMC Global DU3','2019-11-29 00:01:01','DU3',1),('nhanh5','Nguyễn Huy Anh','2019-11-29 00:02:09','DU3',0),('nhanh8','Nguyễn Hà Anh - CMC Global DU3','2020-01-09 12:00:53','DU3',1),('nhbac','Nguyễn Hoàng Bắc - CMC Global DU2','2019-11-29 00:02:22','DU1',1),('nhdai','Nguyễn Huy Đại - CMC Global DU2','2019-11-29 00:02:10','DU2',1),('nhduc','Nguyễn Hữu Đức - CMC Global DU1','2020-01-09 12:00:53','DU1',1),('nhduy','Nguyễn Hoàng Duy - CMC Global DU10','2019-11-29 00:02:18','DU10',1),('nhha','Nguyễn Hải Hà - CMC Global SEPG','2019-11-29 00:02:42','QA',1),('nhhoang2','Nguyễn Huy Hoàng - CMC Global DU2','2019-11-29 00:01:34','DU2',0),('nhhoang3','Nguyễn Huy Hoàng - CMC Global DU3','2019-11-29 00:01:34','DU3',0),('nhlong','Nguyễn Hải Long','2019-11-29 00:02:19','DU1',0),('nhly','Nguyễn Hải Ly - CMC Global DU8','2019-11-29 00:00:48','DU8',0),('nhminh','Nguyễn Hoàng Minh - CMC Global DU3','2019-11-29 00:01:19','DU3',1),('nhnam1','Nguyễn Hoàng Nam','2019-11-29 00:02:36','DU3',1),('nhnam2','Nguyễn Hoàng Nam','2019-11-29 00:02:39','RRC',0),('nhnhat','Nguyễn Hữu Nhất - CMC Global DU1','2019-11-29 00:02:12','DU1',1),('nhnhon','Nguyên Han Nhơn - CMC Global DU10','2019-11-29 00:02:15','DU10',1),('nhphong','Nguyễn Hồng Phong - CMC Global DU3','2019-11-29 00:01:13','DU12',0),('nhphong2','NGUYỄN HẢI PHONG - CMC Global DU3','2019-11-29 00:02:07','DU3',0),('nhphuong1','Nguyễn Hòa Phương','2019-11-29 00:00:48','DU1',0),('nhphuong2','Nguyễn Huy Phương - CMC Global SA','2020-01-09 12:00:53','SA',1),('nhquan','Nguyễn Hoàng Quân - CMC Global DU8','2020-01-09 12:00:53','DU8',1),('nhson2','Nguyễn Hải Sơn','2019-11-29 00:01:25','DU1',0),('nhtai','Nguyễn Hữu Tài - CMC Global DU6','2019-10-30 09:58:19','DU6',0),('nhthanh1','Nguyễn Huy Thành','2019-11-29 00:01:30','RRC',0),('nhthao','Nguyễn Hữu Thảo - CMC Global DU6','2019-11-29 00:02:11','DU6',0),('nhtoan1','Nguyễn Hữu Toàn - CMC Global DU2','2019-11-29 00:02:35','DU2',1),('nhtoan3','Nguyễn Huy Toàn - CMC Global DU3','2020-01-09 12:00:53','DU3',1),('nhtong','Nguyễn Hai Tòng - CMC Global DU8','2020-01-09 12:00:53','DU8',1),('nhtrinh','Nguyễn Huyền Trinh - CMC Global DU5','2019-11-29 00:02:05','DU5',0),('nhtuan','Nguyễn Hoàng Tuấn - CMC Global DU8','2019-11-29 00:02:44','DU8',1),('nhtuan1','Nguyễn Hữu Tuấn - CMC Global DU7','2019-11-29 00:01:22',NULL,0),('nhvan','Nguyễn Hồng Vân - CMC Global DU3','2019-11-29 00:01:40','DU3',1),('nhviet','Nguyễn Hoàng Việt','2019-11-29 00:02:06','DU3',0),('nhvinh','Nguyễn Hữu Vinh','2019-11-29 00:02:07','DU3',0),('nkcuong2','Nguyễn Khắc Cường - CMC Global DU2','2019-11-29 00:01:19','DU2',1),('nkdung','Nguyễn Khánh Dũng - CMC Global DU12','2020-01-09 12:00:53','DU12',1),('nklinh','Nguyễn Khánh Linh - CMC Global DU8','2020-01-09 12:00:53','DU8',1),('nktrung2','Nguyễn Kim Trung - CMC Global DU2','2019-11-29 00:02:09','DU2',0),('nlqhuy','Nguyễn Lê Quang Huy - CMC Global DU9','2020-01-09 12:00:53','DU9',1),('nman','Nguyễn Minh An - CMC Global DU3','2019-11-29 00:02:23','DU3',0),('nmanh','Ngô Minh Anh - CMC Global DU11','2019-11-29 00:01:34','DU11',1),('nmcam','Nguyễn Mạnh Cầm - CMC Global DU3','2019-11-29 00:02:23','DU3',0),('nmha','Nguyễn Minh Hà - CMC Global Admin','2019-11-29 00:01:20','ADMIN',1),('nmhanh','Ngô Mỹ Hạnh - CMC Global DU3','2020-01-09 12:00:53','DU3',1),('nmhieu','Nguyễn Mạnh Hiếu - CMC Global IT','2020-01-09 12:00:53','IT',1),('nmhoang','Nguyễn Minh Hoàng - CMC Global DU1','2019-11-29 00:02:08','DU1',0),('nmhuong','Nguyễn Minh Hường - CMC Global BU','2019-11-29 00:02:15','BU',0),('nmhuy2','Nguyễn Minh Huy - CMC Global DU6','2019-11-29 00:01:30','DU6',0),('nmlong','Nguyễn Mạnh Long','2019-11-29 00:02:35','BU',0),('nmnguyet','Nguyễn Minh Nguyệt','2019-11-29 00:02:12','HR',0),('nmnhat','Nguyễn Minh Nhật - CMC Global DU3','2020-01-09 12:00:53','DU3',1),('nmphuong1','Nguyễn Minh Phương - CMC Global DU3','2019-11-29 00:01:09','DU3',1),('nmthang','Nguyễn Minh Thắng - CMC Global DU6','2020-01-09 12:00:53','DU6',1),('nmtien','Nguyễn Mạnh Tiến','2019-11-29 00:01:23','DU3',0),('nmtuyen','Ngô Minh Tuyên','2019-11-29 00:01:01','DU3',0),('nmvuong','Nguyễn Minh Vương - CMC Global DU1','2019-11-29 00:01:21','DU11',1),('nnduy','Nguyễn Ngọc Duy - CMC Global DU1','2019-11-29 00:02:20','DU1',0),('nngiang','Nguyễn Ngọc Giang - CMC Global DU6','2020-01-09 12:00:53','DU6',1),('nnhai','Nguyễn Ngọc Hải - CMC Global RRC','2019-11-29 00:02:01','RRC',0),('nnquy','Nguyễn Như Quý - CMC Global DU3','2019-11-29 00:02:12','DU3',0),('nntam','Nguyễn Ngọc Tâm','2019-11-29 00:00:47','DU6',0),('nntrong','Nguyễn Ngọc Trọng - CMC Global DU1','2019-11-29 00:02:19','DU1',0),('nntuan','Nguyễn Ngọc Tuấn - CMC Global DU2','2020-01-09 12:00:53','DU2',1),('npdlinh','Nguyễn Phạm Diệu Linh - CMC Global DU12','2020-01-09 12:00:53','DU12',1),('npthanh','Ngô Phương Thanh - CMC Global PMO','2020-01-09 12:00:53','PMO',1),('nqanh','Ngô Quang Anh','2019-11-29 00:02:40','DU3',0),('nqanh2','Nguyễn Quỳnh Anh - CMC Global REC','2019-11-29 00:01:24','REC',0),('nqanh3','Nguyễn Quốc Anh','2019-11-29 00:02:15','RRC',0),('nqanh4','Nguyễn Quốc Anh - CMC Global DU1','2020-01-09 12:00:53','DU11',1),('nqdung','Nguyễn Quang Dũng - CMC Global DU12','2019-11-29 00:02:06','DU12',1),('nqhoan','Nguyễn Quang Hoàn - CMC Global DU3','2019-11-29 00:01:23','DU3',0),('nqhuy1','Nguyễn Quốc Huy - CMC Global DU3','2019-11-29 00:01:15','DU3',1),('nqminh','Nguyễn Quang Minh - CMC Global DU2','2019-11-29 00:02:43','DU2',1),('nqsu','Nguyễn Quốc Sử - CMC Global CEO','2019-11-29 00:02:09','BOM',1),('nqthang','Nguyễn Quyết Thăng - CMC Global DU6','2019-11-29 00:01:32','DU6',1),('nsha','Nguyễn Sơn Hà - CMC Global DU3','2019-11-29 00:02:38','DU3',1),('ntan','Nguyễn Thúy An - CMC Global BU','2019-11-29 00:02:22','BU3',0),('ntanh','Nguyễn Tuấn Anh - CMC Global DU1','2019-11-29 00:02:04','DU1',1),('ntanh11','Ngô Thị Anh - CMC Global REC','2020-01-09 12:00:53','REC',1),('ntanh2','Nguyễn Thế Anh','2019-11-29 00:01:15','DU3',0),('ntanh6','Nguyễn Thế Anh  - CMC Global DU3','2020-01-09 12:00:53','DU3',1),('ntbang','Nguyễn Thị Bằng - CMC Global DU8','2019-11-29 00:01:24','DU8',1),('ntbhang','Nguyễn Thị Bích Hằng - CMC Global DU3','2019-11-29 00:01:32','DU3',1),('ntbinh3','Ngô Thanh Bình - CMC Global DU8','2020-01-09 12:00:53','DU8',1),('ntbinh4','Nguyễn Thanh Bình - CMC Global DU2','2019-11-29 00:01:27','DU2',1),('ntbngoc1','Nguyễn Thị Bảo Ngọc','2019-10-18 00:00:08','DU1',0),('ntcuc','Nguyễn Thị Cúc - CMC Global ADMIN','2019-11-29 00:01:16','ADMIN',0),('ntcvan','Nguyễn Thị Cẩm Vân - CMC Global REC','2020-01-09 12:00:53','REC',1),('ntdoanh','Nguyễn Thế Doanh - CMC Global CDO HCM','2019-11-29 00:01:32','DU10',1),('ntduc','Nguyễn Thế Đức - CMC Global DU3','2019-11-29 00:02:42','DU3',0),('ntdung','Nguyễn Tiến Dũng','2019-11-29 00:02:11','DU1',0),('ntdung2','Nguyễn Thùy Dung - CMC Global DU8','2020-01-09 12:00:53','DU8',1),('ntdung22','Nguyễn Thế Dũng','2019-11-29 00:02:15','DU3',0),('ntdung31','Nguyễn Trung Dũng - CMC Global DU1','2019-11-29 00:01:40','DU1',0),('ntduong1','Nguyễn Tiến Dương - CMC Global DU3','2019-11-29 00:02:08','DU3',1),('ntduy','Nguyễn Trọng Duy ','2019-11-29 00:01:05','RRC',0),('ntduy2','Nguyễn Trọng Duy','2019-11-29 00:02:07','RRC',0),('ntgiang1','Nguyễn Thị Giang - CMC Global DU3','2019-11-29 00:02:43','DU3',0),('ntgiang2','Ngô Thanh Giang - CMC Global DU3','2019-11-29 00:01:14','DU3',1),('ntha3','Nguyễn Thu Hà - CMC Global DU8','2019-11-29 00:01:34','DU8',1),('ntha4','Nguyễn Thu Hà - CMC Global DU6','2019-11-29 00:01:25','DU6',1),('nthai2','Nguyễn Thế Hải - CMC Global DU6','2020-01-09 12:00:53','DU6',1),('nthgiang','Nguyễn Thị Hương Giang - CMC Global SEPG','2019-11-29 00:01:31','SEPG',1),('nthieu2','Nguyễn Trọng Hiếu - CMC Global DU2','2019-11-29 00:02:03','DU2',1),('nthieu4','Nguyễn Trung Hiếu - CMC Global SA','2020-01-09 12:00:53','SA',1),('nthnhung','Nguyễn Thị Hồng Nhung - CMC Global BU1','2020-01-09 12:00:53','BU1',1),('nthnhung2','Nguyễn Thị Hồng Nhung - CMC Global DU5','2019-11-29 00:01:37','DU5',0),('nthoan','Nguyễn Thị Hoan - CMC Global DU6','2020-01-09 12:00:53','DU6',1),('nthong','Ngô Thúy Hồng','2019-11-29 00:01:29','DU8',0),('nthong1','Nguyễn Thanh Hồng - CMC Global DU3','2020-01-09 12:00:53','DU3',1),('nthtruc','Nguyễn Thị Hồng Trúc - CMC Global DU8','2020-01-09 12:00:53','DU8',1),('nthung','Nguyễn Thế Hưng - CMC Global DU11','2019-11-29 00:01:24','DU11',1),('nthung1','Nguyễn Thế Hưng - CMC Global DU3','2019-11-29 00:02:23','DU3',1),('nthuong4','Nguyễn Thị Hường - CMC Global DU5','2019-11-29 00:02:12','DU5',0),('nthuong5','Nguyễn Thị Hường - CMC Global DU3','2019-11-29 00:02:20','DU3',0),('nthuong6','Nghiêm Thanh Hương - CMC Global DU6','2020-01-09 12:00:53','DU6',1),('nthuyen','Nguyễn Thị Huyền - CMC Global QA','2019-11-29 00:02:02','QA',1),('ntkien','Nguyễn Trung Kiên - CMC Global RRC','2019-11-29 00:02:05','RRC',1),('ntkien12','Nguyễn Trung Kiên - CMC Global DU2','2019-11-29 00:02:05','DU2',1),('ntkien4','Ngô Trung Kiên - CMC Global RRC','2019-11-29 00:01:19','RRC',0),('ntlhang','Nguyễn Thị Lệ Hằng - CMC Global DU8','2019-11-29 00:02:38','DU8',0),('ntlinh2','Nguyễn Thùy Linh - CMC Global DU8','2019-11-29 00:01:28','DU8',1),('ntlinh3','Nguyễn Thị Lĩnh - CMC Global DU7','2020-01-09 12:00:53','DU7',1),('ntlong','Nguyễn Thành Long - CMC Global IT','2020-01-09 12:00:53','IT',1),('ntlquyen','Nguyễn Thị Lệ Quyên - CMC Global DU2','2020-01-09 12:00:53','DU2',1),('ntluan','Nguyễn Thành Luân - CMC Global DU3','2020-01-09 12:00:53','DU3',1),('ntluan2','Nguyễn Thành Luân','2019-11-29 00:01:39','RRC',0),('ntluu2','Nguyễn Thanh Lựu - CMC Global DU8','2019-11-29 00:02:41','DU8',1),('ntluyen1','Nguyễn Thị Luyến - CMC Global DU8','2019-11-29 00:01:38','DU8',1),('ntly','Nguyễn Thị Lý - CMC Global DU8','2020-01-09 12:00:53','DU8',1),('ntmai','Ngô Thị Mai','2019-03-22 14:23:12',NULL,1),('ntmduyen','Nguyễn Thị Mỹ Duyên - CMC Global DU2','2019-11-29 00:02:39','DU2',1),('ntmthu','Nguyễn Thị Minh Thu - CMC Global Admin','2019-11-29 00:01:18','ADMIN',0),('ntmua','Ngọc Thị Mùa','2019-11-29 00:01:24','DU1',0),('ntnanh2','Nguyễn Thị Nhật Anh - CMC Global REC','2020-01-09 12:00:53','REC',1),('ntnga','Nguyễn Thúy Nga','2019-11-29 00:02:43','DU8',0),('ntngoc','Nguyễn Thị Ngọc','2019-11-29 00:01:17','ADMIN',0),('ntnhan','Nguyễn Thanh Nhàn - CMC Global HR','2019-11-29 00:02:19','HR',1),('ntnhung1','Nguyễn Tuyết Nhung - CMC Global DU8','2019-11-29 00:02:02','DU8',1),('ntnhung2','Nguyễn Thị Nhung - CMC Global DU8','2019-11-29 00:02:11','DU8',0),('ntpha','Nguyễn Thị Phương Hà - CMC Global DU2','2020-01-09 12:00:53','DU2',1),('ntphong','Nguyễn Thanh Phong','2019-11-29 00:02:14','DU3',1),('ntphuc','Nguyễn Trọng Phúc - CMC Global japan','2019-11-29 00:02:41','DU7',1),('ntphuong2','Nguyễn Thái Phương - CMC Global DU1','2019-11-29 00:02:02','DU1',1),('ntphuong3','Nguyễn Thị Phượng - CMC Global DU1','2019-11-29 00:02:36','DU1',0),('ntphuong5','Nguyễn Trần Phương - CMC Global G2','2020-01-09 12:00:53','DU11',1),('ntplien','Nguyễn Thị Phương Liên - CMC Global Marketing','2020-01-09 12:00:53','MARKETING',1),('ntpthanh','Nguyễn Thị Phương Thanh - CMC Global DU12','2020-01-09 12:00:53','DU12',1),('ntquan','Nguyễn Trung Quân - CMC Global DU1','2019-11-29 00:01:33','DU1',1),('ntquy','Nguyễn Tất Quý','2019-11-29 00:02:38','RRC',0),('ntquynh','Nguyễn Thu Quỳnh','2019-11-29 00:01:18','BU',0),('ntson3','Nguyễn Thế Sơn','2019-03-22 14:23:12',NULL,1),('nttam','Nguyễn Thị Tâm - CMC Global ADMIN','2019-10-30 09:58:18','ADMIN',1),('nttdung','Nguyễn Thị Thanh Dung - CMC Global DU8','2020-01-09 12:00:53','DU8',1),('nttdung1','Nguyễn Thị Thùy Dung - CMC Global DU1','2020-01-09 12:00:53','DU1',1),('nttgiang','Nguyễn Thị Thu Giang - CMC Global DU6','2020-01-09 12:00:53','DU6',1),('nttha1','Nguyễn Thị Thu Hà','2019-11-29 00:02:18','DU6',0),('nttha2','Nguyễn Thị Thanh Hà - CMC Global QA','2019-11-29 00:01:18','QA',1),('ntthanh2','Nguyễn Thanh Thanh - CMC Global DU12','2020-01-09 12:00:53','DU12',1),('ntthao3','Nguyễn Thị Thảo - CMC Global DU3','2019-11-29 00:02:34','DU3',0),('ntthoa','Nguyễn Thị Thanh Hoa','2019-05-15 00:00:07',NULL,1),('ntthoai','Ngô Thị Thu Hoài - CMC Global DU8','2020-01-09 12:00:53','DU8',1),('ntthuan','Nguyễn Thị Thuấn','2019-11-29 00:01:38','ADMIN',0),('ntthuan2','Nguyễn Tiến Thuận - CMC Global DU3','2020-01-09 12:00:53','DU3',1),('ntthuy1','Nguyễn Thị Thúy','2019-11-29 00:02:04','QA',0),('ntthuy2','Nguyễn Thị Thúy - CMC Global DU5','2020-01-09 12:00:53','DU8',1),('ntthuy5','Nguyen Thi Thuy  (Global.DU5)','2019-11-29 00:02:16','DU5',0),('nttkha','Nguyễn Thị Tuyết Kha - CMC Global DU8','2019-11-29 00:01:35','DU8',0),('nttlinh','Nguyễn Thị Thùy Linh - CMC Global DU7','2020-01-09 12:00:53','DU7',1),('nttnga2','Nguyễn Thị Thùy Nga - CMC Global BU','2019-11-29 00:02:07','BU',0),('nttphuong1','Ngô Thị Thảo Phương - CMC Global DU3','2020-01-09 12:00:53','DU3',1),('nttphuong2','Nguyễn Thị Thu Phượng - CMC Global Admin','2019-11-29 00:01:25','ADMIN',0),('nttrang','Nguyễn Thu Trang - CMC Global BU','2020-01-09 12:00:53','BU3',1),('nttrang1','Nguyễn Thu Trang - CMC Global HR','2020-01-09 12:00:53','HR',1),('nttrang2','Nguyễn Thu Trang 2','2019-11-29 00:01:15','BU',0),('nttrung1','Nguyễn Tiến Trung - CMC Global DU3','2019-11-29 00:02:03','DU3',1),('nttrung2','Nguyễn Thành Trung - CMC Global DU10','2019-11-29 00:00:48','DU10',1),('nttthao2','Nguyễn Thị Thu Thảo - CMC Global REC','2020-01-09 12:00:53','REC',1),('ntttien','Nguyễn Thị Thủy Tiên - CMC Global MKT','2020-01-09 12:00:53','MARKETING',1),('ntttrang3','Nguyễn Thị Thanh Trang - CMC Global Admin','2019-11-29 00:02:14','ADMIN',0),('ntttrinh','Nguyễn Thị Tuyết Trinh - CMC Global DU6','2019-11-29 00:02:16','DU6',0),('ntttruc','Nguyễn Thị Thanh Trúc','2019-11-29 00:02:13','BU',0),('nttu','Nguyễn Thanh Tứ','2019-11-29 00:02:16','DU8',0),('ntvanh1','Nguyễn Thị Vân Anh','2019-11-29 00:02:08','RRC',0),('ntvanh2','Nguyễn Vân Anh - CMC Global DU8','2019-11-29 00:01:31','DU8',1),('ntvanh3','Nguyễn Thị Vân Anh - CMC Global HR','2020-01-09 12:00:53','HR',1),('ntvanh4','Nguyễn Trường Việt Anh - CMC Global DU2','2020-01-09 12:00:53','DU2',1),('ntviet2','Nguyễn Tuấn Việt - CMC Global DU1','2019-11-29 00:02:44','DU1',1),('ntyen','Nguyễn Thị Yến - CMC Global DU8','2019-11-29 00:02:19','DU8',1),('nvan1','Nguyễn Văn An','2019-11-29 00:01:26','DU1',0),('nvangoc','Nguyễn Văn Anh Ngọc - CMC Global DU6','2019-11-29 00:01:22','DU6',0),('nvanh','Nguyễn Việt Anh','2019-11-29 00:02:38','DU1',0),('nvanh1','Nguyễn Việt Anh - CMC Global DU2','2019-11-29 00:01:14','DU2',0),('nvbach','Nguyễn Việt Bách - CMC Global - CDO','2019-11-29 00:01:40','DU11',1),('nvbang','Nguyễn Văn Bằng - CMC Global DU3','2020-01-09 12:00:53','DU3',1),('nvbao','Nguyễn Văn Bảo - CMC Global DU1','2019-11-29 00:01:13','DU1',1),('nvcau','Nguyễn Văn Cầu - CMC Global DU6','2019-11-29 00:01:35','DU6',0),('nvcong','Nguyễn Văn Công - CMC Global DU2','2019-11-29 00:02:38','DU2',0),('nvcuong2','Nguyễn Văn Cường - CMC Global DU1','2019-11-29 00:02:39','DU1',1),('nvcuong4','Nguyễn Văn Cường','2019-11-29 00:02:40','DU2',0),('nvcuong6','Nguyễn Văn Cương - CMC Global DU6','2020-01-09 12:00:53','DU6',1),('nvdai','Ninh Văn Đại - CMC Global RRC','2019-11-29 00:02:20','RRC',1),('nvdiem','Nguyễn Văn Diệm - CMC Global DU3','2020-01-09 12:00:53','DU3',1),('nvdong','Nguyễn Văn Đông','2019-11-29 00:02:03','RRC',0),('nvdung','Nguyễn Việt Dũng - CMC Global DU3','2019-11-29 00:02:02','DU3',1),('nvduy','Nguyễn Văn Duy','2019-11-29 00:02:16','DU1',0),('nvduy1','Nguyễn Văn Duy - CMC Global DU6','2019-11-29 00:01:36','DU6',0),('nvhai','Nguyễn Văn Hải - CMC Global DU3','2019-11-29 00:01:31','DU3',1),('nvhieu2','Nguyễn Văn Hiếu - CMC Global DU2','2020-01-09 12:00:53','DU2',1),('nvhung1','Nguyễn Văn Hưng - CMC Global DU3','2020-01-09 12:00:53','DU3',1),('nvkhanh','Nguyễn Văn Khánh - CMC Global DU2','2019-11-29 00:02:05','DU2',0),('nvkhiem','Nguyễn Văn Khiêm - CMC Global DU3','2019-11-29 00:02:07','DU3',1),('nvkhoa','Nguyễn Văn Khoa','2019-11-29 00:01:40','DU6',0),('nvlinh','Nguyễn Văn Linh - CMC Global RRC','2019-11-29 00:01:14','RRC',0),('nvlong','Nguyễn Văn Long - CMC Global DU6','2019-11-29 00:02:16','DU6',1),('nvluan','Nguyễn Văn Luân','2019-11-29 00:00:47','DU1',0),('nvmanh','Nguyễn Viết Mạnh - CMC Global DU2','2020-01-09 12:00:53','DU2',1),('nvnam','Nguyễn Văn Nam','2019-11-29 00:01:17','DU2',0),('nvnghi','Ngô Văn Nghị - CMC Global RRC','2019-11-29 00:01:36','RRC',0),('nvphuc','Nguyễn Văn Phúc - CMC Global DU6','2020-01-09 12:00:53','DU6',1),('nvquang','Nguyễn Văn Quang - CMC Global DU12','2019-11-29 00:02:05','DU12',0),('nvquy1','Ngô Văn Quý - CMC Global RRC','2019-11-29 00:01:32','RRC',0),('nvquyen','Nguyễn Văn Quyền - CMC Global DU3','2019-11-29 00:02:22','DU3',1),('nvsu2','Nguyễn Văn Sử - CMC Global DU6','2019-11-29 00:01:29','DU6',0),('nvthang','Nguyễn Văn Thắng - CMC Global DU2','2019-11-29 00:02:41','DU2',0),('nvthanh','Nguyễn Văn Thành','2019-11-29 00:01:40','DU3',0),('nvthanh3','Nguyễn Văn Thành - CMC Global DU1','2019-11-29 00:02:42','DU1',1),('nvthe','Nguyễn Văn Thể - CMC Global DU12','2019-11-29 00:01:26','DU12',0),('nvthong','Nguyễn Văn Thông','2019-11-29 00:02:14','DU3',0),('nvtien','Nguyễn Văn Tiến - CMC Global DU2','2020-01-09 12:00:53','DU2',1),('nvtiep2','Nguyễn Văn Tiệp - CMC Global RRC','2020-01-09 12:00:53','RRC',1),('nvtrung1','Nguyễn Văn Trung - CMC Global DU3','2020-01-09 12:00:53','DU3',1),('nvtruong1','Nguyễn Văn Trường - CMC Global DU6','2019-11-29 00:01:26','DU6',1),('nvttien','Tiến Nguyễn Vũ Thành - CMC Global DU7','2020-01-09 12:00:53','DU7',1),('nvtu','Nguyễn Văn Tú - CMC Global DU3','2020-01-09 12:00:53','DU3',1),('nvtuan2','Nguyễn Văn Tuấn - CMC Global DU12','2019-11-29 00:01:40','DU12',1),('nvtuyen','Nguyễn Văn Tuyền - CMC Global DU1','2019-11-29 00:01:14','DU1',0),('nxcanh','Ngô Xuân Cảnh - CMC Global DU2','2020-01-09 12:00:53','DU2',1),('nxhuy','Nguyễn Xuân Huy - CMC Global IT','2019-11-29 00:01:28','IT',0),('nxkhanh','Nguyễn Xuân Khánh - CMC Global RRC','2020-01-09 12:00:53','RRC',1),('nxthoi','Nguyễn Xuân Thời','2019-11-29 00:00:49','DU1',0),('nxviet','Nguyễn Xuân Việt - CMC Global DU7','2019-11-29 00:02:13','DU7',1),('pathien','Phạm An Thiên - CMC Global DU2','2019-11-29 00:01:35','DU2',0),('patu','Phạm Anh Tú - CMC Global DU3','2019-11-29 00:02:02','DU3',1),('pbvu','Phạm Bá Vũ','2019-11-29 00:02:04','DU2',0),('pdhung','Phùng Đức Hưng - CMC Global DU1','2019-11-29 00:02:01','DU1',0),('pdquan','Phạm Đức Quân','2019-11-29 00:01:14','DU1',0),('pdquang1','Phó Đức Quang - CMC Global DU3','2020-01-09 12:00:53','DU3',1),('pdsinh','Phạm Duy Sinh - CMC Global DU3','2019-11-29 00:02:37','DU3',0),('pdtanh','Phạm Đình Tuấn Anh','2020-01-09 12:00:53','RRC',1),('pdthang','Phạm Đức Thắng - CMC Global DU3','2019-11-29 00:02:02','DU3',1),('pghuu','Phạm Gia Hữu - CMC Global DU2','2019-11-29 00:01:23','DU2',1),('pgphong','Phạm Gia Phong - CMC Global DU12','2020-01-09 12:00:53','DU12',1),('phgiang','Phạm Hương Giang - CMC Global PMO','2019-11-29 00:01:38','PMO',1),('phiep','Phan Hiệp - CMC Global DU7','2019-11-29 00:01:26','DU7',1),('phnhan','Phạm Hoài Nhân','2019-11-29 00:01:34','DU3',1),('phnhung','Phạm Hồng Nhung','2019-11-29 00:01:14','DU3',0),('phuonghv','Hà Văn Phương','2019-11-29 00:02:14','ADMIN',1),('pkcuong','Phạm Kỷ Cương','2019-11-29 00:01:16','QA',0),('pmduc','Phạm Minh Đức','2019-11-29 00:02:11','RRC',0),('pmduc2','Phạm Minh Đức - CMC Global DU1','2019-11-29 00:01:16','DU1',1),('pmduc3','Phạm Minh Đức - CMC Global DU3','2020-01-09 12:00:53','DU3',1),('pmdung','Phạm Mỹ Dung - CMC Global HR','2020-01-09 12:00:53','HR',1),('pnanh','Phạm Nga Anh - CMC Global BU','2019-11-29 00:02:06','BU1',1),('pncan','Phùng Nam Can - CMC Global DU1','2019-11-29 00:01:35','DU1',0),('pnhai','Phạm Ngọc Hải - CMC Global DU1','2019-11-29 00:01:28','DU1',1),('pnquyen','Phạm Ngọc Quyên','2019-11-29 00:02:10','BU',0),('pnthanh','Phạm Ngọc Thành - CMC Global DU3','2019-11-29 00:02:21','DU3',1),('pqanh','Phạm Quỳnh Anh - CMC Global Marketing','2019-11-29 00:01:17','MARKETING',1),('pqhung','Phạm Quốc Hưng - CMC Global DU6','2019-11-29 00:02:03','DU6',1),('pqphuc','Phạm Quang Phúc - CMC Global DU7','2020-01-09 12:00:53','DU7',1),('ptdam','Phạm Thanh Đạm - CMC Global DU6','2019-11-29 00:01:13','DU6',1),('ptdat','Phan Thành Đạt','2019-11-29 00:01:40','DU6',1),('ptdung','Phạm Trung Dũng - CMCGlobal DU11','2020-01-09 12:00:53','DU11',1),('ptgioi','Phạm Thị Giỏi - CMC Global RRC','2019-11-29 00:02:10','RRC',0),('pthanh','Phạm Thị Hạnh - CMC Global DU8','2019-11-29 00:01:19','DU8',1),('pthien1','Phan Thị Hiền - CMC Global DU2','2020-01-09 12:00:53','DU2',1),('pthninh','Phạm Thị Hải Ninh - CMC Global REC','2020-01-09 12:00:53','REC',1),('pthoa1','Phan Thị Hoa - CMC Global REC','2020-01-09 12:00:53','REC',1),('pthung','Phạm Tiến Hùng - CMC Global DU3','2019-11-29 00:01:34','DU3',0),('pthuong','Phạm Thị Hương - CMC Global DU8','2019-11-29 00:01:26','DU8',0),('pthuyen1','Phạm Thị Huyền','2019-11-29 00:01:34','DU1',0),('ptlam','Phan Trọng Lam - CMC Global DU1','2019-11-29 00:02:10','DU1',1),('ptlinh1','Phạm Thùy Linh - CMC Global BU','2019-11-29 00:01:17','BU',0),('ptmngoc','Phạm Thị Minh Ngọc ','2019-11-29 00:02:06','HR',0),('ptmphuong','Phạm Thị Minh Phương - CMC Global DU8','2019-11-29 00:01:13','DU8',0),('ptnanh','Phạm Thị Ngọc Anh - CMC Global REC','2019-11-29 00:01:31','REC',0),('ptnghia1','Phạm Tuấn Nghĩa - CMC Global DU1','2019-11-29 00:02:44','DU1',1),('ptnham','Phạm Thị Nhâm','2019-11-29 00:01:19','BU',0),('ptnu','Phạm Thị Nụ - CMC Global DU1','2019-11-29 00:02:04','DU1',0),('ptphuong1','Phạm Thị Phương - CMC Global DU8','2020-01-09 12:00:53','DU8',1),('ptphuong3','Phạm Thị Phượng - CMC Global DU2','2019-11-29 00:02:21','DU2',1),('ptthanh','Phạm Trung Thành','2019-11-29 00:02:16','DU1',0),('ptthanh2','Phạm Thị Thanh - CMC Global DU6','2019-11-29 00:01:23','DU6',1),('ptthanh3','Phan Tuấn Thành - CMC Global DU3','2019-11-29 00:02:16','DU3',1),('pttho','Phạm Thị Tho - CMC Global DU3','2019-11-29 00:02:05','DU3',0),('ptthuy','Phạm Thị Thùy - CMC Global DU8','2020-01-09 12:00:53','DU8',1),('pttien','Phạm Thủy Tiên - CMC Global DU10','2019-11-29 00:01:37','DU10',1),('pttngoc','Phạm Thị Thu Ngọc','2019-11-29 00:02:20','DU8',0),('pttnhan','Phạm Thị Thanh Nhàn - CMC Global QA','2019-11-29 00:02:11','QA',1),('ptttrang2','Phạm Thị Thu Trang','2019-11-29 00:02:41','DU1',0),('ptttrang3','Phạm Thị Thuỳ Trang - CMC Global DU8','2019-11-29 00:02:19','DU8',1),('ptuyen','Phạm Tố Uyên','2019-11-29 00:01:22','RRC',0),('ptvu','Phan Tuấn Vũ - CMC Global DU9','2019-11-29 00:01:33','DU9',1),('pvanh1','Phạm Việt Anh - CMC Global RRC','2019-11-29 00:02:39','DU8',0),('pvcanh','Phạm Văn Cảnh - CMC Global RRC','2019-11-29 00:01:34','RRC',0),('pvduong','PHẠM VĂN DƯƠNG - CMC Global DU3','2019-11-29 00:01:23','DU3',0),('pvgiang','Phạm Văn Giang','2019-11-29 00:02:22','DU3',0),('pvhao','Phạm Văn Hào - CMC Global DU1','2020-01-09 12:00:53','DU1',1),('pvhieu','Phạm Văn Hiếu - CMC Global DU2','2019-11-29 00:01:15','DU2',1),('pvhoang','Phùng Văn Hoàng - CMC Global DU6','2019-11-29 00:02:15','DU6',1),('pvhung2','Phi Viet Hung - CMC Global DU5','2019-11-29 00:02:21','DU5',0),('pvkhuong1','Phạm Văn Khương','2019-11-29 00:01:17','DU1',0),('pvoanh','Phạm Văn Oanh - CMC Global DU12','2019-11-29 00:02:19','DU12',1),('pvphi','Phạm Văn Phi - CMC Global DU1','2019-11-29 00:01:40','DU1',1),('pvthinh','Phan Văn Thịnh - CMC Global DU7','2019-11-29 00:02:21','DU7',1),('pvvinh','Phạm Văn Vinh - CMC Global DU12','2020-01-09 12:00:53','DU12',1),('pxhoang','Phùng Xuân Hoàng - CMC Global DU3','2019-11-29 00:01:37','DU3',0),('pxtu','Phạm Xuân Tú - CMC Global DU2','2019-11-29 00:02:16','DU2',1),('splam','Sỳ Phương Lâm','2019-09-23 00:00:30',NULL,0),('srikanthsharma','Srikanth Sharma - CMC Global DU12','2020-01-09 12:00:53','DU12',1),('tcnam','Trần Công Nam - CMC Global RRC','2019-11-29 00:02:44','RRC',0),('tdhoang','Trịnh Đình Hoàng - CMC Global DU12','2020-01-09 12:00:53','DU12',1),('tdlan','Trần Đức Lân','2019-11-29 00:01:19','RRC',0),('tdmanh2','Trịnh Đức Mạnh - CMC Global DU6','2020-01-09 12:00:53','DU6',1),('tdninh','Trần Đình Ninh','2019-11-29 00:01:25','RRC',0),('tdthanh','Tạ Đăng Thành - CMC Global DU3','2019-11-29 00:00:47','DU3',0),('test03','Bùi Bá Trường','2019-08-08 10:09:38',NULL,0),('test04','Nguyễn Thị Thanh Hoa','2019-08-09 01:00:23',NULL,1),('tgnghia','Trần Gia Nghĩa - CMC Global DU3','2019-11-29 00:02:05','DU3',1),('thdu','Trần Hữu Dự','2019-11-29 00:01:34','DU1',0),('thduc','Trần Hồng Đức - CMC Global DU1','2019-11-29 00:01:29','DU1',1),('thkhanh','Trần Hoàng Khánh','2019-11-29 00:01:31','DU3',1),('thlong2','Trần Hữu Long  - CMC Global DU7','2019-11-29 00:02:11','DU7',0),('thnam','Trịnh Hoài Nam - CMC Global DU12','2019-11-29 00:02:11','DU12',0),('thnam1','Trần Hoài Nam - CMC Global DU10','2020-01-09 12:00:53','DU10',1),('thnam2','Trần Huy Nam - CMC Global DU3','2019-11-29 00:02:35','DU3',1),('thngoc','Trần Hồng Ngọc ','2019-11-29 00:02:41','QA',0),('thoang','Tô Hoàng - CMCGlobal DU1','2019-11-29 00:01:29','DU1',0),('ththao','Trần Hữu Thảo - CMC Global DU1','2019-11-29 00:02:13','DU1',0),('thtung','Tạ Hoàng Tùng - CMC Global DU8','2019-11-29 00:01:30','DU8',1),('tkien','Trịnh Kiên - CMC Global DU2','2019-11-29 00:01:19','DU2',0),('tlnham','Trần Linh Nhâm - CMC Global DU3','2020-01-09 12:00:53','DU3',1),('tmduc','Trần Minh Đức','2019-11-29 00:02:08','DU3',0),('tmgiang','Tống Minh Giang - CMC Global DU6','2019-11-29 00:02:01','DU6',1),('tmhoat','Trần Minh Hoạt - CMC Global DU1','2019-11-29 00:02:13','DU1',1),('tmnguyet2','Từ Minh Nguyệt - CMC Global DU3','2019-11-29 00:01:25','DU3',0),('tmphuong','Trần Minh Phương - CMC Global DU8','2020-01-09 12:00:53','CMC JAPAN',1),('tmtung','Trần Minh Tùng - CMC Global DU1','2019-11-29 00:02:38','DU1',0),('tnluan','Trần Ngọc Luân - CMC Global DU3','2019-11-29 00:01:22','DU3',1),('tnthang1','Trần Ngọc Thắng - CMC GLobal DU3','2020-01-09 12:00:53','DU3',1),('tphuy','Trần Phước Huy - CMC Global DU3','2019-11-29 00:01:17','DU3',1),('tptanh','Trần Phạm Tú Anh - CMC Global BU','2020-01-09 12:00:53','BU3',1),('tqhuy2','Tạ Quang Huy - CMC Global DU3','2019-11-29 00:00:48','DU3',1),('tqtu','Trương Quang Tứ - CMC Global DU7','2019-11-29 00:01:14','DU7',1),('tqtung2','Trần Quang Tùng','2019-08-29 09:21:16','DU8',1),('tqvinh','Trần Quang Vinh - CMC Global DU11','2019-11-29 00:02:04','DU11',1),('ttbhuyen','Trần Thị Bảo Huyền - CMC Global RRC','2020-01-09 12:00:53','RRC',1),('ttbngoc','Trần Thị Bích Ngọc - CMC Global Admin','2019-11-29 00:02:14','ADMIN',1),('ttcvan','Trần Thị Cẩm Vân','2019-11-29 00:02:08','HR',0),('ttdat2','Tạ Tất Đạt','2019-11-29 00:01:18','DU2',0),('ttdung1','Trần Thị Dung - CMC Global DU8','2019-11-29 00:01:41','DU8',1),('ttha','Trinh Thu Ha (Global.DU5)','2019-11-29 00:01:24','DU5',0),('tthiep','Trần Tuấn Hiệp - CMC Global DU1','2019-11-29 00:02:39','DU1',0),('tthoai','Thái Thị Hoài - CMC Global DU5','2019-11-29 00:02:01','DU5',0),('tthong2','Trần Thị Hồng - CMC Global DU8','2020-01-09 12:00:53','DU8',1),('tththuong','Trần Thị Hoài Thương - CMC Global DU8','2019-11-29 00:02:06','DU8',1),('tthuyen1','Trần Thị Huyền - CMC Global DU12','2020-01-09 12:00:53','DU12',1),('tthuyen2','Trần Thanh Huyền - CMC Global DU6','2019-11-29 00:01:29','DU6',1),('tthyen','Trịnh Thị Hải Yến - CMC Global DU2','2020-01-09 12:00:53','DU2',1),('ttlien','Trần Thị Liên - CMC Global DU3','2020-01-09 12:00:53','DU3',1),('ttlinh2','Trần Thị Linh - CMC Global DU8','2020-01-09 12:00:53','DU8',1),('ttloan','Tô Thị Loan - CMC Global REC','2020-01-09 12:00:53','REC',1),('ttmy','Trần Trà My - CMC Global Accounting','2019-11-29 00:01:26','ACCOUNTING',1),('ttnhien','Trần Thị Ngọc Hiền - CMC Global DU10','2019-11-29 00:01:36','DU10',1),('ttpthao2','Thiều Thị Phương Thảo - CMC Global REC','2019-11-29 00:02:00','REC',0),('ttqminh','Minh Tran Thi Quang - CMC Global QA','2019-11-29 00:00:48','QA',1),('ttsen','Trần Thị Sen - CMC Global BU','2019-11-29 00:02:22','BU3',1),('ttson','Trương Thái Sơn','2019-11-29 00:02:21','DU3',0),('tttanh','Trần Thị Thảo Anh - CMC Global REC','2019-11-29 00:02:03','REC',0),('tttduong','Trương Thị Tùng Dương - CMC Global DU8','2019-11-29 00:02:20','DU8',1),('tttha2','Trịnh Thị Thu Hà','2019-11-29 00:02:02','ADMIN',0),('ttthe','Trương Trần Thế - CMC Global DU1','2019-11-29 00:01:26','DU1',0),('ttthien','Trịnh Thị Thu Hiền - CMC Global DU8','2019-11-29 00:01:23','DU8',0),('ttthuong','Triệu Thị Thu Hương - CMC Global DU2','2020-01-09 12:00:53','DU2',1),('ttthuong1','Trần Thị Thu Hương - CMC Global DU1','2019-11-29 00:02:19','DU1',1),('ttthuy2','Trần Thanh Thủy  (Global.DU5)','2019-11-29 00:02:11','DU5',0),('ttthuyen','Trần Thị Tú Huyền','2019-11-29 00:01:19','DU5',0),('tttien','Trương Thị Tiến - CMC Global DU1','2019-11-29 00:02:07','DU1',0),('tttthao','Trần Thị Thu Thảo - CMC Global DU3','2019-11-29 00:02:20','DU3',1),('tttthuy','Trần Thị Thanh Thúy - CMC Global DU8','2020-01-09 12:00:53','DU8',1),('tttung2','Trần Thanh Tùng - CMC Global DU6','2019-11-29 00:02:43','DU6',1),('tttvan','Trần Thị Thanh Vân','2019-11-29 00:02:21','BU',0),('ttvan','Trần Thanh Vân - CMC Global BU','2019-11-29 00:01:13','BU1',1),('ttvanh1','Trịnh Thị Vân Anh - CMC Global DU3','2019-11-29 00:01:09','DU3',0),('ttvinh','Trần Tuấn Vinh - CMC Global DU6','2019-11-29 00:02:36','DU6',0),('ttvinh2','Trần Trọng Vinh - CMC Global DU3','2019-11-29 00:02:39','DU3',1),('ttyen','Trần Thị Yên - CMC Global DU8','2019-11-29 00:02:11','DU8',0),('tvcuong','Trần Văn Cương - CMC Global RRC','2019-11-29 00:02:05','RRC',0),('tvdung1','Triệu Văn Dũng','2019-11-29 00:02:15','DU6',0),('tvhai','Tô Văn Hải - CMC Global DU2','2019-11-29 00:02:16','DU2',1),('tvhoang','Trần Vĩnh Hoàng - CMC Global DU3','2019-11-29 00:01:25','DU3',1),('tvhuan','Trần Văn Huấn','2019-11-29 00:01:37','DU6',0),('tvhung11','Trương Văn Hưng - CMC Global DU3','2019-11-29 00:01:39','DU3',1),('tvkien','Trần Văn Kiên','2019-11-29 00:02:07','DU2',0),('tvluong','Trương Văn Lương','2019-03-22 14:23:12',NULL,1),('tvtai','Trịnh Văn Tài - CMC Global DU11','2019-11-29 00:01:25','DU11',1),('tvthinh','Trần Văn Thịnh - CMC Global DU3','2019-11-29 00:02:16','DU3',1),('tvtien','Trần Văn Tiến - CMC Global DU12','2019-11-29 00:02:42','DU12',1),('tvtiep','Trần Viết Tiệp - CMC Global DU1','2019-11-29 00:02:01','DU1',0),('tvtrang','Trần Vân Trang - CMC Global DU1','2019-11-29 00:02:08','DU1',1),('txbach','Trần Xuân Bách','2019-03-22 14:23:12',NULL,1),('txduy','Trần Xuân Duy - CMC Global DU3','2019-11-29 00:02:36','DU3',0),('txlam','Trần Xuân Lâm','2019-11-29 00:01:34','BOM',0),('txtung','Trần Xuân Tùng - CMC Global DU1','2019-11-29 00:02:13','DU1',0),('vaminh','Võ Anh Minh','2019-11-29 00:02:01','DU10',0),('vananh95','Lê Thị Vân Anh','2019-08-26 08:59:09',NULL,0),('vbhuan','Vũ Bá Huấn - CMC Global DU6','2019-11-29 00:01:21','DU6',1),('vccong','Vi Chí Công - CMC Global DU6','2020-01-09 12:00:53','DU6',1),('vcthanh','Vũ Công Thành','2019-11-29 00:01:30','RRC',0),('vdanh','Vương Đức Anh - CMC Global DU2','2020-01-09 12:00:53','DU2',1),('vdanh2','Vũ Duy Anh - CMC Global DU2','2019-11-29 00:02:09','DU2',0),('vdhao','Vũ Đình Hào - CMC Global DU3','2019-11-29 00:01:39','DU3',1),('vdhoan','Vũ Đình Hoàn','2019-11-29 00:01:14','DU6',0),('vdtan','Vương Đức Tân - CMC Global DU3','2019-11-29 00:02:40','DU3',1),('vdthuan','Vũ Đức Thuần - CMC Global DU2','2019-11-29 00:01:20','DU2',0),('vdtrung','Vũ Đức Trung','2019-11-29 00:01:22','DU3',0),('vhha','Vũ Hải Hà','2019-11-29 00:01:31','QA',0),('vhson2','Võ Hoàng Sơn - CMC Global DU6','2019-11-29 00:02:14','DU6',0),('vhtuan','Vũ Hoàng Tuấn - CMC Global DU3','2019-11-29 00:01:21','DU3',0),('vinahunguyen','Nguyễn Văn Ninh','2019-08-26 08:59:40',NULL,1),('vkdung','Vũ Kim Dung - CMC Global DU8','2019-11-29 00:02:12','DU8',1),('vkhung','Vũ Kiều Hưng','2019-11-29 00:02:38','DU3',1),('vmphuong','Văn Minh Phương - CMC Global DU8','2019-11-29 00:01:15','DU8',1),('vndinh','Vũ Nam Định','2019-11-29 00:01:29','DU3',0),('vnhung','Vũ Ngọc Hùng','2019-11-29 00:02:42','RRC',0),('vnmanh','Vũ Ngọc Mai Anh','2019-11-29 00:02:03','ADMIN',0),('vnvi','Vũ Ngọc Vi - CMC Global DU10','2019-11-29 00:01:18','DU10',1),('vqdong','Vương Quảng Đông - CMC Global DU3','2020-01-09 12:00:53','DU3',1),('vsson','Vương Sỹ Sơn - CMC Global DU3','2020-01-09 12:00:53','DU3',1),('vtathu','Vũ Thị Anh Thư - CMC Global Mega Account','2020-01-09 12:00:53','MEGAACC',1),('vtchiem','Vũ Thị Chiêm - CMC Global DU2','2019-11-29 00:02:16','DU2',1),('vtdat1','Vũ Tiến Đạt - CMC Global DU12','2019-11-29 00:01:35','DU12',1),('vthnhung1','Vũ Thị Hồng Nhung - CMC Global HR','2019-11-29 00:01:33','REC',1),('vthung','Vũ Thế Hùng','2019-11-29 00:02:12','RRC',0),('vtlam','Vũ Tuấn Lâm - CMC Global RRC','2019-11-29 00:01:15','RRC',1),('vtmnga','Vũ Thị Minh Nga - CMC Global Admin','2019-11-29 00:02:14','ADMIN',0),('vtson','Vũ Tùng Sơn - CMC Global DU6','2019-11-29 00:00:48','DU6',1),('vtson2','VŨ THÁI SƠN - CMC Global DU3','2019-11-29 00:01:41','DU3',0),('vttduong','Vũ Thị Thùy Dương - CMC Global DU5','2019-11-29 00:02:01','DU5',0),('vtthao','Vương Thị Thảo - CMC Global DU8','2019-11-29 00:02:19','DU8',1),('vtthuy','Vũ Thị Thúy - CMC Global DU8','2019-11-29 00:01:23','DU8',1),('vttthuy','Vũ Thị Thu Thủy - CMC Global DU8','2020-01-09 12:00:53','DU8',1),('vtttrang2','Vu Thi Thu Trang - CMC Global Japan','2019-11-29 00:02:13','DU2',0),('vvanh','Vũ Việt Anh - CMC Global DU12','2019-11-29 00:02:13','DU12',1),('vvanh2','Vũ Văn Anh - CMC Global RRC','2019-11-29 00:02:07','RRC',1),('vvbinh','Vũ Văn Bình - CMC Global DU3','2019-11-29 00:01:37','DU3',0),('vvchinh','Vũ Việt Chinh - CMC Global DU8','2020-01-09 12:00:53','DU8',1),('vvdong','Vũ Văn Đông - CMC Global DU2','2020-01-09 12:00:53','DU2',1),('vvhoan2','Vũ Văn Hoan - CMC Global DU3','2019-11-29 00:02:16','DU3',1),('vvhung','Vi Văn Hùng - CMC Global DU3','2019-11-29 00:01:30','DU3',1),('vvhung1','Vũ Việt Hùng - CMC Global DU12','2019-11-29 00:01:18','DU12',0),('vvlinh','Vũ Văn Linh - CMC Global DU3','2019-11-29 00:02:17','DU3',1),('vvlinh1','Vũ Văn Linh - CMC Global BU','2020-01-09 12:00:53','BU1',1),('vvlong','Vương Văn Long - CMC Global DU8','2019-11-29 00:01:26','DU8',1),('vvquyen','Vũ Văn Quyền - CMC Global DU12','2020-01-09 12:00:53','DU12',1),('vvthuy','Vũ Văn Thủy - CMC Global DU1','2019-11-29 00:01:10','DU1',1),('vxthien','Vũ Xuân Thiện - CMC Global DU3','2019-11-29 00:02:21','DU3',1);
/*!40000 ALTER TABLE `Employee` ENABLE KEYS */;
UNLOCK TABLES;

--
-- Table structure for table `Id_Gen`
--

DROP TABLE IF EXISTS `Id_Gen`;
/*!40101 SET @saved_cs_client     = @@character_set_client */;
/*!50503 SET character_set_client = utf8mb4 */;
CREATE TABLE `Id_Gen` (
  `gen_key` varchar(100) NOT NULL,
  `gen_value` int(11) NOT NULL,
  PRIMARY KEY (`gen_key`)
) ENGINE=InnoDB DEFAULT CHARSET=utf8mb4 COLLATE=utf8mb4_0900_ai_ci;
/*!40101 SET character_set_client = @saved_cs_client */;

--
-- Dumping data for table `Id_Gen`
--

LOCK TABLES `Id_Gen` WRITE;
/*!40000 ALTER TABLE `Id_Gen` DISABLE KEYS */;
INSERT INTO `Id_Gen` VALUES ('2019-LK-',10),('2019-PC-',7),('2019BANG',4),('2019Bảng từ',4),('2019CAME',4),('2019CANU',4),('2019DEMT',4),('2019HUT-',4),('2019INFO',8),('2019LAP-',4),('2019LOA-',4),('2019MCC-',4),('2019NAS-',4),('2019SCAN',4),('2020-BT-',6),('2020-CN-',4),('2020-LK-',29),('2020-PC-',19),('2020BT',12),('2020CAME',1),('2020CAP-',1),('2020GUES',2),('2020INFO',17),('2020LAP-',38),('2020MACH',1),('2020MHUY',1),('2020OTH-',7),('2020PRIN',2),('2020SOFT',22),('2020SVC-',1),('2020TELE',1),('CIA',15),('TBL_Asset',729);
/*!40000 ALTER TABLE `Id_Gen` ENABLE KEYS */;
UNLOCK TABLES;

--
-- Table structure for table `Inventory_Detail`
--

DROP TABLE IF EXISTS `Inventory_Detail`;
/*!40101 SET @saved_cs_client     = @@character_set_client */;
/*!50503 SET character_set_client = utf8mb4 */;
CREATE TABLE `Inventory_Detail` (
  `id` varchar(36) NOT NULL,
  `inventory_id` varchar(36) NOT NULL,
  `asset_id` int(11) NOT NULL,
  `status` int(11) NOT NULL,
  `notes` varchar(600) DEFAULT NULL,
  `created_date` timestamp NULL DEFAULT NULL,
  `created_user` varchar(45) DEFAULT NULL,
  `updated_date` timestamp NULL DEFAULT NULL,
  `updated_user` varchar(45) DEFAULT NULL,
  PRIMARY KEY (`id`)
) ENGINE=InnoDB DEFAULT CHARSET=utf8mb4 COLLATE=utf8mb4_0900_ai_ci;
/*!40101 SET character_set_client = @saved_cs_client */;

--
-- Dumping data for table `Inventory_Detail`
--

LOCK TABLES `Inventory_Detail` WRITE;
/*!40000 ALTER TABLE `Inventory_Detail` DISABLE KEYS */;
/*!40000 ALTER TABLE `Inventory_Detail` ENABLE KEYS */;
UNLOCK TABLES;

--
-- Table structure for table `Inventory_General`
--

DROP TABLE IF EXISTS `Inventory_General`;
/*!40101 SET @saved_cs_client     = @@character_set_client */;
/*!50503 SET character_set_client = utf8mb4 */;
CREATE TABLE `Inventory_General` (
  `id` varchar(36) NOT NULL,
  `name` varchar(250) NOT NULL,
  `from_date` timestamp NOT NULL,
  `to_date` timestamp NOT NULL,
  `status` int(11) NOT NULL,
  `created_date` timestamp NULL DEFAULT NULL,
  `created_user` varchar(45) DEFAULT NULL,
  `updated_date` timestamp NULL DEFAULT NULL,
  `updated_user` varchar(45) DEFAULT NULL,
  PRIMARY KEY (`id`)
) ENGINE=InnoDB DEFAULT CHARSET=utf8mb4 COLLATE=utf8mb4_0900_ai_ci;
/*!40101 SET character_set_client = @saved_cs_client */;

--
-- Dumping data for table `Inventory_General`
--

LOCK TABLES `Inventory_General` WRITE;
/*!40000 ALTER TABLE `Inventory_General` DISABLE KEYS */;
/*!40000 ALTER TABLE `Inventory_General` ENABLE KEYS */;
UNLOCK TABLES;

--
-- Table structure for table `Inventory_Scope`
--

DROP TABLE IF EXISTS `Inventory_Scope`;
/*!40101 SET @saved_cs_client     = @@character_set_client */;
/*!50503 SET character_set_client = utf8mb4 */;
CREATE TABLE `Inventory_Scope` (
  `id` varchar(36) NOT NULL,
  `inventory_id` varchar(36) NOT NULL,
  `department_name` varchar(13) NOT NULL,
  `created_date` varchar(45) DEFAULT NULL,
  `created_user` varchar(45) DEFAULT NULL,
  `updated_date` timestamp NULL DEFAULT NULL,
  `updated_user` varchar(45) DEFAULT NULL,
  PRIMARY KEY (`id`)
) ENGINE=InnoDB DEFAULT CHARSET=utf8mb4 COLLATE=utf8mb4_0900_ai_ci;
/*!40101 SET character_set_client = @saved_cs_client */;

--
-- Dumping data for table `Inventory_Scope`
--

LOCK TABLES `Inventory_Scope` WRITE;
/*!40000 ALTER TABLE `Inventory_Scope` DISABLE KEYS */;
/*!40000 ALTER TABLE `Inventory_Scope` ENABLE KEYS */;
UNLOCK TABLES;

--
-- Table structure for table `Manufacturer`
--

DROP TABLE IF EXISTS `Manufacturer`;
/*!40101 SET @saved_cs_client     = @@character_set_client */;
/*!50503 SET character_set_client = utf8mb4 */;
CREATE TABLE `Manufacturer` (
  `id` int(11) NOT NULL AUTO_INCREMENT,
  `manufacturer_name` varchar(250) DEFAULT NULL,
  `notes` varchar(45) DEFAULT NULL,
  PRIMARY KEY (`id`)
) ENGINE=InnoDB AUTO_INCREMENT=78 DEFAULT CHARSET=utf8mb4 COLLATE=utf8mb4_0900_ai_ci;
/*!40101 SET character_set_client = @saved_cs_client */;

--
-- Dumping data for table `Manufacturer`
--

LOCK TABLES `Manufacturer` WRITE;
/*!40000 ALTER TABLE `Manufacturer` DISABLE KEYS */;
INSERT INTO `Manufacturer` VALUES (1,'Modul',NULL),(2,'Samsung',NULL),(3,'Hitachi',NULL),(4,'Hòa phát',NULL),(5,'Lenovo',NULL),(6,'Dell',NULL),(7,'Apple',NULL),(51,'Corsair',NULL),(69,'Toshiba',NULL);
/*!40000 ALTER TABLE `Manufacturer` ENABLE KEYS */;
UNLOCK TABLES;

--
-- Table structure for table `Purchasing`
--

DROP TABLE IF EXISTS `Purchasing`;
/*!40101 SET @saved_cs_client     = @@character_set_client */;
/*!50503 SET character_set_client = utf8mb4 */;
CREATE TABLE `Purchasing` (
  `id` int(11) NOT NULL AUTO_INCREMENT,
  `manufacturer_id` int(11) NOT NULL,
  `supplier_id` int(11) NOT NULL,
  `price` decimal(20,0) DEFAULT NULL,
  `purchase_date` datetime DEFAULT NULL,
  `warranty` tinyint(2) DEFAULT NULL,
  PRIMARY KEY (`id`),
  KEY `Puercase_Supplirer_fk_idx` (`supplier_id`),
  CONSTRAINT `Puercase_Supplirer_fk` FOREIGN KEY (`supplier_id`) REFERENCES `Supplier` (`id`)
) ENGINE=InnoDB AUTO_INCREMENT=183 DEFAULT CHARSET=utf8mb4 COLLATE=utf8mb4_0900_ai_ci;
/*!40101 SET character_set_client = @saved_cs_client */;

--
-- Dumping data for table `Purchasing`
--

LOCK TABLES `Purchasing` WRITE;
/*!40000 ALTER TABLE `Purchasing` DISABLE KEYS */;
INSERT INTO `Purchasing` VALUES (1,4,3,15000000,'2019-08-02 00:00:00',99),(2,2,2,2000,'2019-06-20 00:00:00',11),(3,1,1,2000,'2019-05-05 00:00:00',12),(4,1,1,2000,'2019-05-05 00:00:00',12),(5,1,1,2000,'2019-05-05 00:00:00',12),(6,1,1,2003,'2019-05-05 00:00:00',12),(7,1,1,2003,'2019-05-05 00:00:00',12),(9,6,3,400000,'2019-12-25 00:00:00',1),(10,2,3,NULL,NULL,12),(11,2,3,200000,'2019-12-25 00:00:00',123),(12,1,2,NULL,NULL,12),(13,6,3,NULL,'2019-12-28 00:00:00',100),(14,2,3,NULL,'2019-12-27 07:16:02',NULL),(15,6,3,NULL,NULL,12),(16,2,4,NULL,NULL,NULL),(26,6,3,15000000,'2019-08-02 00:00:00',99),(27,6,3,15000000,'2019-08-02 00:00:00',99),(28,6,3,15000000,'2019-08-02 00:00:00',99),(29,6,3,15000000,'2019-08-02 00:00:00',99),(30,6,3,15000000,'2019-08-02 00:00:00',99),(31,6,3,15000000,'2019-08-02 00:00:00',99),(32,6,3,15000000,'2019-08-02 00:00:00',99),(33,6,3,15000000,'2019-08-02 00:00:00',99),(34,6,3,15000000,'2019-08-02 00:00:00',99),(35,6,3,15000000,'2019-08-02 00:00:00',99),(36,6,6,0,'2019-12-30 09:11:05',12),(37,6,3,0,'2019-12-31 09:51:00',12),(38,6,5,0,'2019-12-31 09:52:18',12),(39,6,3,0,'2019-12-30 09:55:34',12),(72,6,4,0,'2020-01-08 02:54:29',12),(73,6,3,0,'2020-01-08 02:57:02',12),(74,6,4,0,'2020-01-08 03:11:52',12),(75,4,3,0,'2020-01-03 03:15:45',12),(76,4,3,0,'2020-01-03 03:15:45',12),(77,6,4,-1,'2020-01-08 00:00:00',-17),(78,6,3,0,'2020-01-08 03:33:40',12),(79,4,4,0,'2020-01-08 00:00:00',12),(80,6,3,0,'2020-01-08 03:39:26',12),(81,6,3,0,'2020-01-07 03:42:31',12),(82,7,4,0,'2020-01-08 03:46:14',12),(83,6,4,0,'2020-01-08 03:49:26',12),(84,6,4,0,'2020-01-09 04:00:00',12),(85,6,4,0,'2020-01-06 04:06:05',12),(86,6,3,0,'2020-01-08 05:57:36',12),(87,6,4,0,'2020-01-15 05:59:24',12),(88,6,3,0,'2020-01-14 06:01:15',12),(89,5,4,0,'2020-01-08 06:02:27',12),(90,5,4,0,'2020-01-09 06:03:29',12),(91,5,4,0,'2020-01-08 06:04:14',12),(92,6,4,0,'2020-01-08 08:29:27',12),(93,6,5,0,'2020-01-14 08:32:41',12),(94,7,5,0,'2020-01-07 08:34:46',23),(95,7,6,0,'2020-01-13 08:36:57',12),(96,6,6,0,'2020-01-27 08:38:41',12),(97,5,3,0,'2020-01-15 08:41:26',12),(98,6,4,0,'2020-01-15 08:49:51',12),(99,6,4,0,'2020-01-15 09:46:14',12),(100,6,6,0,'2020-01-15 09:49:01',12),(101,6,3,0,'2020-01-09 09:51:05',12),(102,6,5,0,'2020-01-15 09:51:53',12),(103,6,5,0,'2020-01-15 09:53:23',12),(104,6,4,0,'2020-01-20 09:55:45',12),(105,6,6,0,'2020-01-28 09:57:47',22),(106,6,4,0,'2020-01-14 10:00:14',12),(107,6,4,0,'2020-01-15 00:00:00',12),(108,6,5,0,'2020-01-14 10:03:48',12),(109,7,6,0,'2020-01-20 00:00:00',12),(110,7,5,0,'2020-01-15 10:06:38',12),(111,6,6,0,'2020-01-14 00:00:00',12),(112,6,5,0,'2020-01-15 10:10:57',12),(113,6,6,0,'2020-01-14 00:00:00',12),(114,7,6,0,'2020-01-14 10:27:34',12),(115,6,5,0,'2020-01-15 10:37:51',12),(116,6,4,0,'2020-01-15 10:40:14',12),(117,6,6,0,'2020-01-28 10:45:25',12),(118,6,6,0,'2020-01-22 10:47:49',12),(119,6,6,0,'2020-01-15 10:50:38',12),(120,7,6,0,'2020-01-14 10:59:42',12),(121,6,6,0,'2020-01-22 11:00:55',12),(122,6,4,0,'2020-01-14 11:02:07',12),(123,6,3,0,'2020-01-08 11:06:26',12),(124,6,4,0,'2020-01-21 11:07:46',12),(125,6,3,0,'2020-01-20 11:08:38',12),(126,6,4,0,'2020-01-02 11:27:27',12),(127,6,4,0,'2020-01-09 02:15:10',12),(128,6,4,0,'2020-01-08 02:16:48',20),(129,6,4,0,'2020-01-09 02:20:32',12),(130,6,4,0,'2020-01-08 03:34:00',12),(131,1,2,0,'2020-01-02 00:00:00',12),(132,2,2,0,'2020-01-09 03:51:18',12),(133,4,4,0,'2020-01-02 04:09:26',12),(134,4,4,0,'2020-01-03 06:16:33',12),(135,2,1,12000,NULL,99),(136,1,4,0,'2020-01-05 00:00:00',1),(137,6,6,0,'2020-01-09 08:14:01',12),(138,1,1,0,NULL,NULL),(139,6,1,0,'2020-01-03 10:58:55',3),(140,6,3,15000000,'2019-08-02 00:00:00',99),(141,6,3,15000000,'2019-08-02 00:00:00',99),(142,6,3,15000000,'2019-08-02 00:00:00',99),(143,6,3,15000000,'2019-08-02 00:00:00',99),(144,6,3,15000000,'2019-08-02 00:00:00',99),(145,6,3,15000000,'2019-08-02 00:00:00',99),(146,6,3,15000000,'2019-08-02 00:00:00',99),(147,6,3,15000000,'2019-08-02 00:00:00',99),(148,6,3,15000000,'2019-08-02 00:00:00',99),(149,6,3,15000000,'2019-08-02 00:00:00',99),(151,6,3,15000000,'2019-08-02 00:00:00',99),(152,6,3,15000000,'2019-08-02 00:00:00',99),(153,6,3,15000000,'2019-08-02 00:00:00',99),(154,6,3,15000000,'2019-08-02 00:00:00',99),(155,6,3,15000000,'2019-08-02 00:00:00',99),(156,6,3,15000000,'2019-08-02 00:00:00',99),(157,6,3,15000000,'2019-08-02 00:00:00',99),(158,6,3,15000000,'2019-08-02 00:00:00',99),(159,6,3,15000000,'2019-08-02 00:00:00',99),(160,6,3,15000000,'2019-08-02 00:00:00',99),(161,6,3,15000000,'2019-08-02 00:00:00',99),(162,4,2,0,'2020-01-07 00:00:00',12),(163,3,1,0,NULL,NULL),(164,6,3,15000000,'2019-08-02 00:00:00',99),(165,6,3,15000000,'2019-08-02 00:00:00',99),(166,2,1,100555,'2020-01-07 00:00:00',12),(167,6,5,0,NULL,NULL),(169,6,3,15000000,'2019-08-02 00:00:00',99),(170,6,3,15000000,'2019-08-02 00:00:00',99),(171,1,1,0,NULL,NULL),(172,6,3,15000000,'2019-08-02 00:00:00',99),(173,6,3,15000000,'2019-08-02 00:00:00',99),(174,6,3,15000000,'2019-08-02 00:00:00',99),(175,2,2,0,NULL,NULL),(176,1,1,0,NULL,NULL),(177,2,4,2000000,NULL,12),(178,2,1,15000000,'2019-08-02 00:00:00',12),(179,2,1,0,NULL,NULL),(180,1,2,0,NULL,NULL),(181,1,1,0,NULL,NULL),(182,1,2,0,NULL,NULL);
/*!40000 ALTER TABLE `Purchasing` ENABLE KEYS */;
UNLOCK TABLES;

--
-- Table structure for table `Risk_Detail`
--

DROP TABLE IF EXISTS `Risk_Detail`;
/*!40101 SET @saved_cs_client     = @@character_set_client */;
/*!50503 SET character_set_client = utf8mb4 */;
CREATE TABLE `Risk_Detail` (
  `risk_id` varchar(36) NOT NULL,
  `asset_id` int(11) NOT NULL,
  `risk_code` varchar(45) NOT NULL,
  `threat` varchar(200) NOT NULL,
  `vulnerability` varchar(200) NOT NULL,
  `description` varchar(200) NOT NULL,
  `consequence` int(11) NOT NULL,
  `probability` int(11) NOT NULL,
  `handling_option` int(11) NOT NULL,
  `applied_controls` varchar(200) DEFAULT NULL,
  `additional_controls` varchar(200) DEFAULT NULL,
  `action` varchar(200) DEFAULT NULL,
  `resource` varchar(200) DEFAULT NULL,
  `responsibility` varchar(200) DEFAULT NULL,
  `deadline` timestamp NULL DEFAULT NULL,
  `created_date` timestamp NULL DEFAULT NULL,
  `created_user` varchar(45) DEFAULT NULL,
  `updated_date` timestamp NULL DEFAULT NULL,
  `updated_user` varchar(45) DEFAULT NULL,
  PRIMARY KEY (`risk_id`),
  KEY `risk_risk_general_fk_idx` (`asset_id`),
  CONSTRAINT `risk_risk_general_fk` FOREIGN KEY (`asset_id`) REFERENCES `Risk_General` (`asset_id`)
) ENGINE=InnoDB DEFAULT CHARSET=utf8mb4 COLLATE=utf8mb4_0900_ai_ci;
/*!40101 SET character_set_client = @saved_cs_client */;

--
-- Dumping data for table `Risk_Detail`
--

LOCK TABLES `Risk_Detail` WRITE;
/*!40000 ALTER TABLE `Risk_Detail` DISABLE KEYS */;
INSERT INTO `Risk_Detail` VALUES ('69eaadf1-d633-44b7-876a-9b90423e74e4',1,'RISK00001','N/A','N/A','N/A',2,2,1,'N/A','N/A','Report Admin','N/A','N/A','2021-01-06 07:58:28',NULL,NULL,NULL,NULL),('752497eb-db3e-4350-8e6e-a5fba23608fb',1,'RISK00002','N/A','N/A','N/A',2,1,2,'N/A','N/A','Hello this is a random message.','N/A','N/A','2021-01-06 07:58:28',NULL,NULL,NULL,NULL);
/*!40000 ALTER TABLE `Risk_Detail` ENABLE KEYS */;
UNLOCK TABLES;

--
-- Table structure for table `Risk_General`
--

DROP TABLE IF EXISTS `Risk_General`;
/*!40101 SET @saved_cs_client     = @@character_set_client */;
/*!50503 SET character_set_client = utf8mb4 */;
CREATE TABLE `Risk_General` (
  `asset_id` int(11) NOT NULL,
  `asset_category` varchar(100) DEFAULT NULL,
  `risk_status` int(11) NOT NULL,
  `created_date` timestamp NULL DEFAULT NULL,
  `created_user` varchar(45) DEFAULT NULL,
  `updated_date` timestamp NULL DEFAULT NULL,
  `updated_user` varchar(45) DEFAULT NULL,
  PRIMARY KEY (`asset_id`)
) ENGINE=InnoDB DEFAULT CHARSET=utf8mb4 COLLATE=utf8mb4_0900_ai_ci;
/*!40101 SET character_set_client = @saved_cs_client */;

--
-- Dumping data for table `Risk_General`
--

LOCK TABLES `Risk_General` WRITE;
/*!40000 ALTER TABLE `Risk_General` DISABLE KEYS */;
INSERT INTO `Risk_General` VALUES (1,'Camera',1,'2020-01-03 21:06:37','tqvinh','2020-01-03 21:06:37','tqvinh'),(2,'Camera',1,'2020-01-03 21:06:37','tqvinh','2020-01-03 21:06:37','tqvinh'),(3,'Bảng từ',1,'2020-01-03 21:06:37','tqvinh','2020-01-03 21:06:37','tqvinh'),(4,'Bảng từ',1,'2020-01-03 21:06:37','tqvinh','2020-01-03 21:06:37','tqvinh'),(5,'Bảng từ',1,'2020-01-03 21:06:37','tqvinh','2020-01-03 21:06:37','tqvinh'),(6,'Bảng từ',1,'2020-01-03 21:06:37','tqvinh','2020-01-03 21:06:37','tqvinh'),(7,'Bảng từ',1,'2020-01-03 21:06:37','tqvinh','2020-01-03 21:06:37','tqvinh'),(8,'Bảng từ',1,'2020-01-03 21:06:37','tqvinh','2020-01-03 21:06:37','tqvinh'),(9,'Bảng từ',1,'2020-01-03 21:06:37','tqvinh','2020-01-03 21:06:37','tqvinh'),(10,'Máy đếm tiền',1,'2020-01-03 21:06:37','tqvinh','2020-01-03 21:06:37','tqvinh'),(11,'Két sắt',1,'2020-01-03 21:06:37','tqvinh','2020-01-03 21:06:37','tqvinh'),(12,'Két sắt',1,'2020-01-03 21:06:37','tqvinh','2020-01-03 21:06:37','tqvinh'),(13,'Laptop',1,'2020-01-03 21:06:37','tqvinh','2020-01-03 21:06:37','tqvinh'),(14,'Laptop',1,'2020-01-03 21:06:37','tqvinh','2020-01-03 21:06:37','tqvinh'),(15,'Laptop',1,'2020-01-03 21:06:37','tqvinh','2020-01-03 21:06:37','tqvinh'),(16,'Laptop',1,'2020-01-03 21:06:37','tqvinh','2020-01-03 21:06:37','tqvinh'),(17,'Laptop',1,'2020-01-03 21:06:37','tqvinh','2020-01-03 21:06:37','tqvinh'),(18,'Laptop',1,'2020-01-03 21:06:37','tqvinh','2020-01-03 21:06:37','tqvinh'),(19,'Laptop',1,'2020-01-03 21:06:37','tqvinh','2020-01-03 21:06:37','tqvinh'),(20,'Laptop',1,'2020-01-03 21:06:37','tqvinh','2020-01-03 21:06:37','tqvinh'),(21,'Laptop',1,'2020-01-03 21:06:37','tqvinh','2020-01-03 21:06:37','tqvinh'),(22,'Laptop',1,'2020-01-03 21:06:37','tqvinh','2020-01-03 21:06:37','tqvinh'),(23,'Laptop',1,'2020-01-03 21:06:37','tqvinh','2020-01-03 21:06:37','tqvinh'),(24,'Laptop',1,'2020-01-03 21:06:37','tqvinh','2020-01-03 21:06:37','tqvinh'),(25,'Laptop',1,'2020-01-03 21:06:37','tqvinh','2020-01-03 21:06:37','tqvinh'),(26,'Laptop',1,'2020-01-03 21:06:37','tqvinh','2020-01-03 21:06:37','tqvinh'),(27,'Laptop',1,'2020-01-03 21:06:37','tqvinh','2020-01-03 21:06:37','tqvinh'),(28,'Laptop',1,'2020-01-03 21:06:37','tqvinh','2020-01-03 21:06:37','tqvinh'),(29,'Laptop',1,'2020-01-03 21:06:37','tqvinh','2020-01-03 21:06:37','tqvinh'),(30,'Laptop',1,'2020-01-03 21:06:37','tqvinh','2020-01-03 21:06:37','tqvinh'),(31,'Laptop',1,'2020-01-03 21:06:37','tqvinh','2020-01-03 21:06:37','tqvinh'),(32,'Laptop',1,'2020-01-03 21:06:37','tqvinh','2020-01-03 21:06:37','tqvinh'),(33,'Laptop',1,'2020-01-03 21:06:37','tqvinh','2020-01-03 21:06:37','tqvinh'),(34,'Laptop',1,'2020-01-03 21:06:37','tqvinh','2020-01-03 21:06:37','tqvinh'),(35,'Laptop',1,'2020-01-03 21:06:37','tqvinh','2020-01-03 21:06:37','tqvinh'),(36,'Laptop',1,'2020-01-03 21:06:37','tqvinh','2020-01-03 21:06:37','tqvinh'),(37,'Laptop',1,'2020-01-03 21:06:37','tqvinh','2020-01-03 21:06:37','tqvinh'),(38,'Laptop',1,'2020-01-03 21:06:37','tqvinh','2020-01-03 21:06:37','tqvinh'),(39,'Laptop',1,'2020-01-03 21:06:37','tqvinh','2020-01-03 21:06:37','tqvinh'),(40,'Linh Kiện',1,'2020-01-03 21:06:37','tqvinh','2020-01-03 21:06:37','tqvinh'),(41,'Laptop',1,'2020-01-03 21:06:37','tqvinh','2020-01-03 21:06:37','tqvinh'),(42,'Laptop',1,'2020-01-03 21:06:37','tqvinh','2020-01-03 21:06:37','tqvinh'),(43,'Laptop',1,'2020-01-03 21:06:37','tqvinh','2020-01-03 21:06:37','tqvinh'),(44,'Laptop',1,'2020-01-03 21:06:37','tqvinh','2020-01-03 21:06:37','tqvinh'),(45,'Laptop',1,'2020-01-03 21:06:37','tqvinh','2020-01-03 21:06:37','tqvinh'),(46,'Laptop',1,'2020-01-03 21:06:37','tqvinh','2020-01-03 21:06:37','tqvinh'),(47,'Laptop',1,'2020-01-03 21:06:37','tqvinh','2020-01-03 21:06:37','tqvinh'),(48,'Laptop',1,'2020-01-03 21:06:37','tqvinh','2020-01-03 21:06:37','tqvinh'),(49,'Laptop',1,'2020-01-03 21:06:37','tqvinh','2020-01-03 21:06:37','tqvinh'),(50,'Laptop',1,'2020-01-03 21:06:37','tqvinh','2020-01-03 21:06:37','tqvinh'),(51,'Laptop',1,'2020-01-03 21:06:37','tqvinh','2020-01-03 21:06:37','tqvinh'),(52,'Laptop',1,'2020-01-03 21:06:37','tqvinh','2020-01-03 21:06:37','tqvinh'),(53,'Laptop',1,'2020-01-03 21:06:37','tqvinh','2020-01-03 21:06:37','tqvinh'),(54,'Laptop',1,'2020-01-03 21:06:37','tqvinh','2020-01-03 21:06:37','tqvinh'),(55,'Laptop',1,'2020-01-03 21:06:37','tqvinh','2020-01-03 21:06:37','tqvinh'),(56,'Laptop',1,'2020-01-03 21:06:37','tqvinh','2020-01-03 21:06:37','tqvinh'),(57,'Laptop',1,'2020-01-03 21:06:37','tqvinh','2020-01-03 21:06:37','tqvinh'),(58,'Laptop',1,'2020-01-03 21:06:37','tqvinh','2020-01-03 21:06:37','tqvinh'),(59,'Laptop',1,'2020-01-03 21:06:37','tqvinh','2020-01-03 21:06:37','tqvinh'),(60,'Laptop',1,'2020-01-03 21:06:37','tqvinh','2020-01-03 21:06:37','tqvinh'),(61,'Laptop',1,'2020-01-03 21:06:37','tqvinh','2020-01-03 21:06:37','tqvinh'),(62,'Laptop',1,'2020-01-03 21:06:37','tqvinh','2020-01-03 21:06:37','tqvinh'),(63,'Laptop',1,'2020-01-03 21:06:37','tqvinh','2020-01-03 21:06:37','tqvinh'),(64,'Laptop',1,'2020-01-03 21:06:37','tqvinh','2020-01-03 21:06:37','tqvinh'),(65,'Laptop',1,'2020-01-03 21:06:37','tqvinh','2020-01-03 21:06:37','tqvinh'),(66,'Laptop',1,'2020-01-03 21:06:37','tqvinh','2020-01-03 21:06:37','tqvinh'),(67,'Laptop',1,'2020-01-03 21:06:37','tqvinh','2020-01-03 21:06:37','tqvinh'),(68,'Laptop',1,'2020-01-03 21:06:37','tqvinh','2020-01-03 21:06:37','tqvinh'),(69,'Laptop',1,'2020-01-03 21:06:37','tqvinh','2020-01-03 21:06:37','tqvinh'),(70,'Laptop',1,'2020-01-03 21:06:37','tqvinh','2020-01-03 21:06:37','tqvinh'),(71,'Laptop',1,'2020-01-03 21:06:37','tqvinh','2020-01-03 21:06:37','tqvinh'),(72,'Laptop',1,'2020-01-03 21:06:37','tqvinh','2020-01-03 21:06:37','tqvinh'),(73,'Laptop',1,'2020-01-03 21:06:37','tqvinh','2020-01-03 21:06:37','tqvinh'),(74,'Laptop',1,'2020-01-03 21:06:37','tqvinh','2020-01-03 21:06:37','tqvinh'),(75,'Laptop',1,'2020-01-03 21:06:37','tqvinh','2020-01-03 21:06:37','tqvinh'),(76,'Laptop',1,'2020-01-03 21:06:37','tqvinh','2020-01-03 21:06:37','tqvinh'),(77,'Laptop',1,'2020-01-03 21:06:37','tqvinh','2020-01-03 21:06:37','tqvinh'),(78,'Laptop',1,'2020-01-03 21:06:37','tqvinh','2020-01-03 21:06:37','tqvinh'),(79,'Laptop',1,'2020-01-03 21:06:37','tqvinh','2020-01-03 21:06:37','tqvinh'),(80,'Laptop',1,'2020-01-03 21:06:37','tqvinh','2020-01-03 21:06:37','tqvinh'),(81,'Laptop',1,'2020-01-03 21:06:37','tqvinh','2020-01-03 21:06:37','tqvinh'),(82,'Cây nước nóng lạnh',1,'2020-01-03 21:06:37','tqvinh','2020-01-03 21:06:37','tqvinh'),(83,'Laptop',1,'2020-01-03 21:06:37','tqvinh','2020-01-03 21:06:37','tqvinh'),(84,'Laptop',1,'2020-01-03 21:06:37','tqvinh','2020-01-03 21:06:37','tqvinh'),(85,'Laptop',1,'2020-01-03 21:06:37','tqvinh','2020-01-03 21:06:37','tqvinh'),(86,'Laptop',1,'2020-01-03 21:06:37','tqvinh','2020-01-03 21:06:37','tqvinh'),(87,'Laptop',1,'2020-01-03 21:06:37','tqvinh','2020-01-03 21:06:37','tqvinh'),(88,'Laptop',1,'2020-01-03 21:06:37','tqvinh','2020-01-03 21:06:37','tqvinh'),(89,'Laptop',1,'2020-01-03 21:06:37','tqvinh','2020-01-03 21:06:37','tqvinh'),(90,'Laptop',1,'2020-01-03 21:06:37','tqvinh','2020-01-03 21:06:37','tqvinh'),(91,'Laptop',1,'2020-01-03 21:06:37','tqvinh','2020-01-03 21:06:37','tqvinh'),(92,'Laptop',1,'2020-01-03 21:06:37','tqvinh','2020-01-03 21:06:37','tqvinh'),(93,'Laptop',1,'2020-01-03 21:06:37','tqvinh','2020-01-03 21:06:37','tqvinh'),(94,'Laptop',1,'2020-01-03 21:06:37','tqvinh','2020-01-03 21:06:37','tqvinh'),(95,'Laptop',1,'2020-01-03 21:06:37','tqvinh','2020-01-03 21:06:37','tqvinh'),(96,'Laptop',1,'2020-01-03 21:06:37','tqvinh','2020-01-03 21:06:37','tqvinh'),(97,'Laptop',1,'2020-01-03 21:06:37','tqvinh','2020-01-03 21:06:37','tqvinh'),(98,'Laptop',1,'2020-01-03 21:06:37','tqvinh','2020-01-03 21:06:37','tqvinh'),(99,'Laptop',1,'2020-01-03 21:06:37','tqvinh','2020-01-03 21:06:37','tqvinh'),(100,'Laptop',1,'2020-01-03 21:06:37','tqvinh','2020-01-03 21:06:37','tqvinh'),(101,'Laptop',1,'2020-01-03 21:06:37','tqvinh','2020-01-03 21:06:37','tqvinh'),(102,'Laptop',1,'2020-01-03 21:06:37','tqvinh','2020-01-03 21:06:37','tqvinh'),(103,'Laptop',1,'2020-01-03 21:06:37','tqvinh','2020-01-03 21:06:37','tqvinh'),(104,'Laptop',1,'2020-01-03 21:06:37','tqvinh','2020-01-03 21:06:37','tqvinh'),(105,'Laptop',1,'2020-01-03 21:06:37','tqvinh','2020-01-03 21:06:37','tqvinh'),(106,'Laptop',1,'2020-01-03 21:06:37','tqvinh','2020-01-03 21:06:37','tqvinh'),(107,'Laptop',1,'2020-01-03 21:06:37','tqvinh','2020-01-03 21:06:37','tqvinh'),(108,'Laptop',1,'2020-01-03 21:06:37','tqvinh','2020-01-03 21:06:37','tqvinh'),(109,'Laptop',1,'2020-01-03 21:06:37','tqvinh','2020-01-03 21:06:37','tqvinh'),(110,'Laptop',1,'2020-01-03 21:06:37','tqvinh','2020-01-03 21:06:37','tqvinh'),(111,'Laptop',1,'2020-01-03 21:06:37','tqvinh','2020-01-03 21:06:37','tqvinh'),(112,'Laptop',1,'2020-01-03 21:06:37','tqvinh','2020-01-03 21:06:37','tqvinh'),(113,'Laptop',1,'2020-01-03 21:06:37','tqvinh','2020-01-03 21:06:37','tqvinh'),(114,'Laptop',1,'2020-01-03 21:06:37','tqvinh','2020-01-03 21:06:37','tqvinh'),(115,'Laptop',1,'2020-01-03 21:06:37','tqvinh','2020-01-03 21:06:37','tqvinh'),(116,'Laptop',1,'2020-01-03 21:06:37','tqvinh','2020-01-03 21:06:37','tqvinh'),(117,'Laptop',1,'2020-01-03 21:06:37','tqvinh','2020-01-03 21:06:37','tqvinh'),(118,'Laptop',1,'2020-01-03 21:06:37','tqvinh','2020-01-03 21:06:37','tqvinh'),(119,'Laptop',1,'2020-01-03 21:06:37','tqvinh','2020-01-03 21:06:37','tqvinh'),(120,'Laptop',1,'2020-01-03 21:06:37','tqvinh','2020-01-03 21:06:37','tqvinh'),(121,'Laptop',1,'2020-01-03 21:06:37','tqvinh','2020-01-03 21:06:37','tqvinh'),(122,'Laptop',1,'2020-01-03 21:06:37','tqvinh','2020-01-03 21:06:37','tqvinh'),(123,'Laptop',1,'2020-01-03 21:06:37','tqvinh','2020-01-03 21:06:37','tqvinh'),(124,'Laptop',1,'2020-01-03 21:06:37','tqvinh','2020-01-03 21:06:37','tqvinh'),(125,'Laptop',1,'2020-01-03 21:06:37','tqvinh','2020-01-03 21:06:37','tqvinh'),(126,'Laptop',1,'2020-01-03 21:06:37','tqvinh','2020-01-03 21:06:37','tqvinh'),(127,'Laptop',1,'2020-01-03 21:06:37','tqvinh','2020-01-03 21:06:37','tqvinh'),(128,'Laptop',1,'2020-01-03 21:06:37','tqvinh','2020-01-03 21:06:37','tqvinh'),(129,'Laptop',1,'2020-01-03 21:06:37','tqvinh','2020-01-03 21:06:37','tqvinh'),(130,'Laptop',1,'2020-01-03 21:06:37','tqvinh','2020-01-03 21:06:37','tqvinh'),(131,'Laptop',1,'2020-01-03 21:06:37','tqvinh','2020-01-03 21:06:37','tqvinh'),(132,'Laptop',1,'2020-01-03 21:06:37','tqvinh','2020-01-03 21:06:37','tqvinh'),(133,'Laptop',1,'2020-01-03 21:06:37','tqvinh','2020-01-03 21:06:37','tqvinh'),(134,'Laptop',1,'2020-01-03 21:06:37','tqvinh','2020-01-03 21:06:37','tqvinh'),(135,'Laptop',1,'2020-01-03 21:06:37','tqvinh','2020-01-03 21:06:37','tqvinh'),(136,'Laptop',1,'2020-01-03 21:06:37','tqvinh','2020-01-03 21:06:37','tqvinh'),(137,'Laptop',1,'2020-01-03 21:06:37','tqvinh','2020-01-03 21:06:37','tqvinh'),(138,'Loa',1,'2020-01-03 21:06:37','tqvinh','2020-01-03 21:06:37','tqvinh'),(139,'Máy hủy tài liệu',1,'2020-01-03 21:06:37','tqvinh','2020-01-03 21:06:37','tqvinh'),(140,'Máy hủy tài liệu',1,'2020-01-03 21:06:37','tqvinh','2020-01-03 21:06:37','tqvinh'),(141,'Thiết bị test',1,'2020-01-03 21:06:37','tqvinh','2020-01-03 21:06:37','tqvinh'),(142,'Thiết bị test',1,'2020-01-03 21:06:37','tqvinh','2020-01-03 21:06:37','tqvinh'),(143,'Thiết bị test',1,'2020-01-03 21:06:37','tqvinh','2020-01-03 21:06:37','tqvinh'),(144,'Thiết bị test',1,'2020-01-03 21:06:37','tqvinh','2020-01-03 21:06:37','tqvinh'),(145,'Thiết bị test',1,'2020-01-03 21:06:37','tqvinh','2020-01-03 21:06:37','tqvinh'),(146,'Thiết bị test',1,'2020-01-03 21:06:37','tqvinh','2020-01-03 21:06:37','tqvinh'),(147,'Thiết bị test',1,'2020-01-03 21:06:37','tqvinh','2020-01-03 21:06:37','tqvinh'),(148,'Thiết bị test',1,'2020-01-03 21:06:37','tqvinh','2020-01-03 21:06:37','tqvinh'),(149,'Thiết bị test',1,'2020-01-03 21:06:37','tqvinh','2020-01-03 21:06:37','tqvinh'),(150,'Loa',1,'2020-01-03 21:06:37','tqvinh','2020-01-03 21:06:37','tqvinh'),(151,'Thiết bị test',1,'2020-01-03 21:06:37','tqvinh','2020-01-03 21:06:37','tqvinh'),(152,'Thiết bị test',1,'2020-01-03 21:06:37','tqvinh','2020-01-03 21:06:37','tqvinh'),(153,'Thiết bị test',1,'2020-01-03 21:06:37','tqvinh','2020-01-03 21:06:37','tqvinh'),(154,'Thiết bị test',1,'2020-01-03 21:06:37','tqvinh','2020-01-03 21:06:37','tqvinh'),(155,'Thiết bị test',1,'2020-01-03 21:06:37','tqvinh','2020-01-03 21:06:37','tqvinh'),(156,'Thiết bị test',1,'2020-01-03 21:06:37','tqvinh','2020-01-03 21:06:37','tqvinh'),(157,'Thiết bị test',1,'2020-01-03 21:06:37','tqvinh','2020-01-03 21:06:37','tqvinh'),(158,'Thiết bị test',1,'2020-01-03 21:06:37','tqvinh','2020-01-03 21:06:37','tqvinh'),(159,'Thiết bị test',1,'2020-01-03 21:06:37','tqvinh','2020-01-03 21:06:37','tqvinh'),(160,'Thiết bị test',1,'2020-01-03 21:06:37','tqvinh','2020-01-03 21:06:37','tqvinh'),(161,'Thiết bị test',1,'2020-01-03 21:06:37','tqvinh','2020-01-03 21:06:37','tqvinh'),(162,'Modem',1,'2020-01-03 21:06:37','tqvinh','2020-01-03 21:06:37','tqvinh'),(163,'Modem',1,'2020-01-03 21:06:37','tqvinh','2020-01-03 21:06:37','tqvinh'),(164,'Modem',1,'2020-01-03 21:06:37','tqvinh','2020-01-03 21:06:37','tqvinh'),(165,'Màn hình',1,'2020-01-03 21:06:37','tqvinh','2020-01-03 21:06:37','tqvinh'),(166,'Màn hình',1,'2020-01-03 21:06:37','tqvinh','2020-01-03 21:06:37','tqvinh'),(167,'Màn hình',1,'2020-01-03 21:06:37','tqvinh','2020-01-03 21:06:37','tqvinh'),(168,'Màn hình',1,'2020-01-03 21:06:37','tqvinh','2020-01-03 21:06:37','tqvinh'),(169,'Màn hình',1,'2020-01-03 21:06:37','tqvinh','2020-01-03 21:06:37','tqvinh'),(170,'Màn hình',1,'2020-01-03 21:06:37','tqvinh','2020-01-03 21:06:37','tqvinh'),(171,'Màn hình',1,'2020-01-03 21:06:37','tqvinh','2020-01-03 21:06:37','tqvinh'),(172,'Màn hình',1,'2020-01-03 21:06:37','tqvinh','2020-01-03 21:06:37','tqvinh'),(173,'Màn hình',1,'2020-01-03 21:06:37','tqvinh','2020-01-03 21:06:37','tqvinh'),(174,'Màn hình',1,'2020-01-03 21:06:37','tqvinh','2020-01-03 21:06:37','tqvinh'),(175,'Màn hình',1,'2020-01-03 21:06:37','tqvinh','2020-01-03 21:06:37','tqvinh'),(176,'Màn hình',1,'2020-01-03 21:06:37','tqvinh','2020-01-03 21:06:37','tqvinh'),(177,'Màn hình',1,'2020-01-03 21:06:37','tqvinh','2020-01-03 21:06:37','tqvinh'),(178,'Màn hình',1,'2020-01-03 21:06:37','tqvinh','2020-01-03 21:06:37','tqvinh'),(179,'Màn hình',1,'2020-01-03 21:06:37','tqvinh','2020-01-03 21:06:37','tqvinh'),(180,'Màn hình',1,'2020-01-03 21:06:37','tqvinh','2020-01-03 21:06:37','tqvinh'),(181,'Màn hình',1,'2020-01-03 21:06:37','tqvinh','2020-01-03 21:06:37','tqvinh'),(182,'Màn hình',1,'2020-01-03 21:06:37','tqvinh','2020-01-03 21:06:37','tqvinh'),(183,'Màn hình',1,'2020-01-03 21:06:37','tqvinh','2020-01-03 21:06:37','tqvinh'),(184,'Màn hình',1,'2020-01-03 21:06:37','tqvinh','2020-01-03 21:06:37','tqvinh'),(185,'Màn hình',1,'2020-01-03 21:06:37','tqvinh','2020-01-03 21:06:37','tqvinh'),(186,'Màn hình',1,'2020-01-03 21:06:37','tqvinh','2020-01-03 21:06:37','tqvinh'),(187,'Màn hình',1,'2020-01-03 21:06:37','tqvinh','2020-01-03 21:06:37','tqvinh'),(188,'Màn hình',1,'2020-01-03 21:06:37','tqvinh','2020-01-03 21:06:37','tqvinh'),(189,'Màn hình',1,'2020-01-03 21:06:37','tqvinh','2020-01-03 21:06:37','tqvinh'),(190,'Màn hình',1,'2020-01-03 21:06:37','tqvinh','2020-01-03 21:06:37','tqvinh'),(191,'Màn hình',1,'2020-01-03 21:06:37','tqvinh','2020-01-03 21:06:37','tqvinh'),(192,'Màn hình',1,'2020-01-03 21:06:37','tqvinh','2020-01-03 21:06:37','tqvinh'),(193,'Màn hình',1,'2020-01-03 21:06:37','tqvinh','2020-01-03 21:06:37','tqvinh'),(194,'Màn hình',1,'2020-01-03 21:06:37','tqvinh','2020-01-03 21:06:37','tqvinh'),(195,'Màn hình',1,'2020-01-03 21:06:37','tqvinh','2020-01-03 21:06:37','tqvinh'),(196,'Màn hình',1,'2020-01-03 21:06:37','tqvinh','2020-01-03 21:06:37','tqvinh'),(197,'Màn hình',1,'2020-01-03 21:06:37','tqvinh','2020-01-03 21:06:37','tqvinh'),(198,'Màn hình',1,'2020-01-03 21:06:37','tqvinh','2020-01-03 21:06:37','tqvinh'),(199,'Màn hình',1,'2020-01-03 21:06:37','tqvinh','2020-01-03 21:06:37','tqvinh'),(200,'Màn hình',1,'2020-01-03 21:06:37','tqvinh','2020-01-03 21:06:37','tqvinh'),(201,'Màn hình',1,'2020-01-03 21:06:37','tqvinh','2020-01-03 21:06:37','tqvinh'),(202,'Màn hình',1,'2020-01-03 21:06:37','tqvinh','2020-01-03 21:06:37','tqvinh'),(203,'Màn hình',1,'2020-01-03 21:06:37','tqvinh','2020-01-03 21:06:37','tqvinh'),(204,'Màn hình',1,'2020-01-03 21:06:37','tqvinh','2020-01-03 21:06:37','tqvinh'),(205,'Màn hình',1,'2020-01-03 21:06:37','tqvinh','2020-01-03 21:06:37','tqvinh'),(206,'Màn hình',1,'2020-01-03 21:06:37','tqvinh','2020-01-03 21:06:37','tqvinh'),(207,'Màn hình',1,'2020-01-03 21:06:37','tqvinh','2020-01-03 21:06:37','tqvinh'),(208,'Màn hình',1,'2020-01-03 21:06:37','tqvinh','2020-01-03 21:06:37','tqvinh'),(209,'Màn hình',1,'2020-01-03 21:06:37','tqvinh','2020-01-03 21:06:37','tqvinh'),(210,'Màn hình',1,'2020-01-03 21:06:37','tqvinh','2020-01-03 21:06:37','tqvinh'),(211,'Màn hình',1,'2020-01-03 21:06:37','tqvinh','2020-01-03 21:06:37','tqvinh'),(212,'Màn hình',1,'2020-01-03 21:06:37','tqvinh','2020-01-03 21:06:37','tqvinh'),(213,'Màn hình',1,'2020-01-03 21:06:37','tqvinh','2020-01-03 21:06:37','tqvinh'),(214,'Màn hình',1,'2020-01-03 21:06:37','tqvinh','2020-01-03 21:06:37','tqvinh'),(215,'Màn hình',1,'2020-01-03 21:06:37','tqvinh','2020-01-03 21:06:37','tqvinh'),(216,'Màn hình',1,'2020-01-03 21:06:37','tqvinh','2020-01-03 21:06:37','tqvinh'),(217,'Màn hình',1,'2020-01-03 21:06:37','tqvinh','2020-01-03 21:06:37','tqvinh'),(218,'Màn hình',1,'2020-01-03 21:06:37','tqvinh','2020-01-03 21:06:37','tqvinh'),(219,'Màn hình',1,'2020-01-03 21:06:37','tqvinh','2020-01-03 21:06:37','tqvinh'),(220,'Màn hình',1,'2020-01-03 21:06:37','tqvinh','2020-01-03 21:06:37','tqvinh'),(221,'Màn hình',1,'2020-01-03 21:06:37','tqvinh','2020-01-03 21:06:37','tqvinh'),(222,'Màn hình',1,'2020-01-03 21:06:37','tqvinh','2020-01-03 21:06:37','tqvinh'),(223,'Màn hình',1,'2020-01-03 21:06:37','tqvinh','2020-01-03 21:06:37','tqvinh'),(224,'Màn hình',1,'2020-01-03 21:06:37','tqvinh','2020-01-03 21:06:37','tqvinh'),(225,'Màn hình',1,'2020-01-03 21:06:37','tqvinh','2020-01-03 21:06:37','tqvinh'),(226,'Màn hình',1,'2020-01-03 21:06:37','tqvinh','2020-01-03 21:06:37','tqvinh'),(227,'Màn hình',1,'2020-01-03 21:06:37','tqvinh','2020-01-03 21:06:37','tqvinh'),(228,'Màn hình',1,'2020-01-03 21:06:37','tqvinh','2020-01-03 21:06:37','tqvinh'),(229,'Màn hình',1,'2020-01-03 21:06:37','tqvinh','2020-01-03 21:06:37','tqvinh'),(230,'Màn hình',1,'2020-01-03 21:06:37','tqvinh','2020-01-03 21:06:37','tqvinh'),(231,'Màn hình',1,'2020-01-03 21:06:37','tqvinh','2020-01-03 21:06:37','tqvinh'),(232,'Màn hình',1,'2020-01-03 21:06:37','tqvinh','2020-01-03 21:06:37','tqvinh'),(233,'Màn hình',1,'2020-01-03 21:06:37','tqvinh','2020-01-03 21:06:37','tqvinh'),(234,'Màn hình',1,'2020-01-03 21:06:37','tqvinh','2020-01-03 21:06:37','tqvinh'),(235,'Màn hình',1,'2020-01-03 21:06:37','tqvinh','2020-01-03 21:06:37','tqvinh'),(236,'Màn hình',1,'2020-01-03 21:06:37','tqvinh','2020-01-03 21:06:37','tqvinh'),(237,'Màn hình',1,'2020-01-03 21:06:37','tqvinh','2020-01-03 21:06:37','tqvinh'),(238,'Màn hình',1,'2020-01-03 21:06:37','tqvinh','2020-01-03 21:06:37','tqvinh'),(239,'Màn hình',1,'2020-01-03 21:06:37','tqvinh','2020-01-03 21:06:37','tqvinh'),(240,'Màn hình',1,'2020-01-03 21:06:37','tqvinh','2020-01-03 21:06:37','tqvinh'),(241,'Màn hình',1,'2020-01-03 21:06:37','tqvinh','2020-01-03 21:06:37','tqvinh'),(242,'Màn hình',1,'2020-01-03 21:06:37','tqvinh','2020-01-03 21:06:37','tqvinh'),(243,'Màn hình',1,'2020-01-03 21:06:37','tqvinh','2020-01-03 21:06:37','tqvinh'),(244,'Màn hình',1,'2020-01-03 21:06:37','tqvinh','2020-01-03 21:06:37','tqvinh'),(245,'Màn hình',1,'2020-01-03 21:06:37','tqvinh','2020-01-03 21:06:37','tqvinh'),(246,'Màn hình',1,'2020-01-03 21:06:37','tqvinh','2020-01-03 21:06:37','tqvinh'),(247,'Màn hình',1,'2020-01-03 21:06:37','tqvinh','2020-01-03 21:06:37','tqvinh'),(248,'Màn hình',1,'2020-01-03 21:06:37','tqvinh','2020-01-03 21:06:37','tqvinh'),(249,'Màn hình',1,'2020-01-03 21:06:37','tqvinh','2020-01-03 21:06:37','tqvinh'),(250,'Màn hình',1,'2020-01-03 21:06:37','tqvinh','2020-01-03 21:06:37','tqvinh'),(251,'Màn hình',1,'2020-01-03 21:06:37','tqvinh','2020-01-03 21:06:37','tqvinh'),(252,'Màn hình',1,'2020-01-03 21:06:37','tqvinh','2020-01-03 21:06:37','tqvinh'),(253,'Màn hình',1,'2020-01-03 21:06:37','tqvinh','2020-01-03 21:06:37','tqvinh'),(254,'Màn hình',1,'2020-01-03 21:06:37','tqvinh','2020-01-03 21:06:37','tqvinh'),(255,'Màn hình',1,'2020-01-03 21:06:37','tqvinh','2020-01-03 21:06:37','tqvinh'),(256,'Màn hình',1,'2020-01-03 21:06:37','tqvinh','2020-01-03 21:06:37','tqvinh'),(257,'Màn hình',1,'2020-01-03 21:06:37','tqvinh','2020-01-03 21:06:37','tqvinh'),(258,'Màn hình',1,'2020-01-03 21:06:37','tqvinh','2020-01-03 21:06:37','tqvinh'),(259,'Màn hình',1,'2020-01-03 21:06:37','tqvinh','2020-01-03 21:06:37','tqvinh'),(260,'Màn hình',1,'2020-01-03 21:06:37','tqvinh','2020-01-03 21:06:37','tqvinh'),(261,'Màn hình',1,'2020-01-03 21:06:37','tqvinh','2020-01-03 21:06:37','tqvinh'),(262,'Màn hình',1,'2020-01-03 21:06:37','tqvinh','2020-01-03 21:06:37','tqvinh'),(263,'Màn hình',1,'2020-01-03 21:06:37','tqvinh','2020-01-03 21:06:37','tqvinh'),(264,'Màn hình',1,'2020-01-03 21:06:37','tqvinh','2020-01-03 21:06:37','tqvinh'),(265,'Màn hình',1,'2020-01-03 21:06:37','tqvinh','2020-01-03 21:06:37','tqvinh'),(266,'Màn hình',1,'2020-01-03 21:06:37','tqvinh','2020-01-03 21:06:37','tqvinh'),(267,'Màn hình',1,'2020-01-03 21:06:37','tqvinh','2020-01-03 21:06:37','tqvinh'),(268,'Màn hình',1,'2020-01-03 21:06:37','tqvinh','2020-01-03 21:06:37','tqvinh'),(269,'Màn hình',1,'2020-01-03 21:06:37','tqvinh','2020-01-03 21:06:37','tqvinh'),(270,'Màn hình',1,'2020-01-03 21:06:37','tqvinh','2020-01-03 21:06:37','tqvinh'),(271,'Màn hình',1,'2020-01-03 21:06:37','tqvinh','2020-01-03 21:06:37','tqvinh'),(272,'Màn hình',1,'2020-01-03 21:06:37','tqvinh','2020-01-03 21:06:37','tqvinh'),(273,'Màn hình',1,'2020-01-03 21:06:37','tqvinh','2020-01-03 21:06:37','tqvinh'),(274,'Màn hình',1,'2020-01-03 21:06:37','tqvinh','2020-01-03 21:06:37','tqvinh'),(275,'Màn hình',1,'2020-01-03 21:06:37','tqvinh','2020-01-03 21:06:37','tqvinh'),(276,'Màn hình',1,'2020-01-03 21:06:37','tqvinh','2020-01-03 21:06:37','tqvinh'),(277,'Màn hình',1,'2020-01-03 21:06:37','tqvinh','2020-01-03 21:06:37','tqvinh'),(278,'Màn hình',1,'2020-01-03 21:06:37','tqvinh','2020-01-03 21:06:37','tqvinh'),(279,'Màn hình',1,'2020-01-03 21:06:37','tqvinh','2020-01-03 21:06:37','tqvinh'),(280,'Màn hình',1,'2020-01-03 21:06:37','tqvinh','2020-01-03 21:06:37','tqvinh'),(281,'Màn hình',1,'2020-01-03 21:06:37','tqvinh','2020-01-03 21:06:37','tqvinh'),(282,'Màn hình',1,'2020-01-03 21:06:37','tqvinh','2020-01-03 21:06:37','tqvinh'),(283,'Màn hình',1,'2020-01-03 21:06:37','tqvinh','2020-01-03 21:06:37','tqvinh'),(284,'Màn hình',1,'2020-01-03 21:06:37','tqvinh','2020-01-03 21:06:37','tqvinh'),(285,'Màn hình',1,'2020-01-03 21:06:37','tqvinh','2020-01-03 21:06:37','tqvinh'),(286,'Màn hình',1,'2020-01-03 21:06:37','tqvinh','2020-01-03 21:06:37','tqvinh'),(287,'Màn hình',1,'2020-01-03 21:06:37','tqvinh','2020-01-03 21:06:37','tqvinh'),(288,'Màn hình',1,'2020-01-03 21:06:37','tqvinh','2020-01-03 21:06:37','tqvinh'),(289,'Màn hình',1,'2020-01-03 21:06:37','tqvinh','2020-01-03 21:06:37','tqvinh'),(290,'Màn hình',1,'2020-01-03 21:06:37','tqvinh','2020-01-03 21:06:37','tqvinh'),(291,'Màn hình',1,'2020-01-03 21:06:37','tqvinh','2020-01-03 21:06:37','tqvinh'),(292,'Màn hình',1,'2020-01-03 21:06:37','tqvinh','2020-01-03 21:06:37','tqvinh'),(293,'Màn hình',1,'2020-01-03 21:06:37','tqvinh','2020-01-03 21:06:37','tqvinh'),(294,'Màn hình',1,'2020-01-03 21:06:37','tqvinh','2020-01-03 21:06:37','tqvinh'),(295,'Màn hình',1,'2020-01-03 21:06:37','tqvinh','2020-01-03 21:06:37','tqvinh'),(296,'Màn hình',1,'2020-01-03 21:06:37','tqvinh','2020-01-03 21:06:37','tqvinh'),(297,'Màn hình',1,'2020-01-03 21:06:37','tqvinh','2020-01-03 21:06:37','tqvinh'),(298,'Màn hình',1,'2020-01-03 21:06:37','tqvinh','2020-01-03 21:06:37','tqvinh'),(299,'Màn hình',1,'2020-01-03 21:06:37','tqvinh','2020-01-03 21:06:37','tqvinh'),(300,'Màn hình',1,'2020-01-03 21:06:37','tqvinh','2020-01-03 21:06:37','tqvinh'),(301,'Màn hình',1,'2020-01-03 21:06:37','tqvinh','2020-01-03 21:06:37','tqvinh'),(302,'Màn hình',1,'2020-01-03 21:06:37','tqvinh','2020-01-03 21:06:37','tqvinh'),(303,'Màn hình',1,'2020-01-03 21:06:37','tqvinh','2020-01-03 21:06:37','tqvinh'),(304,'Màn hình',1,'2020-01-03 21:06:37','tqvinh','2020-01-03 21:06:37','tqvinh'),(305,'Màn hình',1,'2020-01-03 21:06:37','tqvinh','2020-01-03 21:06:37','tqvinh'),(306,'Màn hình',1,'2020-01-03 21:06:37','tqvinh','2020-01-03 21:06:37','tqvinh'),(307,'Màn hình',1,'2020-01-03 21:06:37','tqvinh','2020-01-03 21:06:37','tqvinh'),(308,'Màn hình',1,'2020-01-03 21:06:37','tqvinh','2020-01-03 21:06:37','tqvinh'),(309,'Màn hình',1,'2020-01-03 21:06:37','tqvinh','2020-01-03 21:06:37','tqvinh'),(310,'Màn hình',1,'2020-01-03 21:06:37','tqvinh','2020-01-03 21:06:37','tqvinh'),(311,'Màn hình',1,'2020-01-03 21:06:37','tqvinh','2020-01-03 21:06:37','tqvinh'),(312,'Màn hình',1,'2020-01-03 21:06:37','tqvinh','2020-01-03 21:06:37','tqvinh'),(313,'Màn hình',1,'2020-01-03 21:06:37','tqvinh','2020-01-03 21:06:37','tqvinh'),(314,'Màn hình',1,'2020-01-03 21:06:37','tqvinh','2020-01-03 21:06:37','tqvinh'),(315,'Màn hình',1,'2020-01-03 21:06:37','tqvinh','2020-01-03 21:06:37','tqvinh'),(316,'Màn hình',1,'2020-01-03 21:06:37','tqvinh','2020-01-03 21:06:37','tqvinh'),(317,'Màn hình',1,'2020-01-03 21:06:37','tqvinh','2020-01-03 21:06:37','tqvinh'),(318,'Màn hình',1,'2020-01-03 21:06:37','tqvinh','2020-01-03 21:06:37','tqvinh'),(319,'Màn hình',1,'2020-01-03 21:06:37','tqvinh','2020-01-03 21:06:37','tqvinh'),(320,'Màn hình',1,'2020-01-03 21:06:37','tqvinh','2020-01-03 21:06:37','tqvinh'),(321,'Màn hình',1,'2020-01-03 21:06:37','tqvinh','2020-01-03 21:06:37','tqvinh'),(322,'Màn hình',1,'2020-01-03 21:06:37','tqvinh','2020-01-03 21:06:37','tqvinh'),(323,'Màn hình',1,'2020-01-03 21:06:37','tqvinh','2020-01-03 21:06:37','tqvinh'),(324,'Laptop',1,'2020-01-03 21:06:37','tqvinh','2020-01-03 21:06:37','tqvinh'),(325,'NAS',1,'2020-01-03 21:06:37','tqvinh','2020-01-03 21:06:37','tqvinh'),(326,'PC',1,'2020-01-03 21:06:37','tqvinh','2020-01-03 21:06:37','tqvinh'),(327,'Bảng từ',1,'2020-01-03 21:06:37','tqvinh','2020-01-03 21:06:37','tqvinh'),(328,'PC',1,'2020-01-03 21:06:37','tqvinh','2020-01-03 21:06:37','tqvinh'),(329,'Máy hút bụi',1,'2020-01-03 21:06:37','tqvinh','2020-01-03 21:06:37','tqvinh'),(330,'Máy scan',1,'2020-01-03 21:06:37','tqvinh','2020-01-03 21:06:37','tqvinh'),(331,'PC',1,'2020-01-03 21:06:37','tqvinh','2020-01-03 21:06:37','tqvinh'),(332,'PC',1,'2020-01-03 21:06:37','tqvinh','2020-01-03 21:06:37','tqvinh'),(333,'PC',1,'2020-01-03 21:06:37','tqvinh','2020-01-03 21:06:37','tqvinh'),(334,'PC',1,'2020-01-03 21:06:37','tqvinh','2020-01-03 21:06:37','tqvinh'),(335,'PC',1,'2020-01-03 21:06:37','tqvinh','2020-01-03 21:06:37','tqvinh'),(336,'Máy scan',1,'2020-01-03 21:06:37','tqvinh','2020-01-03 21:06:37','tqvinh'),(337,'PC',1,'2020-01-03 21:06:37','tqvinh','2020-01-03 21:06:37','tqvinh'),(338,'PC',1,'2020-01-03 21:06:37','tqvinh','2020-01-03 21:06:37','tqvinh'),(339,'PC',1,'2020-01-03 21:06:37','tqvinh','2020-01-03 21:06:37','tqvinh'),(340,'PC',1,'2020-01-03 21:06:37','tqvinh','2020-01-03 21:06:37','tqvinh'),(341,'PC',1,'2020-01-03 21:06:37','tqvinh','2020-01-03 21:06:37','tqvinh'),(342,'PC',1,'2020-01-03 21:06:37','tqvinh','2020-01-03 21:06:37','tqvinh'),(343,'PC',1,'2020-01-03 21:06:37','tqvinh','2020-01-03 21:06:37','tqvinh'),(344,'PC',1,'2020-01-03 21:06:37','tqvinh','2020-01-03 21:06:37','tqvinh'),(345,'PC',1,'2020-01-03 21:06:37','tqvinh','2020-01-03 21:06:37','tqvinh'),(346,'PC',1,'2020-01-03 21:06:37','tqvinh','2020-01-03 21:06:37','tqvinh'),(347,'PC',1,'2020-01-03 21:06:37','tqvinh','2020-01-03 21:06:37','tqvinh'),(348,'PC',1,'2020-01-03 21:06:37','tqvinh','2020-01-03 21:06:37','tqvinh'),(349,'PC',1,'2020-01-03 21:06:37','tqvinh','2020-01-03 21:06:37','tqvinh'),(350,'PC',1,'2020-01-03 21:06:37','tqvinh','2020-01-03 21:06:37','tqvinh'),(351,'PC',1,'2020-01-03 21:06:37','tqvinh','2020-01-03 21:06:37','tqvinh'),(352,'PC',1,'2020-01-03 21:06:37','tqvinh','2020-01-03 21:06:37','tqvinh'),(353,'PC',1,'2020-01-03 21:06:37','tqvinh','2020-01-03 21:06:37','tqvinh'),(354,'PC',1,'2020-01-03 21:06:37','tqvinh','2020-01-03 21:06:37','tqvinh'),(355,'PC',1,'2020-01-03 21:06:37','tqvinh','2020-01-03 21:06:37','tqvinh'),(356,'PC',1,'2020-01-03 21:06:37','tqvinh','2020-01-03 21:06:37','tqvinh'),(357,'PC',1,'2020-01-03 21:06:37','tqvinh','2020-01-03 21:06:37','tqvinh'),(358,'PC',1,'2020-01-03 21:06:37','tqvinh','2020-01-03 21:06:37','tqvinh'),(359,'PC',1,'2020-01-03 21:06:37','tqvinh','2020-01-03 21:06:37','tqvinh'),(360,'PC',1,'2020-01-03 21:06:37','tqvinh','2020-01-03 21:06:37','tqvinh'),(361,'PC',1,'2020-01-03 21:06:37','tqvinh','2020-01-03 21:06:37','tqvinh'),(362,'PC',1,'2020-01-03 21:06:37','tqvinh','2020-01-03 21:06:37','tqvinh'),(363,'PC',1,'2020-01-03 21:06:37','tqvinh','2020-01-03 21:06:37','tqvinh'),(364,'PC',1,'2020-01-03 21:06:37','tqvinh','2020-01-03 21:06:37','tqvinh'),(365,'PC',1,'2020-01-03 21:06:37','tqvinh','2020-01-03 21:06:37','tqvinh'),(366,'PC',1,'2020-01-03 21:06:37','tqvinh','2020-01-03 21:06:37','tqvinh'),(367,'PC',1,'2020-01-03 21:06:37','tqvinh','2020-01-03 21:06:37','tqvinh'),(368,'PC',1,'2020-01-03 21:06:37','tqvinh','2020-01-03 21:06:37','tqvinh'),(369,'PC',1,'2020-01-03 21:06:37','tqvinh','2020-01-03 21:06:37','tqvinh'),(370,'PC',1,'2020-01-03 21:06:37','tqvinh','2020-01-03 21:06:37','tqvinh'),(371,'PC',1,'2020-01-03 21:06:37','tqvinh','2020-01-03 21:06:37','tqvinh'),(372,'PC',1,'2020-01-03 21:06:37','tqvinh','2020-01-03 21:06:37','tqvinh'),(373,'PC',1,'2020-01-03 21:06:37','tqvinh','2020-01-03 21:06:37','tqvinh'),(374,'PC',1,'2020-01-03 21:06:37','tqvinh','2020-01-03 21:06:37','tqvinh'),(375,'PC',1,'2020-01-03 21:06:37','tqvinh','2020-01-03 21:06:37','tqvinh'),(376,'PC',1,'2020-01-03 21:06:37','tqvinh','2020-01-03 21:06:37','tqvinh'),(377,'PC',1,'2020-01-03 21:06:37','tqvinh','2020-01-03 21:06:37','tqvinh'),(378,'PC',1,'2020-01-03 21:06:37','tqvinh','2020-01-03 21:06:37','tqvinh'),(379,'PC',1,'2020-01-03 21:06:37','tqvinh','2020-01-03 21:06:37','tqvinh'),(380,'PC',1,'2020-01-03 21:06:37','tqvinh','2020-01-03 21:06:37','tqvinh'),(381,'PC',1,'2020-01-03 21:06:37','tqvinh','2020-01-03 21:06:37','tqvinh'),(382,'PC',1,'2020-01-03 21:06:37','tqvinh','2020-01-03 21:06:37','tqvinh'),(383,'PC',1,'2020-01-03 21:06:37','tqvinh','2020-01-03 21:06:37','tqvinh'),(384,'PC',1,'2020-01-03 21:06:37','tqvinh','2020-01-03 21:06:37','tqvinh'),(385,'PC',1,'2020-01-03 21:06:37','tqvinh','2020-01-03 21:06:37','tqvinh'),(386,'PC',1,'2020-01-03 21:06:37','tqvinh','2020-01-03 21:06:37','tqvinh'),(387,'PC',1,'2020-01-03 21:06:37','tqvinh','2020-01-03 21:06:37','tqvinh'),(388,'PC',1,'2020-01-03 21:06:37','tqvinh','2020-01-03 21:06:37','tqvinh'),(389,'PC',1,'2020-01-03 21:06:37','tqvinh','2020-01-03 21:06:37','tqvinh'),(390,'PC',1,'2020-01-03 21:06:37','tqvinh','2020-01-03 21:06:37','tqvinh'),(391,'PC',1,'2020-01-03 21:06:37','tqvinh','2020-01-03 21:06:37','tqvinh'),(392,'PC',1,'2020-01-03 21:06:37','tqvinh','2020-01-03 21:06:37','tqvinh'),(393,'PC',1,'2020-01-03 21:06:37','tqvinh','2020-01-03 21:06:37','tqvinh'),(394,'PC',1,'2020-01-03 21:06:37','tqvinh','2020-01-03 21:06:37','tqvinh'),(395,'PC',1,'2020-01-03 21:06:37','tqvinh','2020-01-03 21:06:37','tqvinh'),(396,'PC',1,'2020-01-03 21:06:37','tqvinh','2020-01-03 21:06:37','tqvinh'),(397,'PC',1,'2020-01-03 21:06:37','tqvinh','2020-01-03 21:06:37','tqvinh'),(398,'PC',1,'2020-01-03 21:06:37','tqvinh','2020-01-03 21:06:37','tqvinh'),(399,'PC',1,'2020-01-03 21:06:37','tqvinh','2020-01-03 21:06:37','tqvinh'),(400,'PC',1,'2020-01-03 21:06:37','tqvinh','2020-01-03 21:06:37','tqvinh'),(401,'PC',1,'2020-01-03 21:06:37','tqvinh','2020-01-03 21:06:37','tqvinh'),(402,'PC',1,'2020-01-03 21:06:37','tqvinh','2020-01-03 21:06:37','tqvinh'),(403,'PC',1,'2020-01-03 21:06:37','tqvinh','2020-01-03 21:06:37','tqvinh'),(404,'PC',1,'2020-01-03 21:06:37','tqvinh','2020-01-03 21:06:37','tqvinh'),(405,'PC',1,'2020-01-03 21:06:37','tqvinh','2020-01-03 21:06:37','tqvinh'),(406,'PC',1,'2020-01-03 21:06:37','tqvinh','2020-01-03 21:06:37','tqvinh'),(407,'PC',1,'2020-01-03 21:06:37','tqvinh','2020-01-03 21:06:37','tqvinh'),(408,'PC',1,'2020-01-03 21:06:37','tqvinh','2020-01-03 21:06:37','tqvinh'),(409,'PC',1,'2020-01-03 21:06:37','tqvinh','2020-01-03 21:06:37','tqvinh'),(410,'PC',1,'2020-01-03 21:06:37','tqvinh','2020-01-03 21:06:37','tqvinh'),(411,'PC',1,'2020-01-03 21:06:37','tqvinh','2020-01-03 21:06:37','tqvinh'),(412,'PC',1,'2020-01-03 21:06:37','tqvinh','2020-01-03 21:06:37','tqvinh'),(413,'PC',1,'2020-01-03 21:06:37','tqvinh','2020-01-03 21:06:37','tqvinh'),(414,'PC',1,'2020-01-03 21:06:37','tqvinh','2020-01-03 21:06:37','tqvinh'),(415,'PC',1,'2020-01-03 21:06:37','tqvinh','2020-01-03 21:06:37','tqvinh'),(416,'PC',1,'2020-01-03 21:06:37','tqvinh','2020-01-03 21:06:37','tqvinh'),(417,'PC',1,'2020-01-03 21:06:37','tqvinh','2020-01-03 21:06:37','tqvinh'),(418,'PC',1,'2020-01-03 21:06:37','tqvinh','2020-01-03 21:06:37','tqvinh'),(419,'PC',1,'2020-01-03 21:06:37','tqvinh','2020-01-03 21:06:37','tqvinh'),(420,'PC',1,'2020-01-03 21:06:37','tqvinh','2020-01-03 21:06:37','tqvinh'),(421,'PC',1,'2020-01-03 21:06:37','tqvinh','2020-01-03 21:06:37','tqvinh'),(422,'PC',1,'2020-01-03 21:06:37','tqvinh','2020-01-03 21:06:37','tqvinh'),(423,'PC',1,'2020-01-03 21:06:37','tqvinh','2020-01-03 21:06:37','tqvinh'),(424,'PC',1,'2020-01-03 21:06:37','tqvinh','2020-01-03 21:06:37','tqvinh'),(425,'Bảng từ',1,'2020-01-03 21:06:37','tqvinh','2020-01-03 21:06:37','tqvinh'),(426,'PC',1,'2020-01-03 21:06:37','tqvinh','2020-01-03 21:06:37','tqvinh'),(427,'PC',1,'2020-01-03 21:06:37','tqvinh','2020-01-03 21:06:37','tqvinh'),(428,'PC',1,'2020-01-03 21:06:37','tqvinh','2020-01-03 21:06:37','tqvinh'),(429,'PC',1,'2020-01-03 21:06:37','tqvinh','2020-01-03 21:06:37','tqvinh'),(430,'PC',1,'2020-01-03 21:06:37','tqvinh','2020-01-03 21:06:37','tqvinh'),(431,'PC',1,'2020-01-03 21:06:37','tqvinh','2020-01-03 21:06:37','tqvinh'),(432,'PC',1,'2020-01-03 21:06:37','tqvinh','2020-01-03 21:06:37','tqvinh'),(433,'PC',1,'2020-01-03 21:06:37','tqvinh','2020-01-03 21:06:37','tqvinh'),(434,'PC',1,'2020-01-03 21:06:37','tqvinh','2020-01-03 21:06:37','tqvinh'),(435,'PC',1,'2020-01-03 21:06:37','tqvinh','2020-01-03 21:06:37','tqvinh'),(436,'PC',1,'2020-01-03 21:06:37','tqvinh','2020-01-03 21:06:37','tqvinh'),(437,'PC',1,'2020-01-03 21:06:37','tqvinh','2020-01-03 21:06:37','tqvinh'),(438,'PC',1,'2020-01-03 21:06:37','tqvinh','2020-01-03 21:06:37','tqvinh'),(439,'PC',1,'2020-01-03 21:06:37','tqvinh','2020-01-03 21:06:37','tqvinh'),(440,'PC',1,'2020-01-03 21:06:37','tqvinh','2020-01-03 21:06:37','tqvinh'),(441,'PC',1,'2020-01-03 21:06:37','tqvinh','2020-01-03 21:06:37','tqvinh'),(442,'PC',1,'2020-01-03 21:06:37','tqvinh','2020-01-03 21:06:37','tqvinh'),(443,'PC',1,'2020-01-03 21:06:37','tqvinh','2020-01-03 21:06:37','tqvinh'),(444,'PC',1,'2020-01-03 21:06:37','tqvinh','2020-01-03 21:06:37','tqvinh'),(445,'PC',1,'2020-01-03 21:06:37','tqvinh','2020-01-03 21:06:37','tqvinh'),(446,'PC',1,'2020-01-03 21:06:37','tqvinh','2020-01-03 21:06:37','tqvinh'),(447,'PC',1,'2020-01-03 21:06:37','tqvinh','2020-01-03 21:06:37','tqvinh'),(448,'PC',1,'2020-01-03 21:06:37','tqvinh','2020-01-03 21:06:37','tqvinh'),(449,'PC',1,'2020-01-03 21:06:37','tqvinh','2020-01-03 21:06:37','tqvinh'),(450,'PC',1,'2020-01-03 21:06:37','tqvinh','2020-01-03 21:06:37','tqvinh'),(451,'PC',1,'2020-01-03 21:06:37','tqvinh','2020-01-03 21:06:37','tqvinh'),(452,'Máy in',1,'2020-01-03 21:06:37','tqvinh','2020-01-03 21:06:37','tqvinh'),(453,'Máy in',1,'2020-01-03 21:06:37','tqvinh','2020-01-03 21:06:37','tqvinh'),(454,'Máy in',1,'2020-01-03 21:06:37','tqvinh','2020-01-03 21:06:37','tqvinh'),(455,'Máy in',1,'2020-01-03 21:06:37','tqvinh','2020-01-03 21:06:37','tqvinh'),(456,'Máy in',1,'2020-01-03 21:06:37','tqvinh','2020-01-03 21:06:37','tqvinh'),(457,'Máy in',1,'2020-01-03 21:06:37','tqvinh','2020-01-03 21:06:37','tqvinh'),(458,'Quạt',1,'2020-01-03 21:06:37','tqvinh','2020-01-03 21:06:37','tqvinh'),(459,'Tủ mạng',1,'2020-01-03 21:06:37','tqvinh','2020-01-03 21:06:37','tqvinh'),(460,'Tủ mạng',1,'2020-01-03 21:06:37','tqvinh','2020-01-03 21:06:37','tqvinh'),(461,'Tủ mạng',1,'2020-01-03 21:06:37','tqvinh','2020-01-03 21:06:37','tqvinh'),(462,'Máy scan',1,'2020-01-03 21:06:37','tqvinh','2020-01-03 21:06:37','tqvinh'),(463,'Máy scan',1,'2020-01-03 21:06:37','tqvinh','2020-01-03 21:06:37','tqvinh'),(464,'Switch',1,'2020-01-03 21:06:37','tqvinh','2020-01-03 21:06:37','tqvinh'),(465,'Switch',1,'2020-01-03 21:06:37','tqvinh','2020-01-03 21:06:37','tqvinh'),(466,'Switch',1,'2020-01-03 21:06:37','tqvinh','2020-01-03 21:06:37','tqvinh'),(467,'Switch',1,'2020-01-03 21:06:37','tqvinh','2020-01-03 21:06:37','tqvinh'),(468,'Switch',1,'2020-01-03 21:06:37','tqvinh','2020-01-03 21:06:37','tqvinh'),(469,'Switch',1,'2020-01-03 21:06:37','tqvinh','2020-01-03 21:06:37','tqvinh'),(470,'Switch',1,'2020-01-03 21:06:37','tqvinh','2020-01-03 21:06:37','tqvinh'),(471,'Switch',1,'2020-01-03 21:06:37','tqvinh','2020-01-03 21:06:37','tqvinh'),(472,'Switch',1,'2020-01-03 21:06:37','tqvinh','2020-01-03 21:06:37','tqvinh'),(473,'Switch',1,'2020-01-03 21:06:37','tqvinh','2020-01-03 21:06:37','tqvinh'),(474,'Switch',1,'2020-01-03 21:06:37','tqvinh','2020-01-03 21:06:37','tqvinh'),(475,'Switch',1,'2020-01-03 21:06:37','tqvinh','2020-01-03 21:06:37','tqvinh'),(476,'Switch',1,'2020-01-03 21:06:37','tqvinh','2020-01-03 21:06:37','tqvinh'),(477,'Switch',1,'2020-01-03 21:06:37','tqvinh','2020-01-03 21:06:37','tqvinh'),(478,'Switch',1,'2020-01-03 21:06:37','tqvinh','2020-01-03 21:06:37','tqvinh'),(479,'Switch',1,'2020-01-03 21:06:37','tqvinh','2020-01-03 21:06:37','tqvinh'),(480,'Switch',1,'2020-01-03 21:06:37','tqvinh','2020-01-03 21:06:37','tqvinh'),(481,'Switch',1,'2020-01-03 21:06:37','tqvinh','2020-01-03 21:06:37','tqvinh'),(482,'Switch',1,'2020-01-03 21:06:37','tqvinh','2020-01-03 21:06:37','tqvinh'),(483,'Switch',1,'2020-01-03 21:06:37','tqvinh','2020-01-03 21:06:37','tqvinh'),(484,'Switch',1,'2020-01-03 21:06:37','tqvinh','2020-01-03 21:06:37','tqvinh'),(485,'Switch',1,'2020-01-03 21:06:37','tqvinh','2020-01-03 21:06:37','tqvinh'),(486,'Switch',1,'2020-01-03 21:06:37','tqvinh','2020-01-03 21:06:37','tqvinh'),(487,'Switch',1,'2020-01-03 21:06:37','tqvinh','2020-01-03 21:06:37','tqvinh'),(488,'Điện thoại bàn',1,'2020-01-03 21:06:37','tqvinh','2020-01-03 21:06:37','tqvinh'),(489,'Điện thoại bàn',1,'2020-01-03 21:06:37','tqvinh','2020-01-03 21:06:37','tqvinh'),(490,'Điện thoại bàn',1,'2020-01-03 21:06:37','tqvinh','2020-01-03 21:06:37','tqvinh'),(491,'Điện thoại bàn',1,'2020-01-03 21:06:37','tqvinh','2020-01-03 21:06:37','tqvinh'),(492,'Điện thoại bàn',1,'2020-01-03 21:06:37','tqvinh','2020-01-03 21:06:37','tqvinh'),(493,'Điện thoại bàn',1,'2020-01-03 21:06:37','tqvinh','2020-01-03 21:06:37','tqvinh'),(494,'Điện thoại bàn',1,'2020-01-03 21:06:37','tqvinh','2020-01-03 21:06:37','tqvinh'),(495,'Điện thoại bàn',1,'2020-01-03 21:06:37','tqvinh','2020-01-03 21:06:37','tqvinh'),(496,'Điện thoại bàn',1,'2020-01-03 21:06:37','tqvinh','2020-01-03 21:06:37','tqvinh'),(497,'Điện thoại bàn',1,'2020-01-03 21:06:37','tqvinh','2020-01-03 21:06:37','tqvinh'),(498,'Điện thoại bàn',1,'2020-01-03 21:06:37','tqvinh','2020-01-03 21:06:37','tqvinh'),(499,'Điện thoại bàn',1,'2020-01-03 21:06:37','tqvinh','2020-01-03 21:06:37','tqvinh'),(500,'Điện thoại bàn',1,'2020-01-03 21:06:37','tqvinh','2020-01-03 21:06:37','tqvinh'),(501,'Điện thoại bàn',1,'2020-01-03 21:06:37','tqvinh','2020-01-03 21:06:37','tqvinh'),(502,'Điện thoại bàn',1,'2020-01-03 21:06:37','tqvinh','2020-01-03 21:06:37','tqvinh'),(503,'Điện thoại bàn',1,'2020-01-03 21:06:37','tqvinh','2020-01-03 21:06:37','tqvinh'),(504,'Điện thoại bàn',1,'2020-01-03 21:06:37','tqvinh','2020-01-03 21:06:37','tqvinh'),(505,'Điện thoại bàn',1,'2020-01-03 21:06:37','tqvinh','2020-01-03 21:06:37','tqvinh'),(506,'Điện thoại bàn',1,'2020-01-03 21:06:37','tqvinh','2020-01-03 21:06:37','tqvinh'),(507,'Điện thoại bàn',1,'2020-01-03 21:06:37','tqvinh','2020-01-03 21:06:37','tqvinh'),(508,'Điện thoại bàn',1,'2020-01-03 21:06:37','tqvinh','2020-01-03 21:06:37','tqvinh'),(509,'Điện thoại bàn',1,'2020-01-03 21:06:37','tqvinh','2020-01-03 21:06:37','tqvinh'),(510,'Điện thoại bàn',1,'2020-01-03 21:06:37','tqvinh','2020-01-03 21:06:37','tqvinh'),(511,'Điện thoại bàn',1,'2020-01-03 21:06:37','tqvinh','2020-01-03 21:06:37','tqvinh'),(512,'Điện thoại bàn',1,'2020-01-03 21:06:37','tqvinh','2020-01-03 21:06:37','tqvinh'),(513,'Điện thoại bàn',1,'2020-01-03 21:06:37','tqvinh','2020-01-03 21:06:37','tqvinh'),(514,'Điện thoại bàn',1,'2020-01-03 21:06:37','tqvinh','2020-01-03 21:06:37','tqvinh'),(515,'Điện thoại bàn',1,'2020-01-03 21:06:37','tqvinh','2020-01-03 21:06:37','tqvinh'),(516,'Information',1,'2020-01-03 21:06:37','tqvinh','2020-01-03 21:06:37','tqvinh'),(517,'Điện thoại bàn',1,'2020-01-03 21:06:37','tqvinh','2020-01-03 21:06:37','tqvinh'),(518,'Điện thoại bàn',1,'2020-01-03 21:06:37','tqvinh','2020-01-03 21:06:37','tqvinh'),(519,'Điện thoại bàn',1,'2020-01-03 21:06:37','tqvinh','2020-01-03 21:06:37','tqvinh'),(520,'Điện thoại bàn',1,'2020-01-03 21:06:37','tqvinh','2020-01-03 21:06:37','tqvinh'),(521,'Điện thoại bàn',1,'2020-01-03 21:06:37','tqvinh','2020-01-03 21:06:37','tqvinh'),(522,'Điện thoại bàn',1,'2020-01-03 21:06:37','tqvinh','2020-01-03 21:06:37','tqvinh'),(528,'Camera',1,'2020-01-03 21:06:37','tqvinh','2020-01-03 21:06:37','tqvinh'),(529,'Camera',1,'2020-01-03 21:06:37','tqvinh','2020-01-03 21:06:37','tqvinh'),(530,'Camera',1,'2020-01-03 21:06:37','tqvinh','2020-01-03 21:06:37','tqvinh'),(534,'Camera',1,'2020-01-03 21:06:37','tqvinh','2020-01-03 21:06:37','tqvinh'),(535,'Camera',1,'2020-01-03 21:06:37','tqvinh','2020-01-03 21:06:37','tqvinh'),(536,'Information',1,'2020-01-03 21:06:37','tqvinh','2020-01-03 21:06:37','tqvinh'),(537,'Software',1,'2020-01-03 21:06:37','tqvinh','2020-01-03 21:06:37','tqvinh'),(544,'Linh Kiện',1,'2020-01-03 21:06:37','tqvinh','2020-01-03 21:06:37','tqvinh'),(545,'Linh Kiện',1,'2020-01-03 21:06:37','tqvinh','2020-01-03 21:06:37','tqvinh'),(546,'Linh Kiện',1,'2020-01-03 21:06:37','tqvinh','2020-01-03 21:06:37','tqvinh'),(547,'Linh Kiện',1,'2020-01-03 21:06:37','tqvinh','2020-01-03 21:06:37','tqvinh'),(548,'Linh Kiện',1,'2020-01-03 21:06:37','tqvinh','2020-01-03 21:06:37','tqvinh'),(549,'Linh Kiện',1,'2020-01-03 21:06:37','tqvinh','2020-01-03 21:06:37','tqvinh'),(550,'Linh Kiện',1,'2020-01-03 21:06:37','tqvinh','2020-01-03 21:06:37','tqvinh'),(551,'Linh Kiện',1,'2020-01-03 21:06:37','tqvinh','2020-01-03 21:06:37','tqvinh'),(552,'Linh Kiện',1,'2020-01-03 21:06:37','tqvinh','2020-01-03 21:06:37','tqvinh'),(553,'Linh Kiện',1,'2020-01-03 21:06:37','tqvinh','2020-01-03 21:06:37','tqvinh'),(587,'PC',1,'2020-01-03 21:06:37','tqvinh','2020-01-03 21:06:37','tqvinh'),(618,NULL,1,'2020-01-03 21:06:37','tqvinh','2020-01-03 21:06:37','tqvinh'),(627,NULL,1,'2020-01-03 21:06:37','tqvinh','2020-01-03 21:06:37','tqvinh'),(628,NULL,1,'2020-01-03 21:06:37','tqvinh','2020-01-03 21:06:37','tqvinh'),(629,NULL,1,'2020-01-03 21:06:37','tqvinh','2020-01-03 21:06:37','tqvinh'),(630,NULL,1,'2020-01-03 21:06:37','tqvinh','2020-01-03 21:06:37','tqvinh'),(631,NULL,1,'2020-01-03 21:06:37','tqvinh','2020-01-03 21:06:37','tqvinh'),(632,NULL,1,'2020-01-03 21:06:37','tqvinh','2020-01-03 21:06:37','tqvinh'),(633,NULL,1,'2020-01-03 21:06:37','tqvinh','2020-01-03 21:06:37','tqvinh'),(634,NULL,1,'2020-01-03 21:06:37','tqvinh','2020-01-03 21:06:37','tqvinh'),(635,NULL,1,'2020-01-03 21:06:37','tqvinh','2020-01-03 21:06:37','tqvinh'),(636,NULL,1,'2020-01-03 21:06:37','tqvinh','2020-01-03 21:06:37','tqvinh'),(637,NULL,1,'2020-01-03 21:06:37','tqvinh','2020-01-03 21:06:37','tqvinh'),(638,NULL,1,'2020-01-03 21:06:37','tqvinh','2020-01-03 21:06:37','tqvinh'),(639,NULL,1,'2020-01-03 21:06:37','tqvinh','2020-01-03 21:06:37','tqvinh'),(640,NULL,1,'2020-01-03 21:06:37','tqvinh','2020-01-03 21:06:37','tqvinh'),(661,NULL,1,'2020-01-03 21:06:37','tqvinh','2020-01-03 21:06:37','tqvinh'),(662,NULL,1,'2020-01-03 21:06:37','tqvinh','2020-01-03 21:06:37','tqvinh'),(663,NULL,1,'2020-01-03 21:06:37','tqvinh','2020-01-03 21:06:37','tqvinh'),(664,NULL,1,'2020-01-03 21:06:37','tqvinh','2020-01-03 21:06:37','tqvinh'),(665,NULL,1,'2020-01-03 21:06:37','tqvinh','2020-01-03 21:06:37','tqvinh'),(666,NULL,1,'2020-01-03 21:06:37','tqvinh','2020-01-03 21:06:37','tqvinh'),(667,NULL,1,'2020-01-03 21:06:37','tqvinh','2020-01-03 21:06:37','tqvinh'),(668,NULL,1,'2020-01-03 21:06:37','tqvinh','2020-01-03 21:06:37','tqvinh'),(669,NULL,1,'2020-01-03 21:06:37','tqvinh','2020-01-03 21:06:37','tqvinh'),(670,NULL,1,'2020-01-03 21:06:37','tqvinh','2020-01-03 21:06:37','tqvinh'),(723,'string',1,'2020-01-09 16:15:16','mhduong','2020-01-09 16:15:16','mhduong'),(724,'Không có',1,'2020-01-09 16:16:41','mhduong','2020-01-09 16:16:41','mhduong'),(725,'hello',1,'2020-01-09 16:23:14','mhduong','2020-01-09 16:23:14','mhduong'),(726,'hello 5',1,'2020-01-09 16:24:03','mhduong','2020-01-09 16:24:03','mhduong'),(727,'test CIA 1',1,'2020-01-09 16:41:40','mhduong','2020-01-09 16:41:40','mhduong'),(728,'test CIA 2',1,'2020-01-09 16:42:45','mhduong','2020-01-09 16:42:45','mhduong'),(729,'jfhg',1,'2020-01-09 16:48:15','mhduong','2020-01-09 16:48:15','mhduong');
/*!40000 ALTER TABLE `Risk_General` ENABLE KEYS */;
UNLOCK TABLES;

--
-- Table structure for table `Risk_History`
--

DROP TABLE IF EXISTS `Risk_History`;
/*!40101 SET @saved_cs_client     = @@character_set_client */;
/*!50503 SET character_set_client = utf8mb4 */;
CREATE TABLE `Risk_History` (
  `id` varchar(36) NOT NULL,
  `risk_asset_id` int(11) NOT NULL,
  `field_name` varchar(200) NOT NULL,
  `old_value` varchar(200) DEFAULT NULL,
  `new_value` varchar(200) DEFAULT NULL,
  `actor` varchar(45) NOT NULL,
  `date` timestamp NOT NULL,
  `created_date` timestamp NULL DEFAULT NULL,
  `created_user` varchar(45) DEFAULT NULL,
  `updated_date` timestamp NULL DEFAULT NULL,
  `updated_user` varchar(45) DEFAULT NULL,
  PRIMARY KEY (`id`)
) ENGINE=InnoDB DEFAULT CHARSET=utf8mb4 COLLATE=utf8mb4_0900_ai_ci;
/*!40101 SET character_set_client = @saved_cs_client */;

--
-- Dumping data for table `Risk_History`
--

LOCK TABLES `Risk_History` WRITE;
/*!40000 ALTER TABLE `Risk_History` DISABLE KEYS */;
INSERT INTO `Risk_History` VALUES ('d5524c5e-b549-41be-a3b4-5e820f7cad81',1,'Abc','hello_old','hello_new','bmthin','2019-12-18 19:19:46',NULL,NULL,NULL,NULL);
/*!40000 ALTER TABLE `Risk_History` ENABLE KEYS */;
UNLOCK TABLES;

--
-- Table structure for table `Risk_MSTR`
--

DROP TABLE IF EXISTS `Risk_MSTR`;
/*!40101 SET @saved_cs_client     = @@character_set_client */;
/*!50503 SET character_set_client = utf8mb4 */;
CREATE TABLE `Risk_MSTR` (
  `id` int(11) NOT NULL AUTO_INCREMENT,
  `type` int(11) NOT NULL,
  `type_name` varchar(250) NOT NULL,
  `value_number` int(11) NOT NULL,
  `name` varchar(250) DEFAULT NULL,
  PRIMARY KEY (`id`)
) ENGINE=InnoDB AUTO_INCREMENT=21 DEFAULT CHARSET=utf8mb4 COLLATE=utf8mb4_0900_ai_ci;
/*!40101 SET character_set_client = @saved_cs_client */;

--
-- Dumping data for table `Risk_MSTR`
--

LOCK TABLES `Risk_MSTR` WRITE;
/*!40000 ALTER TABLE `Risk_MSTR` DISABLE KEYS */;
INSERT INTO `Risk_MSTR` VALUES (1,1,'Risk Status',1,'Open'),(2,1,'Risk Status',2,'Pending Review'),(3,1,'Risk Status',3,'Pending Approval'),(4,1,'Risk Status',4,'Approved'),(5,1,'Risk Status',5,'In Progress'),(6,1,'Risk Status',6,'Done'),(7,1,'Risk Status',7,'Closed'),(8,2,'Handling Option',1,'Reduce'),(9,2,'Handling Option',2,'Accept'),(10,2,'Handling Option',3,'Avoid'),(11,2,'Handling Option',4,'Transfer'),(12,3,'Asset Type',1,'Physical'),(13,3,'Asset Type',2,'Information'),(14,3,'Asset Type',3,'Software'),(15,3,'Asset Type',4,'Service'),(16,3,'Asset Type',5,'Other'),(17,4,'Risk Value',1,'1'),(18,4,'Risk Value',2,'2'),(19,4,'Risk Value',3,'3'),(20,4,'Risk Value',4,'4');
/*!40000 ALTER TABLE `Risk_MSTR` ENABLE KEYS */;
UNLOCK TABLES;

--
-- Table structure for table `Site`
--

DROP TABLE IF EXISTS `Site`;
/*!40101 SET @saved_cs_client     = @@character_set_client */;
/*!50503 SET character_set_client = utf8mb4 */;
CREATE TABLE `Site` (
  `site_id` int(11) NOT NULL AUTO_INCREMENT,
  `seq_num` int(11) NOT NULL,
  `site_name` varchar(250) NOT NULL,
  `address` varchar(250) NOT NULL,
  `assignee` varchar(45) DEFAULT NULL,
  `is_default` tinyint(1) NOT NULL,
  PRIMARY KEY (`site_id`)
) ENGINE=InnoDB AUTO_INCREMENT=11 DEFAULT CHARSET=utf8mb4 COLLATE=utf8mb4_0900_ai_ci;
/*!40101 SET character_set_client = @saved_cs_client */;

--
-- Dumping data for table `Site`
--

LOCK TABLES `Site` WRITE;
/*!40000 ALTER TABLE `Site` DISABLE KEYS */;
INSERT INTO `Site` VALUES (1,4,'Hà Nội','17 - Duy Tân - Cầu Giấy','nthung',1),(2,7,'Đà Nẵng','Quận Ngũ Hành Sơn','hvphuong',0),(3,3,'Hồ Chí Minh','Quận 1','ndvan',0),(6,6,'Côn Đảo','Côn Đảo','ldhai',0),(7,5,'Cà Mau','Cà Mau','bbtruong',0);
/*!40000 ALTER TABLE `Site` ENABLE KEYS */;
UNLOCK TABLES;

--
-- Table structure for table `Supplier`
--

DROP TABLE IF EXISTS `Supplier`;
/*!40101 SET @saved_cs_client     = @@character_set_client */;
/*!50503 SET character_set_client = utf8mb4 */;
CREATE TABLE `Supplier` (
  `id` int(11) NOT NULL AUTO_INCREMENT,
  `supplier_name` varchar(250) NOT NULL,
  `notes` varchar(45) DEFAULT NULL,
  PRIMARY KEY (`id`)
) ENGINE=InnoDB AUTO_INCREMENT=18 DEFAULT CHARSET=utf8mb4 COLLATE=utf8mb4_0900_ai_ci;
/*!40101 SET character_set_client = @saved_cs_client */;

--
-- Dumping data for table `Supplier`
--

LOCK TABLES `Supplier` WRITE;
/*!40000 ALTER TABLE `Supplier` DISABLE KEYS */;
INSERT INTO `Supplier` VALUES (1,'CMC Soft',NULL),(2,'Mr Việt',NULL),(3,'Ben Computer',NULL),(4,'Thế giới di động',NULL),(5,'An Việt',NULL),(6,'Bền',NULL),(8,'CT CP Giải pháp mạng viễn thông Hồng Quang',NULL),(9,'Công ty TNHH Một thành viên Việt Đức Trí',NULL);
/*!40000 ALTER TABLE `Supplier` ENABLE KEYS */;
UNLOCK TABLES;
/*!40103 SET TIME_ZONE=@OLD_TIME_ZONE */;

/*!40101 SET SQL_MODE=@OLD_SQL_MODE */;
/*!40014 SET FOREIGN_KEY_CHECKS=@OLD_FOREIGN_KEY_CHECKS */;
/*!40014 SET UNIQUE_CHECKS=@OLD_UNIQUE_CHECKS */;
/*!40101 SET CHARACTER_SET_CLIENT=@OLD_CHARACTER_SET_CLIENT */;
/*!40101 SET CHARACTER_SET_RESULTS=@OLD_CHARACTER_SET_RESULTS */;
/*!40101 SET COLLATION_CONNECTION=@OLD_COLLATION_CONNECTION */;
/*!40111 SET SQL_NOTES=@OLD_SQL_NOTES */;

-- Dump completed on 2020-01-09 22:23:33
